escrow_id,order_id,escrow_amount_inr,status,funded_date,released_date
ESC-6001,ORD-7173,22059.19,Disputed,2025-09-02,
ESC-6002,ORD-6532,36741.06,Released,2025-06-19,2025-06-24
ESC-6003,ORD-6735,104208.03,Funded,2025-03-11,
ESC-6004,ORD-7451,102141.68,In Inspection,2025-09-09,
ESC-6005,ORD-6039,73308.04,Funded,2025-02-28,
ESC-6006,ORD-5764,84883.25,Released,2025-04-11,2025-04-18
ESC-6007,ORD-6509,20527.52,Released,2025-10-20,2025-10-25
ESC-6008,ORD-5523,22773.12,Released,2025-02-12,2025-02-22
ESC-6009,ORD-6885,77825.77,Released,2025-01-05,2025-01-11
ESC-6010,ORD-7326,98525.84,Disputed,2025-08-13,
ESC-6011,ORD-6530,125883.42,Disputed,2025-01-29,
ESC-6012,ORD-6296,50534.37,Released,2025-09-11,2025-09-25
ESC-6013,ORD-6977,117693.77,In Inspection,2025-02-10,
ESC-6014,ORD-6879,46846.7,Funded,2025-03-06,
ESC-6015,ORD-6234,33723.23,Disputed,2025-06-13,
ESC-6016,ORD-5846,54086.97,In Inspection,2025-02-09,
ESC-6017,ORD-5282,104265.29,Released,2025-06-30,2025-07-03
ESC-6018,ORD-7407,23256.57,Released,2025-03-22,2025-03-25
ESC-6019,ORD-6113,78546.46,Disputed,2025-04-07,
ESC-6020,ORD-6559,89749.81,Released,2025-08-19,2025-09-01
ESC-6021,ORD-6444,148792.17,Released,2025-05-12,2025-05-18
ESC-6022,ORD-5818,87551.14,Released,2025-10-02,2025-10-11
ESC-6023,ORD-6887,146530.89,In Inspection,2025-10-02,
ESC-6024,ORD-6292,50365.68,Released,2025-10-21,2025-10-28
ESC-6025,ORD-5934,116666.58,In Inspection,2025-05-20,
ESC-6026,ORD-6090,120775.16,Funded,2025-02-04,
ESC-6027,ORD-5065,46726.69,Released,2025-08-31,2025-09-07
ESC-6028,ORD-5791,53949.14,In Inspection,2025-03-18,
ESC-6029,ORD-5470,138321.32,Funded,2025-02-24,
ESC-6030,ORD-7149,120455.2,In Inspection,2025-10-07,
ESC-6031,ORD-6703,92666.11,In Inspection,2025-02-28,
ESC-6032,ORD-5878,144009.32,Disputed,2025-10-28,
ESC-6033,ORD-6006,57032.36,Released,2025-04-18,2025-04-29
ESC-6034,ORD-6257,119994.75,Disputed,2025-02-09,
ESC-6035,ORD-5413,15650.0,Disputed,2025-09-13,
ESC-6036,ORD-5154,128625.94,Released,2025-08-23,2025-08-31
ESC-6037,ORD-6621,10348.57,Funded,2025-07-30,
ESC-6038,ORD-6173,126630.5,Disputed,2025-03-24,
ESC-6039,ORD-6575,30138.02,Released,2025-06-15,2025-06-22
ESC-6040,ORD-6705,148398.55,Funded,2025-04-02,
ESC-6041,ORD-5506,125003.02,Released,2025-05-09,2025-05-18
ESC-6042,ORD-5695,23752.69,Released,2025-10-19,2025-10-26
ESC-6043,ORD-5017,74803.24,Funded,2025-08-16,
ESC-6044,ORD-6009,100795.18,Released,2025-05-22,2025-05-31
ESC-6045,ORD-6569,137177.77,In Inspection,2025-06-24,
ESC-6046,ORD-6062,72161.95,Funded,2025-01-26,
ESC-6047,ORD-6709,9981.75,Released,2025-10-20,2025-10-31
ESC-6048,ORD-5316,10092.02,In Inspection,2025-07-03,
ESC-6049,ORD-5444,60199.48,Released,2025-03-10,2025-03-14
ESC-6050,ORD-6064,95780.01,Disputed,2025-02-13,
ESC-6051,ORD-5727,2567.12,Released,2025-03-26,2025-04-02
ESC-6052,ORD-5438,74421.66,Released,2025-02-04,2025-02-13
ESC-6053,ORD-7108,8636.76,In Inspection,2025-06-22,
ESC-6054,ORD-6787,39831.19,Funded,2025-09-28,
ESC-6055,ORD-6376,42297.36,Released,2025-04-22,2025-05-05
ESC-6056,ORD-5808,66625.71,Released,2025-01-07,2025-01-12
ESC-6057,ORD-7122,52730.26,In Inspection,2025-02-04,
ESC-6058,ORD-6347,135956.65,Disputed,2025-06-13,
ESC-6059,ORD-7261,19694.49,Disputed,2025-02-20,
ESC-6060,ORD-6529,109736.5,In Inspection,2025-03-29,
ESC-6061,ORD-7318,11282.81,Released,2025-04-01,2025-04-15
ESC-6062,ORD-6246,89915.69,Released,2025-02-13,2025-02-25
ESC-6063,ORD-5476,97360.94,Funded,2025-05-25,
ESC-6064,ORD-5656,86638.27,In Inspection,2025-05-19,
ESC-6065,ORD-7064,19153.2,Funded,2025-05-26,
ESC-6066,ORD-5029,113284.25,Released,2025-09-20,2025-09-28
ESC-6067,ORD-6626,135438.87,In Inspection,2025-04-08,
ESC-6068,ORD-7378,20347.07,Released,2025-07-31,2025-08-08
ESC-6069,ORD-5631,3343.93,Funded,2025-03-25,
ESC-6070,ORD-5126,18440.71,Released,2025-01-22,2025-01-27
ESC-6071,ORD-5212,93843.77,In Inspection,2025-06-04,
ESC-6072,ORD-6259,66786.37,In Inspection,2025-09-20,
ESC-6073,ORD-7133,60173.05,Released,2025-06-02,2025-06-13
ESC-6074,ORD-5304,104427.18,Released,2025-08-26,2025-08-31
ESC-6075,ORD-7458,20882.08,Disputed,2025-07-17,
ESC-6076,ORD-6873,133320.0,Released,2025-02-22,2025-03-03
ESC-6077,ORD-6279,143597.3,Disputed,2025-10-23,
ESC-6078,ORD-5507,149431.25,Released,2025-04-08,2025-04-13
ESC-6079,ORD-5466,85062.6,Funded,2025-02-18,
ESC-6080,ORD-5403,30626.49,In Inspection,2025-06-11,
ESC-6081,ORD-5563,34614.92,Released,2025-07-26,2025-08-06
ESC-6082,ORD-5700,133363.68,Released,2025-05-29,2025-06-03
ESC-6083,ORD-7225,39479.08,Disputed,2025-01-07,
ESC-6084,ORD-5514,24263.84,Disputed,2025-05-09,
ESC-6085,ORD-6617,28187.92,Released,2025-09-02,2025-09-06
ESC-6086,ORD-5995,149863.13,Released,2025-01-06,2025-01-11
ESC-6087,ORD-6283,38917.31,Released,2025-03-23,2025-03-29
ESC-6088,ORD-7200,65027.0,Funded,2025-08-18,
ESC-6089,ORD-6942,59267.61,Released,2025-03-10,2025-03-22
ESC-6090,ORD-5811,98642.39,Disputed,2025-10-02,
ESC-6091,ORD-7022,96869.28,Released,2025-07-22,2025-08-01
ESC-6092,ORD-6239,10141.83,In Inspection,2025-09-13,
ESC-6093,ORD-6994,129830.57,Funded,2025-01-21,
ESC-6094,ORD-6839,98417.58,Released,2025-05-30,2025-06-13
ESC-6095,ORD-5213,5518.46,Released,2025-01-19,2025-01-27
ESC-6096,ORD-5300,5253.83,Disputed,2025-09-10,
ESC-6097,ORD-5593,44339.45,Released,2025-03-12,2025-03-20
ESC-6098,ORD-6133,29469.91,Released,2025-05-29,2025-06-02
ESC-6099,ORD-6790,112378.86,Disputed,2025-09-30,
ESC-6100,ORD-7428,101459.5,In Inspection,2025-04-02,
ESC-6101,ORD-6989,149718.15,Released,2025-04-30,2025-05-12
ESC-6102,ORD-7257,49561.74,Released,2025-04-23,2025-05-04
ESC-6103,ORD-5424,121228.34,Released,2025-09-19,2025-10-01
ESC-6104,ORD-5782,136405.76,Disputed,2025-04-09,
ESC-6105,ORD-5682,117117.28,Released,2025-10-09,2025-10-22
ESC-6106,ORD-6747,78605.99,Released,2025-01-21,2025-01-28
ESC-6107,ORD-5740,98480.24,Released,2025-06-30,2025-07-10
ESC-6108,ORD-5947,14163.3,In Inspection,2025-07-08,
ESC-6109,ORD-7371,37201.54,Funded,2025-08-07,
ESC-6110,ORD-7370,89992.69,Disputed,2025-02-11,
ESC-6111,ORD-5784,49515.4,Released,2025-08-28,2025-09-11
ESC-6112,ORD-5234,53561.69,Released,2025-01-02,2025-01-12
ESC-6113,ORD-6964,57806.05,Disputed,2025-10-13,
ESC-6114,ORD-7260,138026.97,Released,2025-10-17,2025-10-24
ESC-6115,ORD-7367,92389.69,Released,2025-04-12,2025-04-20
ESC-6116,ORD-6869,58238.01,Released,2025-08-01,2025-08-06
ESC-6117,ORD-5290,37557.82,Funded,2025-06-16,
ESC-6118,ORD-7371,55364.44,In Inspection,2025-05-12,
ESC-6119,ORD-7263,43722.36,Released,2025-05-23,2025-06-06
ESC-6120,ORD-5702,26525.29,Released,2025-10-26,2025-11-03
ESC-6121,ORD-6379,17371.19,Released,2025-01-18,2025-02-01
ESC-6122,ORD-6342,92819.22,Released,2025-05-31,2025-06-04
ESC-6123,ORD-7384,63486.9,Disputed,2025-07-01,
ESC-6124,ORD-5450,138306.05,Disputed,2025-02-20,
ESC-6125,ORD-5107,90505.92,Released,2025-06-08,2025-06-16
ESC-6126,ORD-5440,101697.35,Released,2025-04-28,2025-05-07
ESC-6127,ORD-6457,110784.86,Funded,2025-06-21,
ESC-6128,ORD-5125,39641.8,Released,2025-05-02,2025-05-12
ESC-6129,ORD-5584,23248.35,Released,2025-03-10,2025-03-19
ESC-6130,ORD-6995,126883.52,Released,2025-01-21,2025-02-04
ESC-6131,ORD-5814,132819.16,Disputed,2025-03-30,
ESC-6132,ORD-5887,95911.89,In Inspection,2025-02-27,
ESC-6133,ORD-5574,78603.29,Released,2025-02-02,2025-02-13
ESC-6134,ORD-7336,113142.22,Released,2025-06-07,2025-06-20
ESC-6135,ORD-6816,111904.23,Disputed,2025-06-13,
ESC-6136,ORD-5570,143247.12,Funded,2025-02-06,
ESC-6137,ORD-5661,67582.28,Released,2025-10-25,2025-11-03
ESC-6138,ORD-6001,114219.46,Released,2025-04-22,2025-04-26
ESC-6139,ORD-5360,47607.45,Released,2025-05-03,2025-05-07
ESC-6140,ORD-5067,149455.96,In Inspection,2025-07-26,
ESC-6141,ORD-5664,146163.38,Funded,2025-08-10,
ESC-6142,ORD-6370,117766.77,In Inspection,2025-05-13,
ESC-6143,ORD-5108,6445.78,In Inspection,2025-02-18,
ESC-6144,ORD-7087,120672.06,Released,2025-08-02,2025-08-09
ESC-6145,ORD-7242,142895.67,Disputed,2025-02-17,
ESC-6146,ORD-5154,137860.05,Released,2025-02-04,2025-02-15
ESC-6147,ORD-5627,47421.35,Disputed,2025-05-10,
ESC-6148,ORD-5098,82736.07,Released,2025-01-24,2025-01-29
ESC-6149,ORD-7121,41114.12,Released,2025-02-02,2025-02-11
ESC-6150,ORD-7254,71910.86,Released,2025-04-09,2025-04-14
ESC-6151,ORD-5264,44028.46,In Inspection,2025-10-21,
ESC-6152,ORD-6959,129627.15,Funded,2025-04-18,
ESC-6153,ORD-5526,144490.17,Released,2025-04-07,2025-04-20
ESC-6154,ORD-6276,100483.01,Released,2025-04-20,2025-05-04
ESC-6155,ORD-5840,47751.07,Released,2025-02-23,2025-02-26
ESC-6156,ORD-6685,55780.43,Funded,2025-01-11,
ESC-6157,ORD-6206,126909.68,Funded,2025-02-03,
ESC-6158,ORD-5050,95278.41,Funded,2025-04-13,
ESC-6159,ORD-5500,37075.9,Released,2025-06-20,2025-07-04
ESC-6160,ORD-6865,86755.64,Released,2025-01-25,2025-02-08
ESC-6161,ORD-6935,114576.29,Released,2025-03-07,2025-03-20
ESC-6162,ORD-5951,90527.41,Released,2025-08-05,2025-08-19
ESC-6163,ORD-6902,21745.34,Funded,2025-09-08,
ESC-6164,ORD-6548,119749.36,Funded,2025-09-25,
ESC-6165,ORD-7458,133955.29,In Inspection,2025-10-26,
ESC-6166,ORD-7271,75780.52,In Inspection,2025-08-21,
ESC-6167,ORD-7012,64969.1,Disputed,2025-08-13,
ESC-6168,ORD-6520,130053.31,Released,2025-09-14,2025-09-24
ESC-6169,ORD-6904,99301.56,Released,2025-04-20,2025-05-02
ESC-6170,ORD-7200,14893.62,In Inspection,2025-04-25,
ESC-6171,ORD-6870,97375.4,Released,2025-01-22,2025-01-29
ESC-6172,ORD-7076,72791.35,Funded,2025-05-21,
ESC-6173,ORD-6480,19744.09,Released,2025-06-13,2025-06-21
ESC-6174,ORD-7054,62958.66,In Inspection,2025-02-13,
ESC-6175,ORD-6869,124674.13,Released,2025-05-24,2025-05-28
ESC-6176,ORD-7206,84439.29,Disputed,2025-01-16,
ESC-6177,ORD-7043,144371.46,In Inspection,2025-07-26,
ESC-6178,ORD-6277,109867.36,Funded,2025-05-07,
ESC-6179,ORD-5439,53805.81,Released,2025-06-13,2025-06-24
ESC-6180,ORD-6358,93922.92,In Inspection,2025-02-24,
ESC-6181,ORD-7210,96540.11,Released,2025-07-20,2025-08-03
ESC-6182,ORD-5575,7362.81,Released,2025-06-06,2025-06-18
ESC-6183,ORD-5784,115663.09,In Inspection,2025-04-04,
ESC-6184,ORD-6836,14469.65,In Inspection,2025-06-11,
ESC-6185,ORD-6031,7086.77,Released,2025-04-27,2025-05-08
ESC-6186,ORD-6287,127497.4,Released,2025-01-05,2025-01-10
ESC-6187,ORD-5224,111485.03,Disputed,2025-02-08,
ESC-6188,ORD-6455,31589.92,In Inspection,2025-05-23,
ESC-6189,ORD-5762,10637.55,Released,2025-07-03,2025-07-16
ESC-6190,ORD-6427,108550.8,Released,2025-06-13,2025-06-20
ESC-6191,ORD-6157,140703.06,Funded,2025-08-19,
ESC-6192,ORD-7115,106960.44,Disputed,2025-07-31,
ESC-6193,ORD-6868,71527.65,In Inspection,2025-09-27,
ESC-6194,ORD-7204,145877.08,In Inspection,2025-03-26,
ESC-6195,ORD-5555,146305.8,Funded,2025-01-17,
ESC-6196,ORD-5159,69690.95,Released,2025-01-05,2025-01-12
ESC-6197,ORD-5089,115931.7,In Inspection,2025-06-08,
ESC-6198,ORD-7026,114572.63,Funded,2025-03-05,
ESC-6199,ORD-5712,46019.16,Funded,2025-08-16,
ESC-6200,ORD-6504,101128.31,In Inspection,2025-01-08,
ESC-6201,ORD-6145,16479.81,Funded,2025-06-09,
ESC-6202,ORD-7261,65559.7,Released,2025-02-11,2025-02-22
ESC-6203,ORD-6714,40424.04,Released,2025-03-18,2025-03-27
ESC-6204,ORD-5517,116014.66,Released,2025-09-12,2025-09-15
ESC-6205,ORD-6060,85535.27,Released,2025-08-29,2025-09-02
ESC-6206,ORD-5471,121267.65,Funded,2025-09-15,
ESC-6207,ORD-6898,71264.68,Funded,2025-04-29,
ESC-6208,ORD-5993,25661.95,Released,2025-01-25,2025-02-08
ESC-6209,ORD-6169,99792.99,Released,2025-01-15,2025-01-25
ESC-6210,ORD-6001,22354.06,Released,2025-08-05,2025-08-16
ESC-6211,ORD-7320,148801.94,Released,2025-05-12,2025-05-24
ESC-6212,ORD-5246,113827.5,Disputed,2025-01-30,
ESC-6213,ORD-6069,120218.99,Released,2025-09-20,2025-09-24
ESC-6214,ORD-6901,67740.8,In Inspection,2025-09-14,
ESC-6215,ORD-7417,87078.81,Released,2025-07-26,2025-08-07
ESC-6216,ORD-5659,44335.4,Funded,2025-05-25,
ESC-6217,ORD-7161,20378.77,Disputed,2025-04-09,
ESC-6218,ORD-5243,16253.57,Released,2025-05-28,2025-06-03
ESC-6219,ORD-5557,39000.43,Released,2025-07-02,2025-07-16
ESC-6220,ORD-6553,122799.62,Funded,2025-09-19,
ESC-6221,ORD-5511,26992.54,Released,2025-02-11,2025-02-21
ESC-6222,ORD-5233,5682.16,Released,2025-05-04,2025-05-14
ESC-6223,ORD-6110,31677.04,Released,2025-07-01,2025-07-10
ESC-6224,ORD-6922,46162.66,Disputed,2025-06-19,
ESC-6225,ORD-5861,58541.52,Released,2025-02-16,2025-03-01
ESC-6226,ORD-5635,32811.96,Funded,2025-06-22,
ESC-6227,ORD-6057,18610.06,Funded,2025-02-28,
ESC-6228,ORD-7425,125805.17,Funded,2025-03-12,
ESC-6229,ORD-5114,58429.17,Released,2025-02-22,2025-02-28
ESC-6230,ORD-6647,98318.25,Released,2025-01-28,2025-01-31
ESC-6231,ORD-6477,130993.63,Released,2025-02-08,2025-02-21
ESC-6232,ORD-6267,41554.81,Disputed,2025-08-06,
ESC-6233,ORD-6793,98962.91,Released,2025-07-07,2025-07-13
ESC-6234,ORD-7296,41663.34,Released,2025-06-11,2025-06-20
ESC-6235,ORD-5492,20744.8,Released,2025-02-25,2025-03-10
ESC-6236,ORD-6281,101041.13,In Inspection,2025-10-20,
ESC-6237,ORD-6275,42344.87,Released,2025-07-31,2025-08-14
ESC-6238,ORD-5350,81255.92,Released,2025-06-11,2025-06-17
ESC-6239,ORD-6797,115070.33,Released,2025-10-02,2025-10-07
ESC-6240,ORD-6645,80670.25,Disputed,2025-07-08,
ESC-6241,ORD-5246,81243.99,Released,2025-10-25,2025-11-07
ESC-6242,ORD-6274,145204.34,Released,2025-04-09,2025-04-14
ESC-6243,ORD-5799,53732.27,Released,2025-04-28,2025-05-06
ESC-6244,ORD-7094,10754.61,Released,2025-06-20,2025-07-03
ESC-6245,ORD-5703,77427.55,Funded,2025-06-22,
ESC-6246,ORD-5115,139093.45,Released,2025-06-11,2025-06-14
ESC-6247,ORD-7037,108120.54,In Inspection,2025-02-15,
ESC-6248,ORD-7400,103703.54,Disputed,2025-08-19,
ESC-6249,ORD-5868,55705.05,Released,2025-03-09,2025-03-17
ESC-6250,ORD-5741,43873.57,Disputed,2025-08-31,
ESC-6251,ORD-7017,74576.9,Released,2025-05-27,2025-06-03
ESC-6252,ORD-7317,60101.46,In Inspection,2025-05-06,
ESC-6253,ORD-5139,47652.57,Released,2025-01-28,2025-01-31
ESC-6254,ORD-6781,3784.59,In Inspection,2025-09-30,
ESC-6255,ORD-7094,138779.45,Released,2025-06-02,2025-06-13
ESC-6256,ORD-6780,21071.13,Disputed,2025-08-23,
ESC-6257,ORD-6492,121418.55,Released,2025-09-12,2025-09-22
ESC-6258,ORD-7432,36110.82,In Inspection,2025-06-30,
ESC-6259,ORD-6189,98850.64,Released,2025-01-11,2025-01-23
ESC-6260,ORD-5413,23107.75,Funded,2025-05-11,
ESC-6261,ORD-5100,71498.8,Released,2025-05-10,2025-05-18
ESC-6262,ORD-5812,91450.21,Funded,2025-02-17,
ESC-6263,ORD-6779,11415.87,In Inspection,2025-04-24,
ESC-6264,ORD-5579,126755.07,Disputed,2025-05-10,
ESC-6265,ORD-6920,7084.6,In Inspection,2025-03-15,
ESC-6266,ORD-6627,142949.38,Released,2025-02-23,2025-03-09
ESC-6267,ORD-6954,46255.69,Funded,2025-07-21,
ESC-6268,ORD-5233,34596.98,Released,2025-01-31,2025-02-13
ESC-6269,ORD-5947,113054.11,Disputed,2025-10-27,
ESC-6270,ORD-6218,38862.48,Disputed,2025-09-18,
ESC-6271,ORD-7176,40651.86,Released,2025-03-21,2025-03-31
ESC-6272,ORD-7281,87048.07,Released,2025-05-05,2025-05-14
ESC-6273,ORD-5372,118487.83,Released,2025-05-16,2025-05-28
ESC-6274,ORD-6697,109571.54,Released,2025-06-06,2025-06-18
ESC-6275,ORD-6452,107410.03,Released,2025-08-22,2025-09-05
ESC-6276,ORD-7077,131687.37,Released,2025-08-18,2025-09-01
ESC-6277,ORD-5791,109533.05,Released,2025-05-28,2025-06-10
ESC-6278,ORD-5589,67318.71,Funded,2025-09-28,
ESC-6279,ORD-5937,22076.61,Released,2025-05-24,2025-05-27
ESC-6280,ORD-5662,33958.4,Released,2025-07-21,2025-08-03
ESC-6281,ORD-5530,72680.06,Funded,2025-08-25,
ESC-6282,ORD-6674,137922.99,Released,2025-01-16,2025-01-29
ESC-6283,ORD-6134,146827.87,Released,2025-07-19,2025-07-27
ESC-6284,ORD-6502,17146.62,Released,2025-10-10,2025-10-19
ESC-6285,ORD-5948,76934.55,Funded,2025-01-09,
ESC-6286,ORD-6435,3466.09,Released,2025-03-09,2025-03-20
ESC-6287,ORD-7471,26385.45,Released,2025-05-30,2025-06-12
ESC-6288,ORD-6387,89180.22,Released,2025-09-27,2025-10-11
ESC-6289,ORD-5553,67747.12,Released,2025-09-09,2025-09-19
ESC-6290,ORD-6118,29427.66,In Inspection,2025-04-18,
ESC-6291,ORD-6304,105633.75,Released,2025-04-28,2025-05-11
ESC-6292,ORD-6872,31045.13,Released,2025-08-14,2025-08-25
ESC-6293,ORD-5885,92166.9,Disputed,2025-10-24,
ESC-6294,ORD-5767,14272.23,Released,2025-03-03,2025-03-06
ESC-6295,ORD-5049,22848.13,Funded,2025-09-08,
ESC-6296,ORD-6807,114097.07,Funded,2025-05-12,
ESC-6297,ORD-5794,134369.99,Disputed,2025-05-09,
ESC-6298,ORD-7138,59341.51,In Inspection,2025-07-15,
ESC-6299,ORD-6407,34444.97,Released,2025-02-04,2025-02-12
ESC-6300,ORD-6461,72769.39,Funded,2025-01-14,
ESC-6301,ORD-6459,29273.49,In Inspection,2025-10-18,
ESC-6302,ORD-7292,31195.45,In Inspection,2025-08-21,
ESC-6303,ORD-5910,6972.38,In Inspection,2025-07-05,
ESC-6304,ORD-5212,72755.66,Released,2025-04-30,2025-05-10
ESC-6305,ORD-6841,127873.68,Released,2025-02-23,2025-02-28
ESC-6306,ORD-6952,148363.35,Released,2025-02-13,2025-02-27
ESC-6307,ORD-6276,78786.15,Funded,2025-03-23,
ESC-6308,ORD-6860,101301.64,Released,2025-01-14,2025-01-25
ESC-6309,ORD-5612,63266.3,Disputed,2025-01-10,
ESC-6310,ORD-5002,92105.59,Released,2025-03-19,2025-03-24
ESC-6311,ORD-5113,85214.32,Disputed,2025-09-02,
ESC-6312,ORD-5350,131033.13,Funded,2025-09-25,
ESC-6313,ORD-7394,127177.29,Released,2025-06-27,2025-07-02
ESC-6314,ORD-6005,90440.82,Disputed,2025-06-15,
ESC-6315,ORD-7336,63495.2,Funded,2025-03-09,
ESC-6316,ORD-5961,33431.49,Released,2025-09-22,2025-10-06
ESC-6317,ORD-6903,142046.24,Funded,2025-08-24,
ESC-6318,ORD-6478,68208.26,In Inspection,2025-01-16,
ESC-6319,ORD-5810,27184.11,Funded,2025-10-10,
ESC-6320,ORD-7154,81918.27,Released,2025-01-02,2025-01-14
ESC-6321,ORD-6160,140996.45,Released,2025-06-22,2025-06-25
ESC-6322,ORD-5694,143324.68,Disputed,2025-05-24,
ESC-6323,ORD-5499,142155.49,Funded,2025-01-25,
ESC-6324,ORD-6818,78202.44,In Inspection,2025-08-05,
ESC-6325,ORD-7022,98319.83,In Inspection,2025-09-06,
ESC-6326,ORD-6330,52749.58,In Inspection,2025-06-23,
ESC-6327,ORD-5021,89185.9,In Inspection,2025-02-19,
ESC-6328,ORD-6244,51950.55,Released,2025-08-13,2025-08-18
ESC-6329,ORD-6017,60146.91,In Inspection,2025-05-30,
ESC-6330,ORD-6612,21370.57,Released,2025-09-14,2025-09-23
ESC-6331,ORD-6390,17896.64,Funded,2025-05-28,
ESC-6332,ORD-5551,8305.62,Released,2025-10-11,2025-10-18
ESC-6333,ORD-6327,137212.42,Disputed,2025-05-13,
ESC-6334,ORD-6644,24069.89,Released,2025-07-17,2025-07-24
ESC-6335,ORD-5793,139537.37,In Inspection,2025-04-14,
ESC-6336,ORD-7352,135877.14,Funded,2025-08-06,
ESC-6337,ORD-6547,68747.04,Funded,2025-08-15,
ESC-6338,ORD-7278,134424.99,In Inspection,2025-08-03,
ESC-6339,ORD-7309,77834.6,Disputed,2025-07-04,
ESC-6340,ORD-7183,48913.16,Released,2025-02-08,2025-02-12
ESC-6341,ORD-5224,60805.52,Released,2025-08-23,2025-09-05
ESC-6342,ORD-5620,146804.72,Released,2025-02-16,2025-02-27
ESC-6343,ORD-6834,94660.1,Disputed,2025-10-24,
ESC-6344,ORD-6844,81851.32,Released,2025-04-21,2025-05-01
ESC-6345,ORD-6937,10226.77,Released,2025-05-23,2025-06-04
ESC-6346,ORD-5872,132125.15,Funded,2025-08-09,
ESC-6347,ORD-6090,55065.18,Disputed,2025-09-25,
ESC-6348,ORD-5604,139129.57,Released,2025-05-07,2025-05-17
ESC-6349,ORD-7239,4652.02,Released,2025-01-02,2025-01-09
ESC-6350,ORD-5161,73664.75,In Inspection,2025-04-13,
ESC-6351,ORD-6594,53322.68,In Inspection,2025-08-17,
ESC-6352,ORD-6529,60602.06,In Inspection,2025-04-02,
ESC-6353,ORD-6770,135240.42,In Inspection,2025-03-13,
ESC-6354,ORD-5206,125467.7,Released,2025-03-23,2025-04-02
ESC-6355,ORD-5854,144675.24,Released,2025-03-02,2025-03-07
ESC-6356,ORD-6492,59935.35,Released,2025-04-05,2025-04-09
ESC-6357,ORD-5633,128263.66,Funded,2025-01-14,
ESC-6358,ORD-7264,117613.2,Released,2025-09-17,2025-09-29
ESC-6359,ORD-6430,118681.57,Funded,2025-07-08,
ESC-6360,ORD-5959,23424.57,Released,2025-04-03,2025-04-11
ESC-6361,ORD-6591,58646.97,Funded,2025-10-25,
ESC-6362,ORD-7211,118210.86,Funded,2025-06-20,
ESC-6363,ORD-7012,122151.65,Released,2025-07-28,2025-08-10
ESC-6364,ORD-7482,9311.22,Released,2025-01-16,2025-01-22
ESC-6365,ORD-6101,13293.28,Released,2025-07-27,2025-08-04
ESC-6366,ORD-5775,20938.96,In Inspection,2025-06-15,
ESC-6367,ORD-6777,110510.76,In Inspection,2025-05-17,
ESC-6368,ORD-7467,149699.9,Released,2025-08-14,2025-08-17
ESC-6369,ORD-7042,120687.05,Released,2025-01-23,2025-01-26
ESC-6370,ORD-7043,42672.47,Released,2025-02-20,2025-02-27
ESC-6371,ORD-5982,39009.28,Released,2025-01-17,2025-01-20
ESC-6372,ORD-6138,110655.21,Funded,2025-09-07,
ESC-6373,ORD-6266,134031.23,Released,2025-04-11,2025-04-20
ESC-6374,ORD-7294,67058.23,Disputed,2025-07-15,
ESC-6375,ORD-5977,76800.76,Disputed,2025-08-23,
ESC-6376,ORD-6789,30002.64,Funded,2025-07-03,
ESC-6377,ORD-6958,106911.25,Released,2025-01-04,2025-01-18
ESC-6378,ORD-6332,40107.59,Released,2025-09-14,2025-09-23
ESC-6379,ORD-6758,20486.02,Released,2025-05-29,2025-06-09
ESC-6380,ORD-7046,47871.91,Released,2025-03-29,2025-04-08
ESC-6381,ORD-7073,55828.28,Released,2025-02-02,2025-02-09
ESC-6382,ORD-5446,109554.47,In Inspection,2025-09-15,
ESC-6383,ORD-7051,71843.58,Released,2025-04-17,2025-05-01
ESC-6384,ORD-6058,103692.28,Released,2025-02-12,2025-02-25
ESC-6385,ORD-5660,22612.06,Disputed,2025-04-23,
ESC-6386,ORD-7361,130754.04,In Inspection,2025-03-23,
ESC-6387,ORD-5503,48821.38,Funded,2025-01-08,
ESC-6388,ORD-6889,105554.8,Funded,2025-04-19,
ESC-6389,ORD-5568,100118.03,Funded,2025-05-29,
ESC-6390,ORD-6119,142341.1,Released,2025-06-29,2025-07-08
ESC-6391,ORD-6858,138740.02,Released,2025-02-06,2025-02-14
ESC-6392,ORD-6090,18793.29,Released,2025-07-14,2025-07-23
ESC-6393,ORD-5029,46263.38,Released,2025-10-08,2025-10-20
ESC-6394,ORD-5945,87567.71,Funded,2025-07-25,
ESC-6395,ORD-6271,57161.01,Disputed,2025-07-25,
ESC-6396,ORD-7014,138292.21,Disputed,2025-08-19,
ESC-6397,ORD-6637,140001.47,Released,2025-08-10,2025-08-19
ESC-6398,ORD-6642,129545.84,Released,2025-07-21,2025-07-24
ESC-6399,ORD-7303,54536.32,Funded,2025-09-14,
ESC-6400,ORD-6401,127855.56,Released,2025-10-28,2025-11-06
ESC-6401,ORD-6274,51106.01,Released,2025-04-05,2025-04-09
ESC-6402,ORD-7012,56154.12,Released,2025-10-21,2025-11-02
ESC-6403,ORD-7201,79112.61,In Inspection,2025-03-10,
ESC-6404,ORD-7431,84850.97,Released,2025-03-15,2025-03-25
ESC-6405,ORD-6477,46615.22,Released,2025-03-14,2025-03-19
ESC-6406,ORD-5021,66090.89,Disputed,2025-10-11,
ESC-6407,ORD-6482,104620.39,Released,2025-03-29,2025-04-10
ESC-6408,ORD-7197,71443.45,Disputed,2025-04-29,
ESC-6409,ORD-7156,66189.7,Disputed,2025-05-22,
ESC-6410,ORD-5143,11601.26,Released,2025-03-13,2025-03-20
ESC-6411,ORD-6700,129473.95,Released,2025-04-14,2025-04-26
ESC-6412,ORD-5154,38748.71,Funded,2025-05-12,
ESC-6413,ORD-6013,10702.43,Funded,2025-10-06,
ESC-6414,ORD-5778,149974.13,Released,2025-05-04,2025-05-07
ESC-6415,ORD-5324,18502.9,Funded,2025-09-18,
ESC-6416,ORD-6077,101116.13,Released,2025-07-01,2025-07-08
ESC-6417,ORD-7056,80937.12,Released,2025-09-25,2025-10-05
ESC-6418,ORD-6310,57300.77,Disputed,2025-05-29,
ESC-6419,ORD-6457,25138.26,Released,2025-02-23,2025-03-03
ESC-6420,ORD-5307,43280.82,Released,2025-08-23,2025-08-30
ESC-6421,ORD-6420,69586.36,In Inspection,2025-04-19,
ESC-6422,ORD-6300,13246.55,Released,2025-10-20,2025-10-31
ESC-6423,ORD-5819,98399.62,Released,2025-02-15,2025-02-28
ESC-6424,ORD-5990,50906.33,Released,2025-08-06,2025-08-18
ESC-6425,ORD-6770,146073.08,Released,2025-04-15,2025-04-26
ESC-6426,ORD-7356,54921.68,Disputed,2025-10-03,
ESC-6427,ORD-6792,100483.44,Funded,2025-08-26,
ESC-6428,ORD-7187,138704.99,Released,2025-07-18,2025-07-21
ESC-6429,ORD-5503,91000.86,Disputed,2025-10-26,
ESC-6430,ORD-5455,116799.74,Disputed,2025-08-10,
ESC-6431,ORD-5529,41401.21,Released,2025-06-06,2025-06-19
ESC-6432,ORD-6928,64583.51,Released,2025-04-11,2025-04-20
ESC-6433,ORD-7199,44383.69,Released,2025-09-26,2025-10-04
ESC-6434,ORD-5479,74073.84,In Inspection,2025-08-23,
ESC-6435,ORD-5784,66530.8,In Inspection,2025-01-25,
ESC-6436,ORD-5371,122366.31,Funded,2025-03-09,
ESC-6437,ORD-7026,122445.56,In Inspection,2025-01-30,
ESC-6438,ORD-6282,128769.09,Disputed,2025-03-07,
ESC-6439,ORD-5037,30211.23,Disputed,2025-08-21,
ESC-6440,ORD-5651,17376.74,Released,2025-03-05,2025-03-13
ESC-6441,ORD-5309,86889.35,Disputed,2025-05-21,
ESC-6442,ORD-6442,110323.93,Released,2025-03-29,2025-04-05
ESC-6443,ORD-6109,64018.18,Released,2025-03-19,2025-03-22
ESC-6444,ORD-5385,60126.2,Released,2025-07-28,2025-08-03
ESC-6445,ORD-5966,91239.77,Disputed,2025-06-30,
ESC-6446,ORD-5150,79483.76,Released,2025-04-07,2025-04-21
ESC-6447,ORD-5539,59030.98,Released,2025-05-04,2025-05-17
ESC-6448,ORD-7206,15973.19,Released,2025-01-08,2025-01-14
ESC-6449,ORD-5220,97372.74,Released,2025-06-10,2025-06-22
ESC-6450,ORD-7159,126132.16,Funded,2025-05-21,
ESC-6451,ORD-5654,11540.02,Released,2025-09-28,2025-10-05
ESC-6452,ORD-5777,113570.97,Released,2025-01-26,2025-02-05
ESC-6453,ORD-6147,56938.2,Disputed,2025-04-19,
ESC-6454,ORD-6011,141394.99,In Inspection,2025-01-28,
ESC-6455,ORD-7394,96848.53,In Inspection,2025-08-27,
ESC-6456,ORD-5101,23107.8,Released,2025-01-03,2025-01-10
ESC-6457,ORD-5829,15190.75,In Inspection,2025-01-07,
ESC-6458,ORD-6918,73921.93,Disputed,2025-10-13,
ESC-6459,ORD-5713,37252.42,Released,2025-05-04,2025-05-09
ESC-6460,ORD-7003,72520.48,Disputed,2025-04-23,
ESC-6461,ORD-7006,66834.36,Released,2025-05-12,2025-05-22
ESC-6462,ORD-6630,12068.56,Released,2025-08-16,2025-08-24
ESC-6463,ORD-6949,142184.51,Released,2025-06-14,2025-06-21
ESC-6464,ORD-7284,139195.96,Released,2025-08-28,2025-09-01
ESC-6465,ORD-5737,136597.77,Released,2025-08-08,2025-08-12
ESC-6466,ORD-6391,133969.0,Released,2025-10-25,2025-10-31
ESC-6467,ORD-7364,112383.86,Released,2025-05-17,2025-05-22
ESC-6468,ORD-6896,106900.91,Released,2025-02-05,2025-02-13
ESC-6469,ORD-5242,140226.28,Funded,2025-04-17,
ESC-6470,ORD-6044,124999.71,Released,2025-05-08,2025-05-20
ESC-6471,ORD-5208,66907.95,Released,2025-10-04,2025-10-16
ESC-6472,ORD-6354,76876.36,Released,2025-08-17,2025-08-27
ESC-6473,ORD-5774,34244.71,In Inspection,2025-02-05,
ESC-6474,ORD-5540,91445.62,In Inspection,2025-01-23,
ESC-6475,ORD-5906,68863.53,Funded,2025-02-26,
ESC-6476,ORD-5607,147993.56,Released,2025-05-05,2025-05-17
ESC-6477,ORD-6486,48971.09,Disputed,2025-02-14,
ESC-6478,ORD-6179,120801.08,Funded,2025-02-15,
ESC-6479,ORD-6727,141210.84,Released,2025-04-01,2025-04-04
ESC-6480,ORD-6604,128815.3,Disputed,2025-06-16,
ESC-6481,ORD-7450,15604.28,Funded,2025-05-22,
ESC-6482,ORD-6030,30464.49,Released,2025-04-21,2025-04-30
ESC-6483,ORD-6094,45289.96,Released,2025-03-24,2025-04-07
ESC-6484,ORD-7308,121733.67,Released,2025-02-17,2025-02-24
ESC-6485,ORD-5604,25555.74,Disputed,2025-01-04,
ESC-6486,ORD-5231,70849.81,Released,2025-03-26,2025-04-05
ESC-6487,ORD-6631,108375.96,Released,2025-06-13,2025-06-18
ESC-6488,ORD-6892,77520.32,Disputed,2025-09-17,
ESC-6489,ORD-6827,138456.76,Released,2025-09-04,2025-09-08
ESC-6490,ORD-5231,91233.76,Released,2025-04-07,2025-04-18
ESC-6491,ORD-6525,34661.98,Funded,2025-01-23,
ESC-6492,ORD-7409,8899.65,Funded,2025-08-05,
ESC-6493,ORD-5868,96035.1,Released,2025-06-25,2025-07-06
ESC-6494,ORD-6738,97694.84,Released,2025-08-17,2025-08-25
ESC-6495,ORD-6162,61866.87,In Inspection,2025-07-31,
ESC-6496,ORD-5494,73216.54,In Inspection,2025-06-08,
ESC-6497,ORD-6895,98997.82,Released,2025-05-29,2025-06-05
ESC-6498,ORD-6726,96564.05,Released,2025-04-05,2025-04-19
ESC-6499,ORD-6176,123456.7,Released,2025-07-31,2025-08-11
ESC-6500,ORD-6168,140895.48,Funded,2025-06-21,
ESC-6501,ORD-6216,112913.26,Disputed,2025-04-13,
ESC-6502,ORD-6364,20360.4,Released,2025-09-11,2025-09-17
ESC-6503,ORD-6285,145997.95,Funded,2025-09-21,
ESC-6504,ORD-6501,18463.23,Disputed,2025-09-13,
ESC-6505,ORD-6622,86410.01,Released,2025-07-03,2025-07-17
ESC-6506,ORD-7320,55737.28,In Inspection,2025-07-29,
ESC-6507,ORD-6341,118887.7,Funded,2025-01-22,
ESC-6508,ORD-5937,106537.52,Released,2025-06-11,2025-06-16
ESC-6509,ORD-5747,86481.91,Released,2025-05-20,2025-05-31
ESC-6510,ORD-6050,96520.57,Funded,2025-01-05,
ESC-6511,ORD-7310,26063.99,Released,2025-06-16,2025-06-20
ESC-6512,ORD-6088,52430.44,Released,2025-10-28,2025-11-10
ESC-6513,ORD-6509,126278.91,Released,2025-08-21,2025-09-03
ESC-6514,ORD-5535,36403.2,Released,2025-07-31,2025-08-03
ESC-6515,ORD-6119,12837.79,Released,2025-08-08,2025-08-15
ESC-6516,ORD-5877,10969.1,In Inspection,2025-08-30,
ESC-6517,ORD-5190,82905.68,Released,2025-09-07,2025-09-12
ESC-6518,ORD-5733,89574.78,Released,2025-03-04,2025-03-07
ESC-6519,ORD-5821,55851.29,Released,2025-06-09,2025-06-22
ESC-6520,ORD-5780,91901.35,Released,2025-07-09,2025-07-12
ESC-6521,ORD-5357,108154.13,Disputed,2025-06-06,
ESC-6522,ORD-7326,60633.15,Released,2025-10-13,2025-10-20
ESC-6523,ORD-5105,70477.63,Released,2025-06-18,2025-06-24
ESC-6524,ORD-7472,10529.19,In Inspection,2025-08-28,
ESC-6525,ORD-7206,140240.19,Disputed,2025-05-31,
ESC-6526,ORD-7044,61923.98,Disputed,2025-01-13,
ESC-6527,ORD-5207,142755.39,Released,2025-09-16,2025-09-21
ESC-6528,ORD-6273,47258.62,Released,2025-07-20,2025-07-29
ESC-6529,ORD-7489,48019.63,In Inspection,2025-04-24,
ESC-6530,ORD-6768,139569.52,Funded,2025-10-17,
ESC-6531,ORD-6267,33528.34,Released,2025-09-16,2025-09-21
ESC-6532,ORD-6459,136049.73,Funded,2025-09-29,
ESC-6533,ORD-6340,51970.06,Released,2025-06-21,2025-07-04
ESC-6534,ORD-6750,26862.19,Released,2025-04-05,2025-04-14
ESC-6535,ORD-6558,85920.9,Released,2025-04-18,2025-04-23
ESC-6536,ORD-6342,68569.07,Released,2025-09-07,2025-09-13
ESC-6537,ORD-6246,108381.41,Released,2025-10-04,2025-10-18
ESC-6538,ORD-7482,107461.66,Released,2025-01-29,2025-02-12
ESC-6539,ORD-6108,71459.91,Released,2025-05-04,2025-05-11
ESC-6540,ORD-6030,131597.69,Released,2025-08-02,2025-08-11
ESC-6541,ORD-5432,9281.0,Funded,2025-06-02,
ESC-6542,ORD-7456,110007.98,Released,2025-02-14,2025-02-25
ESC-6543,ORD-5198,147097.28,In Inspection,2025-07-22,
ESC-6544,ORD-5692,76567.64,In Inspection,2025-07-17,
ESC-6545,ORD-7130,105071.05,Released,2025-03-28,2025-04-04
ESC-6546,ORD-6027,91600.46,Released,2025-01-10,2025-01-16
ESC-6547,ORD-6476,14799.25,Released,2025-06-15,2025-06-24
ESC-6548,ORD-5356,36358.32,Released,2025-05-20,2025-05-23
ESC-6549,ORD-7300,146314.99,Released,2025-05-01,2025-05-05
ESC-6550,ORD-7231,39017.16,Funded,2025-03-04,
ESC-6551,ORD-6619,87947.07,Released,2025-05-18,2025-05-28
ESC-6552,ORD-6724,88878.51,Released,2025-04-15,2025-04-25
ESC-6553,ORD-7023,91364.0,Released,2025-10-10,2025-10-13
ESC-6554,ORD-5373,116944.6,Released,2025-03-23,2025-03-26
ESC-6555,ORD-5315,59369.47,Funded,2025-09-14,
ESC-6556,ORD-6504,29106.13,Funded,2025-03-20,
ESC-6557,ORD-5985,88041.18,Released,2025-03-19,2025-03-25
ESC-6558,ORD-5300,139406.65,Released,2025-07-22,2025-08-04
ESC-6559,ORD-5889,102636.17,Released,2025-01-03,2025-01-15
ESC-6560,ORD-7267,28671.39,Released,2025-09-06,2025-09-09
ESC-6561,ORD-5752,38549.93,In Inspection,2025-08-07,
ESC-6562,ORD-6983,30126.42,Funded,2025-04-04,
ESC-6563,ORD-6425,91648.29,Released,2025-02-20,2025-03-05
ESC-6564,ORD-6870,74178.78,Released,2025-07-24,2025-08-05
ESC-6565,ORD-5057,3650.88,Funded,2025-02-23,
ESC-6566,ORD-7384,96731.0,Disputed,2025-02-10,
ESC-6567,ORD-6897,57992.17,Released,2025-04-19,2025-04-24
ESC-6568,ORD-6205,127865.56,In Inspection,2025-05-03,
ESC-6569,ORD-6054,148700.19,In Inspection,2025-09-04,
ESC-6570,ORD-5466,57475.91,Funded,2025-06-10,
ESC-6571,ORD-6167,108520.44,Released,2025-08-11,2025-08-23
ESC-6572,ORD-5473,19251.07,Disputed,2025-01-30,
ESC-6573,ORD-7263,69198.92,Released,2025-09-05,2025-09-10
ESC-6574,ORD-7184,145185.94,Funded,2025-05-11,
ESC-6575,ORD-5219,9371.59,Released,2025-09-24,2025-09-27
ESC-6576,ORD-7234,140131.07,Released,2025-05-25,2025-06-07
ESC-6577,ORD-7327,97123.1,Released,2025-04-15,2025-04-20
ESC-6578,ORD-5464,58614.83,Disputed,2025-01-07,
ESC-6579,ORD-5103,57762.04,In Inspection,2025-04-20,
ESC-6580,ORD-5729,41631.55,Funded,2025-10-07,
ESC-6581,ORD-5957,22977.77,Disputed,2025-06-29,
ESC-6582,ORD-5766,107431.33,Released,2025-03-24,2025-04-01
ESC-6583,ORD-5605,99192.24,Funded,2025-03-25,
ESC-6584,ORD-5362,34985.78,Funded,2025-08-12,
ESC-6585,ORD-6915,85689.93,Disputed,2025-05-29,
ESC-6586,ORD-5679,80546.99,Disputed,2025-04-21,
ESC-6587,ORD-5686,133854.26,Released,2025-01-14,2025-01-18
ESC-6588,ORD-5342,61631.47,In Inspection,2025-02-26,
ESC-6589,ORD-5463,120972.7,Released,2025-10-02,2025-10-11
ESC-6590,ORD-5556,143080.03,Funded,2025-04-02,
ESC-6591,ORD-6311,16637.98,Released,2025-09-17,2025-09-26
ESC-6592,ORD-6051,113716.83,Released,2025-08-15,2025-08-21
ESC-6593,ORD-5065,27668.23,Funded,2025-10-21,
ESC-6594,ORD-6225,14841.23,Disputed,2025-06-23,
ESC-6595,ORD-5855,97005.68,Funded,2025-05-25,
ESC-6596,ORD-5049,55749.57,Released,2025-02-09,2025-02-21
ESC-6597,ORD-7138,43949.25,Funded,2025-02-01,
ESC-6598,ORD-6404,6551.63,Released,2025-06-13,2025-06-16
ESC-6599,ORD-7162,40770.03,Released,2025-03-25,2025-04-05
ESC-6600,ORD-6193,63396.91,Released,2025-08-17,2025-08-20
ESC-6601,ORD-5954,117796.2,In Inspection,2025-05-09,
ESC-6602,ORD-6787,69182.43,Released,2025-01-26,2025-02-09
ESC-6603,ORD-5029,84972.05,Disputed,2025-04-27,
ESC-6604,ORD-5098,98435.71,Released,2025-05-20,2025-06-02
ESC-6605,ORD-6205,125039.73,Released,2025-09-19,2025-09-25
ESC-6606,ORD-6319,50831.78,Funded,2025-02-13,
ESC-6607,ORD-7038,135658.57,Released,2025-03-27,2025-04-06
ESC-6608,ORD-7437,147330.38,Released,2025-03-12,2025-03-23
ESC-6609,ORD-5768,85794.41,Funded,2025-10-08,
ESC-6610,ORD-5968,21739.32,Released,2025-02-25,2025-03-01
ESC-6611,ORD-5646,11823.61,Released,2025-05-11,2025-05-14
ESC-6612,ORD-6750,134570.2,Released,2025-10-01,2025-10-04
ESC-6613,ORD-5299,133154.76,In Inspection,2025-01-21,
ESC-6614,ORD-6491,6846.86,Released,2025-01-22,2025-01-31
ESC-6615,ORD-6290,11971.85,Disputed,2025-08-29,
ESC-6616,ORD-6119,128739.5,Released,2025-02-09,2025-02-23
ESC-6617,ORD-5364,70481.02,Disputed,2025-07-21,
ESC-6618,ORD-6113,82263.45,Released,2025-10-18,2025-10-27
ESC-6619,ORD-7090,84532.22,Released,2025-02-15,2025-02-20
ESC-6620,ORD-6043,124845.19,Released,2025-01-13,2025-01-20
ESC-6621,ORD-6220,82596.15,Funded,2025-05-07,
ESC-6622,ORD-7222,147442.8,In Inspection,2025-03-03,
ESC-6623,ORD-7366,11710.02,Funded,2025-02-21,
ESC-6624,ORD-6124,123589.55,Released,2025-07-28,2025-08-07
ESC-6625,ORD-6648,71046.51,Released,2025-02-06,2025-02-18
ESC-6626,ORD-6386,21563.83,In Inspection,2025-07-24,
ESC-6627,ORD-5119,16723.91,Funded,2025-10-18,
ESC-6628,ORD-5628,119046.84,Released,2025-08-05,2025-08-12
ESC-6629,ORD-6357,13577.46,Released,2025-08-27,2025-08-30
ESC-6630,ORD-5529,132935.73,Disputed,2025-04-16,
ESC-6631,ORD-7274,3118.97,Disputed,2025-06-29,
ESC-6632,ORD-5943,47536.72,In Inspection,2025-03-25,
ESC-6633,ORD-6804,70416.2,Released,2025-06-15,2025-06-21
ESC-6634,ORD-5610,11249.51,Released,2025-04-04,2025-04-15
ESC-6635,ORD-6097,79809.82,In Inspection,2025-08-31,
ESC-6636,ORD-5966,55712.23,In Inspection,2025-09-13,
ESC-6637,ORD-5716,146824.34,Released,2025-04-08,2025-04-14
ESC-6638,ORD-6391,105836.63,Disputed,2025-01-09,
ESC-6639,ORD-5670,105754.09,Released,2025-01-16,2025-01-28
ESC-6640,ORD-5995,87360.62,Released,2025-08-05,2025-08-11
ESC-6641,ORD-7484,120486.74,Released,2025-07-16,2025-07-23
ESC-6642,ORD-7187,44684.66,Released,2025-08-21,2025-08-27
ESC-6643,ORD-7399,84692.42,Released,2025-07-21,2025-08-03
ESC-6644,ORD-6421,21803.44,Released,2025-02-09,2025-02-20
ESC-6645,ORD-7265,63905.42,Released,2025-07-27,2025-08-01
ESC-6646,ORD-5638,72314.87,Released,2025-04-26,2025-05-02
ESC-6647,ORD-6277,134505.74,Released,2025-03-22,2025-03-25
ESC-6648,ORD-5428,63124.18,Released,2025-05-06,2025-05-13
ESC-6649,ORD-5243,19711.91,Disputed,2025-03-10,
ESC-6650,ORD-5377,57723.86,Disputed,2025-04-11,
ESC-6651,ORD-6047,132630.23,Released,2025-04-01,2025-04-10
ESC-6652,ORD-5868,61669.85,In Inspection,2025-10-12,
ESC-6653,ORD-6719,29337.24,Released,2025-04-10,2025-04-18
ESC-6654,ORD-6882,7242.79,Released,2025-05-17,2025-05-25
ESC-6655,ORD-6488,120383.86,Funded,2025-06-06,
ESC-6656,ORD-5834,42457.03,Released,2025-03-17,2025-03-21
ESC-6657,ORD-5318,18024.8,Released,2025-05-16,2025-05-28
ESC-6658,ORD-6086,45721.6,In Inspection,2025-06-20,
ESC-6659,ORD-6959,97127.89,Released,2025-02-11,2025-02-24
ESC-6660,ORD-7271,80893.09,Released,2025-04-02,2025-04-15
ESC-6661,ORD-6230,58338.4,In Inspection,2025-02-26,
ESC-6662,ORD-6504,13502.67,In Inspection,2025-02-26,
ESC-6663,ORD-5504,146858.62,Released,2025-05-20,2025-05-30
ESC-6664,ORD-5712,135556.13,Disputed,2025-07-18,
ESC-6665,ORD-6181,28759.93,In Inspection,2025-09-14,
ESC-6666,ORD-6812,28095.59,Released,2025-04-15,2025-04-23
ESC-6667,ORD-5879,98642.59,In Inspection,2025-09-28,
ESC-6668,ORD-7031,57761.94,Disputed,2025-10-19,
ESC-6669,ORD-5485,55619.71,Funded,2025-02-01,
ESC-6670,ORD-6904,49122.45,Funded,2025-05-14,
ESC-6671,ORD-6510,147281.9,Disputed,2025-02-08,
ESC-6672,ORD-7167,34985.58,Released,2025-09-03,2025-09-15
ESC-6673,ORD-5727,137816.7,Released,2025-01-25,2025-02-02
ESC-6674,ORD-6907,122383.14,In Inspection,2025-03-29,
ESC-6675,ORD-6066,50331.57,Released,2025-02-09,2025-02-12
ESC-6676,ORD-7061,16039.04,Released,2025-07-27,2025-08-03
ESC-6677,ORD-5978,112061.0,In Inspection,2025-07-16,
ESC-6678,ORD-5689,48009.43,Disputed,2025-01-25,
ESC-6679,ORD-5291,138335.14,Disputed,2025-08-01,
ESC-6680,ORD-5055,65301.62,Disputed,2025-07-19,
ESC-6681,ORD-5468,109495.59,Released,2025-07-31,2025-08-06
ESC-6682,ORD-6827,137187.37,In Inspection,2025-02-22,
ESC-6683,ORD-5603,120349.5,Funded,2025-09-23,
ESC-6684,ORD-7012,90663.89,Disputed,2025-01-19,
ESC-6685,ORD-6581,52379.39,Released,2025-02-09,2025-02-16
ESC-6686,ORD-6794,14819.88,In Inspection,2025-01-05,
ESC-6687,ORD-5420,18353.46,Released,2025-06-13,2025-06-16
ESC-6688,ORD-5569,109754.21,Released,2025-02-11,2025-02-20
ESC-6689,ORD-5181,2743.04,Released,2025-01-27,2025-02-01
ESC-6690,ORD-6969,26845.98,In Inspection,2025-10-05,
ESC-6691,ORD-6703,118907.38,In Inspection,2025-04-27,
ESC-6692,ORD-5548,19140.96,Released,2025-01-31,2025-02-11
ESC-6693,ORD-6602,133563.21,Released,2025-10-08,2025-10-15
ESC-6694,ORD-5578,57359.03,Released,2025-07-22,2025-07-31
ESC-6695,ORD-7477,122626.06,Released,2025-09-16,2025-09-23
ESC-6696,ORD-5672,7281.99,Funded,2025-02-04,
ESC-6697,ORD-6172,15004.65,Released,2025-03-11,2025-03-18
ESC-6698,ORD-6607,4541.47,Released,2025-04-25,2025-05-05
ESC-6699,ORD-5695,38886.91,In Inspection,2025-08-05,
ESC-6700,ORD-5278,108464.43,Released,2025-10-24,2025-11-01
ESC-6701,ORD-5695,79025.81,Released,2025-05-20,2025-05-30
ESC-6702,ORD-6326,99805.47,Disputed,2025-08-12,
ESC-6703,ORD-5874,134570.19,Released,2025-09-15,2025-09-20
ESC-6704,ORD-7430,36369.25,Released,2025-06-10,2025-06-20
ESC-6705,ORD-6958,87280.27,Disputed,2025-10-01,
ESC-6706,ORD-5856,60018.02,Released,2025-01-09,2025-01-19
ESC-6707,ORD-6278,108683.89,Funded,2025-01-21,
ESC-6708,ORD-6512,89027.94,In Inspection,2025-05-20,
ESC-6709,ORD-7194,17748.09,Funded,2025-05-24,
ESC-6710,ORD-5942,86545.58,Released,2025-06-24,2025-07-03
ESC-6711,ORD-5105,131499.47,In Inspection,2025-07-02,
ESC-6712,ORD-7260,95819.32,In Inspection,2025-07-16,
ESC-6713,ORD-6743,108211.37,In Inspection,2025-08-03,
ESC-6714,ORD-5867,55190.89,Disputed,2025-08-28,
ESC-6715,ORD-6609,5020.94,Released,2025-06-17,2025-06-21
ESC-6716,ORD-5703,15343.2,Funded,2025-09-14,
ESC-6717,ORD-6192,21605.77,Released,2025-03-12,2025-03-21
ESC-6718,ORD-6274,126172.9,Released,2025-02-23,2025-03-06
ESC-6719,ORD-5096,131776.25,Released,2025-05-23,2025-05-31
ESC-6720,ORD-7386,45775.69,In Inspection,2025-06-28,
ESC-6721,ORD-7485,95897.37,Released,2025-07-27,2025-08-04
ESC-6722,ORD-5985,52114.01,Released,2025-05-06,2025-05-16
ESC-6723,ORD-6857,115158.28,In Inspection,2025-06-19,
ESC-6724,ORD-5156,123886.14,Disputed,2025-08-02,
ESC-6725,ORD-6485,116582.56,Released,2025-08-23,2025-08-29
ESC-6726,ORD-6991,131633.81,Released,2025-10-14,2025-10-28
ESC-6727,ORD-6445,109794.51,Disputed,2025-03-21,
ESC-6728,ORD-6353,13717.16,Released,2025-06-19,2025-07-03
ESC-6729,ORD-7257,124843.84,Released,2025-08-23,2025-09-04
ESC-6730,ORD-5211,14637.92,Released,2025-06-16,2025-06-21
ESC-6731,ORD-5647,128157.9,In Inspection,2025-03-31,
ESC-6732,ORD-6122,85484.66,Released,2025-06-17,2025-06-22
ESC-6733,ORD-5857,118514.38,Released,2025-09-12,2025-09-19
ESC-6734,ORD-7396,142655.8,In Inspection,2025-01-28,
ESC-6735,ORD-5583,11382.53,Released,2025-09-22,2025-09-30
ESC-6736,ORD-6103,8112.0,Funded,2025-01-31,
ESC-6737,ORD-7295,41178.66,Funded,2025-06-25,
ESC-6738,ORD-7337,107888.55,Released,2025-05-25,2025-05-30
ESC-6739,ORD-6700,85724.2,Released,2025-08-29,2025-09-06
ESC-6740,ORD-5907,125980.6,In Inspection,2025-06-24,
ESC-6741,ORD-5284,106806.97,Released,2025-09-04,2025-09-13
ESC-6742,ORD-6015,51722.14,In Inspection,2025-05-26,
ESC-6743,ORD-6709,12872.66,Released,2025-08-11,2025-08-25
ESC-6744,ORD-5687,5710.42,Funded,2025-09-19,
ESC-6745,ORD-6451,23258.75,Released,2025-05-06,2025-05-12
ESC-6746,ORD-6080,133058.73,Funded,2025-02-05,
ESC-6747,ORD-7160,90825.7,In Inspection,2025-09-11,
ESC-6748,ORD-5774,68701.48,In Inspection,2025-04-02,
ESC-6749,ORD-6567,135535.27,In Inspection,2025-04-07,
ESC-6750,ORD-5896,104502.68,Funded,2025-05-27,
ESC-6751,ORD-5420,107505.01,In Inspection,2025-02-03,
ESC-6752,ORD-6971,15041.76,Released,2025-01-25,2025-01-31
ESC-6753,ORD-5829,147848.82,Disputed,2025-04-29,
ESC-6754,ORD-5251,76929.0,Released,2025-05-30,2025-06-06
ESC-6755,ORD-5356,80548.29,Released,2025-05-08,2025-05-17
ESC-6756,ORD-6761,10497.68,Released,2025-01-09,2025-01-22
ESC-6757,ORD-7478,137909.47,Funded,2025-04-24,
ESC-6758,ORD-6931,136812.63,In Inspection,2025-01-25,
ESC-6759,ORD-5649,103412.64,Funded,2025-01-17,
ESC-6760,ORD-7378,37943.57,Released,2025-09-06,2025-09-20
ESC-6761,ORD-6693,76053.93,Released,2025-08-26,2025-09-05
ESC-6762,ORD-5984,128363.47,Released,2025-08-22,2025-08-31
ESC-6763,ORD-6275,55169.37,Released,2025-06-19,2025-07-01
ESC-6764,ORD-5239,33184.03,In Inspection,2025-02-26,
ESC-6765,ORD-6356,121373.59,Disputed,2025-05-09,
ESC-6766,ORD-5828,55338.66,Disputed,2025-02-26,
ESC-6767,ORD-5442,135507.04,Released,2025-07-15,2025-07-27
ESC-6768,ORD-5837,87194.25,Released,2025-04-16,2025-04-22
ESC-6769,ORD-5202,81760.04,Disputed,2025-03-11,
ESC-6770,ORD-5788,104444.25,Released,2025-02-12,2025-02-18
ESC-6771,ORD-6496,102610.46,Funded,2025-06-09,
ESC-6772,ORD-7131,48947.89,Disputed,2025-01-15,
ESC-6773,ORD-6903,5868.61,Released,2025-05-09,2025-05-12
ESC-6774,ORD-6771,22945.65,Released,2025-01-08,2025-01-17
ESC-6775,ORD-6803,44012.52,Funded,2025-06-13,
ESC-6776,ORD-5506,112586.63,Released,2025-06-06,2025-06-17
ESC-6777,ORD-6956,66954.47,Funded,2025-08-04,
ESC-6778,ORD-6171,85466.84,Released,2025-05-11,2025-05-24
ESC-6779,ORD-5557,69341.97,In Inspection,2025-08-21,
ESC-6780,ORD-6021,10543.44,In Inspection,2025-05-25,
ESC-6781,ORD-5220,66925.38,Released,2025-09-02,2025-09-07
ESC-6782,ORD-6413,27240.0,Funded,2025-03-22,
ESC-6783,ORD-5938,111727.73,Released,2025-09-17,2025-09-29
ESC-6784,ORD-5845,69457.72,Funded,2025-03-24,
ESC-6785,ORD-6533,83064.2,In Inspection,2025-05-16,
ESC-6786,ORD-7174,147988.68,In Inspection,2025-02-13,
ESC-6787,ORD-7424,101309.8,Disputed,2025-06-03,
ESC-6788,ORD-7472,55339.88,Funded,2025-07-16,
ESC-6789,ORD-6368,94678.76,Funded,2025-10-26,
ESC-6790,ORD-6132,48751.18,Released,2025-05-31,2025-06-07
ESC-6791,ORD-6772,39584.63,Released,2025-03-15,2025-03-21
ESC-6792,ORD-7393,3370.99,Released,2025-02-07,2025-02-15
ESC-6793,ORD-5696,47215.95,Released,2025-09-27,2025-10-06
ESC-6794,ORD-7030,81905.88,Released,2025-05-11,2025-05-21
ESC-6795,ORD-5039,118650.79,In Inspection,2025-08-29,
ESC-6796,ORD-7000,90869.65,Released,2025-01-24,2025-01-28
ESC-6797,ORD-6234,57923.2,Funded,2025-04-27,
ESC-6798,ORD-6735,74788.65,Disputed,2025-06-25,
ESC-6799,ORD-5183,112078.3,In Inspection,2025-01-15,
ESC-6800,ORD-5235,120124.88,Released,2025-02-09,2025-02-19
