inventory_id,product_id,warehouse_location,quantity_on_hand,quantity_reserved,stock_age_days,last_restock_date
INV-6001,PRD-3001,WH-North-Delhi,206,35,22,2025-02-17
INV-6002,PRD-3002,WH-South-Bengaluru,451,5,137,2025-02-17
INV-6003,PRD-3003,WH-Central-Nagpur,382,38,151,2025-01-05
INV-6004,PRD-3004,WH-West-Mumbai,76,28,126,2025-03-31
INV-6005,PRD-3005,WH-North-Delhi,295,7,7,2025-04-10
INV-6006,PRD-3006,WH-Central-Nagpur,157,21,15,2025-03-31
INV-6007,PRD-3007,WH-East-Kolkata,332,35,103,2025-01-03
INV-6008,PRD-3008,WH-South-Bengaluru,499,15,98,2025-02-22
INV-6009,PRD-3009,WH-East-Kolkata,17,10,14,2025-01-30
INV-6010,PRD-3010,WH-North-Delhi,227,17,113,2025-03-17
INV-6011,PRD-3011,WH-Central-Nagpur,125,13,11,2025-02-20
INV-6012,PRD-3012,WH-East-Kolkata,330,28,175,2025-01-28
INV-6013,PRD-3013,WH-West-Mumbai,418,25,125,2025-03-31
INV-6014,PRD-3014,WH-West-Mumbai,280,8,51,2025-04-05
INV-6015,PRD-3015,WH-North-Delhi,215,26,126,2025-03-15
INV-6016,PRD-3016,WH-South-Bengaluru,397,5,162,2025-01-03
INV-6017,PRD-3017,WH-Central-Nagpur,231,32,170,2025-03-06
INV-6018,PRD-3018,WH-East-Kolkata,168,13,133,2025-04-08
INV-6019,PRD-3019,WH-South-Bengaluru,346,38,16,2025-02-19
INV-6020,PRD-3020,WH-East-Kolkata,384,13,151,2025-02-23
INV-6021,PRD-3021,WH-North-Delhi,155,10,136,2025-03-30
INV-6022,PRD-3022,WH-Central-Nagpur,444,32,128,2025-02-21
INV-6023,PRD-3023,WH-West-Mumbai,379,20,168,2025-02-11
INV-6024,PRD-3024,WH-West-Mumbai,432,40,82,2025-03-15
INV-6025,PRD-3025,WH-North-Delhi,71,7,121,2025-01-08
INV-6026,PRD-3026,WH-South-Bengaluru,331,35,113,2025-04-08
INV-6027,PRD-3027,WH-West-Mumbai,279,25,179,2025-04-03
INV-6028,PRD-3028,WH-East-Kolkata,15,13,105,2025-01-27
INV-6029,PRD-3029,WH-North-Delhi,429,3,22,2025-02-21
INV-6030,PRD-3030,WH-North-Delhi,295,0,126,2025-01-25
INV-6031,PRD-3031,WH-Central-Nagpur,297,11,135,2025-03-20
INV-6032,PRD-3032,WH-West-Mumbai,344,36,142,2025-01-21
INV-6033,PRD-3033,WH-East-Kolkata,61,35,44,2025-02-23
INV-6034,PRD-3034,WH-South-Bengaluru,494,13,64,2025-03-01
INV-6035,PRD-3035,WH-West-Mumbai,234,0,141,2025-02-24
INV-6036,PRD-3036,WH-South-Bengaluru,312,16,48,2025-02-21
INV-6037,PRD-3037,WH-Central-Nagpur,149,10,12,2025-01-27
INV-6038,PRD-3038,WH-Central-Nagpur,274,15,27,2025-03-28
INV-6039,PRD-3039,WH-North-Delhi,490,20,82,2025-03-29
INV-6040,PRD-3040,WH-Central-Nagpur,354,1,33,2025-02-06
INV-6041,PRD-3041,WH-South-Bengaluru,396,36,161,2025-02-23
INV-6042,PRD-3042,WH-East-Kolkata,13,6,158,2025-01-23
INV-6043,PRD-3043,WH-West-Mumbai,315,21,142,2025-02-26
INV-6044,PRD-3044,WH-North-Delhi,1,1,71,2025-03-19
INV-6045,PRD-3045,WH-Central-Nagpur,83,17,64,2025-03-13
INV-6046,PRD-3046,WH-Central-Nagpur,380,17,173,2025-04-11
INV-6047,PRD-3047,WH-North-Delhi,415,3,42,2025-04-11
INV-6048,PRD-3048,WH-West-Mumbai,238,34,33,2025-02-23
INV-6049,PRD-3049,WH-East-Kolkata,257,0,103,2025-03-23
INV-6050,PRD-3050,WH-East-Kolkata,488,17,174,2025-01-29
INV-6051,PRD-3051,WH-West-Mumbai,175,33,153,2025-04-07
INV-6052,PRD-3052,WH-West-Mumbai,52,24,171,2025-02-02
INV-6053,PRD-3053,WH-Central-Nagpur,471,9,172,2025-03-07
INV-6054,PRD-3054,WH-West-Mumbai,168,0,56,2025-02-27
INV-6055,PRD-3055,WH-West-Mumbai,58,30,18,2025-03-18
INV-6056,PRD-3056,WH-North-Delhi,211,40,81,2025-01-06
INV-6057,PRD-3057,WH-East-Kolkata,450,3,57,2025-01-04
INV-6058,PRD-3058,WH-Central-Nagpur,322,34,13,2025-03-08
INV-6059,PRD-3059,WH-West-Mumbai,232,10,107,2025-01-20
INV-6060,PRD-3060,WH-Central-Nagpur,84,38,111,2025-03-12
INV-6061,PRD-3061,WH-North-Delhi,333,18,81,2025-03-09
INV-6062,PRD-3062,WH-South-Bengaluru,385,1,174,2025-01-03
INV-6063,PRD-3063,WH-East-Kolkata,75,33,134,2025-03-26
INV-6064,PRD-3064,WH-Central-Nagpur,494,21,149,2025-01-24
INV-6065,PRD-3065,WH-East-Kolkata,323,17,27,2025-01-10
INV-6066,PRD-3066,WH-East-Kolkata,276,0,113,2025-03-17
INV-6067,PRD-3067,WH-West-Mumbai,368,38,103,2025-01-15
INV-6068,PRD-3068,WH-North-Delhi,409,30,108,2025-02-20
INV-6069,PRD-3069,WH-North-Delhi,7,0,140,2025-01-18
INV-6070,PRD-3070,WH-West-Mumbai,122,39,35,2025-02-28
INV-6071,PRD-3071,WH-West-Mumbai,325,11,112,2025-01-25
INV-6072,PRD-3072,WH-South-Bengaluru,143,17,60,2025-02-11
INV-6073,PRD-3073,WH-Central-Nagpur,195,40,171,2025-01-24
INV-6074,PRD-3074,WH-South-Bengaluru,171,33,179,2025-03-04
INV-6075,PRD-3075,WH-West-Mumbai,41,11,7,2025-04-05
INV-6076,PRD-3076,WH-South-Bengaluru,414,9,81,2025-01-21
INV-6077,PRD-3077,WH-South-Bengaluru,110,26,157,2025-01-03
INV-6078,PRD-3078,WH-Central-Nagpur,46,9,62,2025-02-28
INV-6079,PRD-3079,WH-South-Bengaluru,127,0,51,2025-03-12
INV-6080,PRD-3080,WH-South-Bengaluru,291,28,108,2025-04-01
INV-6081,PRD-3081,WH-West-Mumbai,127,39,101,2025-03-25
INV-6082,PRD-3082,WH-East-Kolkata,0,0,80,2025-02-01
INV-6083,PRD-3083,WH-East-Kolkata,162,8,83,2025-01-06
INV-6084,PRD-3084,WH-South-Bengaluru,181,14,113,2025-02-02
INV-6085,PRD-3085,WH-Central-Nagpur,385,5,141,2025-02-26
INV-6086,PRD-3086,WH-South-Bengaluru,398,17,178,2025-01-03
INV-6087,PRD-3087,WH-North-Delhi,447,25,74,2025-03-07
INV-6088,PRD-3088,WH-Central-Nagpur,75,7,95,2025-04-02
INV-6089,PRD-3089,WH-Central-Nagpur,231,31,68,2025-03-08
INV-6090,PRD-3090,WH-South-Bengaluru,141,25,110,2025-01-20
INV-6091,PRD-3091,WH-North-Delhi,491,8,64,2025-02-24
INV-6092,PRD-3092,WH-West-Mumbai,195,25,123,2025-03-19
INV-6093,PRD-3093,WH-Central-Nagpur,496,33,109,2025-02-06
INV-6094,PRD-3094,WH-Central-Nagpur,37,8,100,2025-03-16
INV-6095,PRD-3095,WH-South-Bengaluru,290,31,175,2025-01-23
INV-6096,PRD-3096,WH-North-Delhi,383,3,70,2025-01-24
INV-6097,PRD-3097,WH-Central-Nagpur,268,24,52,2025-01-22
INV-6098,PRD-3098,WH-East-Kolkata,288,39,37,2025-01-02
INV-6099,PRD-3099,WH-East-Kolkata,213,25,23,2025-02-28
INV-6100,PRD-3100,WH-Central-Nagpur,298,26,50,2025-01-25
INV-6101,PRD-3101,WH-South-Bengaluru,193,39,156,2025-03-18
INV-6102,PRD-3102,WH-North-Delhi,301,38,145,2025-02-01
INV-6103,PRD-3103,WH-North-Delhi,164,35,127,2025-02-21
INV-6104,PRD-3104,WH-Central-Nagpur,263,29,131,2025-02-27
INV-6105,PRD-3105,WH-Central-Nagpur,95,23,116,2025-01-02
INV-6106,PRD-3106,WH-South-Bengaluru,62,15,70,2025-03-09
INV-6107,PRD-3107,WH-North-Delhi,25,16,69,2025-03-19
INV-6108,PRD-3108,WH-North-Delhi,48,20,56,2025-03-19
INV-6109,PRD-3109,WH-Central-Nagpur,381,12,158,2025-01-11
INV-6110,PRD-3110,WH-North-Delhi,64,25,7,2025-01-04
INV-6111,PRD-3111,WH-West-Mumbai,459,4,79,2025-02-08
INV-6112,PRD-3112,WH-West-Mumbai,334,29,107,2025-01-19
INV-6113,PRD-3113,WH-Central-Nagpur,370,4,83,2025-04-05
INV-6114,PRD-3114,WH-North-Delhi,436,2,77,2025-04-04
INV-6115,PRD-3115,WH-Central-Nagpur,36,13,81,2025-01-16
INV-6116,PRD-3116,WH-West-Mumbai,104,33,152,2025-03-05
INV-6117,PRD-3117,WH-South-Bengaluru,77,40,144,2025-03-02
INV-6118,PRD-3118,WH-North-Delhi,16,13,169,2025-02-11
INV-6119,PRD-3119,WH-East-Kolkata,152,10,175,2025-03-31
INV-6120,PRD-3120,WH-North-Delhi,151,0,89,2025-03-21
INV-6121,PRD-3121,WH-North-Delhi,28,16,51,2025-01-30
INV-6122,PRD-3122,WH-South-Bengaluru,425,14,12,2025-03-14
INV-6123,PRD-3123,WH-East-Kolkata,218,27,160,2025-01-14
INV-6124,PRD-3124,WH-Central-Nagpur,482,16,148,2025-03-21
INV-6125,PRD-3125,WH-East-Kolkata,64,36,144,2025-01-05
INV-6126,PRD-3126,WH-South-Bengaluru,205,34,38,2025-01-01
INV-6127,PRD-3127,WH-West-Mumbai,242,23,67,2025-03-22
INV-6128,PRD-3128,WH-West-Mumbai,229,39,109,2025-02-22
INV-6129,PRD-3129,WH-West-Mumbai,479,33,115,2025-03-15
INV-6130,PRD-3130,WH-South-Bengaluru,500,30,44,2025-04-07
INV-6131,PRD-3131,WH-South-Bengaluru,434,0,84,2025-02-01
INV-6132,PRD-3132,WH-South-Bengaluru,251,16,35,2025-04-01
INV-6133,PRD-3133,WH-North-Delhi,162,14,23,2025-03-26
INV-6134,PRD-3134,WH-North-Delhi,246,39,85,2025-02-21
INV-6135,PRD-3135,WH-West-Mumbai,6,0,132,2025-03-04
INV-6136,PRD-3136,WH-East-Kolkata,100,10,23,2025-03-05
INV-6137,PRD-3137,WH-South-Bengaluru,31,14,112,2025-01-12
INV-6138,PRD-3138,WH-Central-Nagpur,390,11,16,2025-01-19
INV-6139,PRD-3139,WH-South-Bengaluru,426,39,154,2025-03-18
INV-6140,PRD-3140,WH-West-Mumbai,302,12,137,2025-03-03
INV-6141,PRD-3141,WH-North-Delhi,107,29,15,2025-01-25
INV-6142,PRD-3142,WH-South-Bengaluru,374,11,80,2025-02-09
INV-6143,PRD-3143,WH-South-Bengaluru,433,28,78,2025-03-12
INV-6144,PRD-3144,WH-Central-Nagpur,0,0,131,2025-02-25
INV-6145,PRD-3145,WH-West-Mumbai,227,34,111,2025-01-17
INV-6146,PRD-3146,WH-North-Delhi,161,4,6,2025-03-30
INV-6147,PRD-3147,WH-East-Kolkata,211,20,24,2025-04-10
INV-6148,PRD-3148,WH-Central-Nagpur,36,30,166,2025-01-05
INV-6149,PRD-3149,WH-Central-Nagpur,436,22,27,2025-03-03
INV-6150,PRD-3150,WH-North-Delhi,492,10,142,2025-03-17
INV-6151,PRD-3151,WH-South-Bengaluru,40,17,95,2025-02-19
INV-6152,PRD-3152,WH-North-Delhi,497,16,14,2025-03-19
INV-6153,PRD-3153,WH-West-Mumbai,285,22,135,2025-01-01
INV-6154,PRD-3154,WH-South-Bengaluru,177,34,25,2025-04-04
INV-6155,PRD-3155,WH-West-Mumbai,164,28,71,2025-02-04
INV-6156,PRD-3156,WH-Central-Nagpur,200,23,68,2025-03-19
INV-6157,PRD-3157,WH-West-Mumbai,471,25,17,2025-03-24
INV-6158,PRD-3158,WH-East-Kolkata,420,30,5,2025-01-07
INV-6159,PRD-3159,WH-South-Bengaluru,5,4,67,2025-01-02
INV-6160,PRD-3160,WH-South-Bengaluru,163,19,35,2025-03-11
INV-6161,PRD-3161,WH-South-Bengaluru,9,3,159,2025-04-11
INV-6162,PRD-3162,WH-Central-Nagpur,76,11,25,2025-03-11
INV-6163,PRD-3163,WH-West-Mumbai,348,13,155,2025-02-18
INV-6164,PRD-3164,WH-East-Kolkata,393,10,15,2025-01-31
INV-6165,PRD-3165,WH-Central-Nagpur,190,34,146,2025-02-21
INV-6166,PRD-3166,WH-South-Bengaluru,321,1,173,2025-02-26
INV-6167,PRD-3167,WH-Central-Nagpur,276,0,43,2025-02-20
INV-6168,PRD-3168,WH-South-Bengaluru,80,38,91,2025-01-12
INV-6169,PRD-3169,WH-East-Kolkata,144,27,158,2025-01-27
INV-6170,PRD-3170,WH-North-Delhi,369,15,92,2025-04-03
INV-6171,PRD-3171,WH-East-Kolkata,67,12,19,2025-01-25
INV-6172,PRD-3172,WH-Central-Nagpur,239,19,72,2025-01-03
INV-6173,PRD-3173,WH-Central-Nagpur,464,32,18,2025-04-08
INV-6174,PRD-3174,WH-East-Kolkata,249,2,134,2025-04-03
INV-6175,PRD-3175,WH-Central-Nagpur,285,30,15,2025-03-18
INV-6176,PRD-3176,WH-North-Delhi,21,21,35,2025-03-18
INV-6177,PRD-3177,WH-Central-Nagpur,47,34,166,2025-02-06
INV-6178,PRD-3178,WH-North-Delhi,40,5,56,2025-03-29
INV-6179,PRD-3179,WH-North-Delhi,415,24,101,2025-01-13
INV-6180,PRD-3180,WH-West-Mumbai,171,34,75,2025-03-12
INV-6181,PRD-3181,WH-South-Bengaluru,287,3,92,2025-01-21
INV-6182,PRD-3182,WH-East-Kolkata,123,11,173,2025-01-16
INV-6183,PRD-3183,WH-West-Mumbai,304,25,13,2025-02-07
INV-6184,PRD-3184,WH-East-Kolkata,408,10,42,2025-01-03
INV-6185,PRD-3185,WH-South-Bengaluru,115,38,125,2025-03-28
INV-6186,PRD-3186,WH-West-Mumbai,243,30,74,2025-02-16
INV-6187,PRD-3187,WH-South-Bengaluru,151,30,19,2025-03-10
INV-6188,PRD-3188,WH-North-Delhi,470,40,55,2025-01-11
INV-6189,PRD-3189,WH-East-Kolkata,384,4,79,2025-02-19
INV-6190,PRD-3190,WH-West-Mumbai,421,39,151,2025-02-13
INV-6191,PRD-3191,WH-North-Delhi,295,17,112,2025-03-04
INV-6192,PRD-3192,WH-East-Kolkata,208,8,109,2025-01-24
INV-6193,PRD-3193,WH-North-Delhi,167,36,101,2025-01-01
INV-6194,PRD-3194,WH-South-Bengaluru,118,0,40,2025-04-06
INV-6195,PRD-3195,WH-East-Kolkata,37,34,82,2025-01-03
INV-6196,PRD-3196,WH-North-Delhi,191,31,147,2025-02-27
INV-6197,PRD-3197,WH-West-Mumbai,110,24,137,2025-02-21
INV-6198,PRD-3198,WH-West-Mumbai,169,3,105,2025-01-31
INV-6199,PRD-3199,WH-West-Mumbai,202,25,66,2025-02-25
INV-6200,PRD-3200,WH-West-Mumbai,189,2,38,2025-04-04
INV-6201,PRD-3201,WH-Central-Nagpur,454,5,170,2025-03-23
INV-6202,PRD-3202,WH-East-Kolkata,136,0,164,2025-03-11
INV-6203,PRD-3203,WH-Central-Nagpur,61,0,60,2025-03-17
INV-6204,PRD-3204,WH-West-Mumbai,303,7,47,2025-01-08
INV-6205,PRD-3205,WH-North-Delhi,327,1,41,2025-02-16
INV-6206,PRD-3206,WH-North-Delhi,11,9,72,2025-02-13
INV-6207,PRD-3207,WH-North-Delhi,352,12,122,2025-04-07
INV-6208,PRD-3208,WH-South-Bengaluru,291,29,157,2025-02-16
INV-6209,PRD-3209,WH-North-Delhi,439,7,152,2025-03-25
INV-6210,PRD-3210,WH-North-Delhi,496,25,15,2025-01-07
INV-6211,PRD-3211,WH-Central-Nagpur,366,34,115,2025-01-06
INV-6212,PRD-3212,WH-North-Delhi,441,29,94,2025-03-05
INV-6213,PRD-3213,WH-South-Bengaluru,338,20,70,2025-02-04
INV-6214,PRD-3214,WH-Central-Nagpur,487,8,16,2025-02-10
INV-6215,PRD-3215,WH-South-Bengaluru,382,35,159,2025-02-06
INV-6216,PRD-3216,WH-South-Bengaluru,473,21,62,2025-03-07
INV-6217,PRD-3217,WH-West-Mumbai,63,35,9,2025-03-22
INV-6218,PRD-3218,WH-Central-Nagpur,61,35,157,2025-02-19
INV-6219,PRD-3219,WH-South-Bengaluru,322,22,140,2025-01-28
INV-6220,PRD-3220,WH-South-Bengaluru,453,18,89,2025-02-20
INV-6221,PRD-3221,WH-East-Kolkata,80,10,157,2025-03-29
INV-6222,PRD-3222,WH-South-Bengaluru,76,7,131,2025-03-20
INV-6223,PRD-3223,WH-East-Kolkata,26,10,109,2025-02-18
INV-6224,PRD-3224,WH-West-Mumbai,120,26,31,2025-02-23
INV-6225,PRD-3225,WH-North-Delhi,158,34,113,2025-01-04
INV-6226,PRD-3226,WH-East-Kolkata,5,2,119,2025-03-23
INV-6227,PRD-3227,WH-North-Delhi,387,26,108,2025-01-03
INV-6228,PRD-3228,WH-North-Delhi,100,22,21,2025-02-16
INV-6229,PRD-3229,WH-Central-Nagpur,186,1,23,2025-02-17
INV-6230,PRD-3230,WH-North-Delhi,348,0,22,2025-02-26
INV-6231,PRD-3231,WH-North-Delhi,347,40,28,2025-02-24
INV-6232,PRD-3232,WH-East-Kolkata,414,6,85,2025-02-24
INV-6233,PRD-3233,WH-West-Mumbai,177,33,117,2025-03-15
INV-6234,PRD-3234,WH-West-Mumbai,191,8,50,2025-02-02
INV-6235,PRD-3235,WH-South-Bengaluru,38,13,67,2025-03-17
INV-6236,PRD-3236,WH-South-Bengaluru,157,28,150,2025-02-03
INV-6237,PRD-3237,WH-West-Mumbai,363,24,72,2025-04-04
INV-6238,PRD-3238,WH-South-Bengaluru,109,6,179,2025-02-10
INV-6239,PRD-3239,WH-East-Kolkata,298,3,86,2025-04-03
INV-6240,PRD-3240,WH-East-Kolkata,63,36,25,2025-04-08
INV-6241,PRD-3241,WH-Central-Nagpur,326,36,141,2025-02-20
INV-6242,PRD-3242,WH-East-Kolkata,493,19,108,2025-03-16
INV-6243,PRD-3243,WH-North-Delhi,219,21,104,2025-01-16
INV-6244,PRD-3244,WH-Central-Nagpur,120,12,87,2025-04-02
INV-6245,PRD-3245,WH-Central-Nagpur,253,16,165,2025-03-27
INV-6246,PRD-3246,WH-Central-Nagpur,235,25,145,2025-01-01
INV-6247,PRD-3247,WH-South-Bengaluru,351,29,17,2025-04-09
INV-6248,PRD-3248,WH-North-Delhi,496,15,127,2025-03-02
INV-6249,PRD-3249,WH-West-Mumbai,277,16,67,2025-01-01
INV-6250,PRD-3250,WH-West-Mumbai,288,11,46,2025-01-04
INV-6251,PRD-3251,WH-Central-Nagpur,184,27,130,2025-01-31
INV-6252,PRD-3252,WH-North-Delhi,97,9,159,2025-03-31
INV-6253,PRD-3253,WH-East-Kolkata,108,8,58,2025-03-14
INV-6254,PRD-3254,WH-East-Kolkata,148,16,15,2025-01-24
INV-6255,PRD-3255,WH-Central-Nagpur,471,8,87,2025-01-31
INV-6256,PRD-3256,WH-North-Delhi,417,25,122,2025-02-18
INV-6257,PRD-3257,WH-Central-Nagpur,440,37,172,2025-01-24
INV-6258,PRD-3258,WH-South-Bengaluru,84,28,126,2025-01-31
INV-6259,PRD-3259,WH-Central-Nagpur,477,10,62,2025-04-03
INV-6260,PRD-3260,WH-Central-Nagpur,444,21,171,2025-01-19
INV-6261,PRD-3261,WH-West-Mumbai,69,15,180,2025-01-24
INV-6262,PRD-3262,WH-West-Mumbai,294,6,69,2025-03-30
INV-6263,PRD-3263,WH-West-Mumbai,33,27,162,2025-01-25
INV-6264,PRD-3264,WH-North-Delhi,389,11,137,2025-02-05
INV-6265,PRD-3265,WH-South-Bengaluru,70,13,81,2025-03-05
INV-6266,PRD-3266,WH-West-Mumbai,309,37,139,2025-01-20
INV-6267,PRD-3267,WH-Central-Nagpur,4,3,89,2025-02-11
INV-6268,PRD-3268,WH-West-Mumbai,168,17,92,2025-01-17
INV-6269,PRD-3269,WH-East-Kolkata,29,29,118,2025-02-11
INV-6270,PRD-3270,WH-East-Kolkata,291,38,164,2025-01-09
INV-6271,PRD-3271,WH-North-Delhi,282,14,36,2025-01-04
INV-6272,PRD-3272,WH-West-Mumbai,366,25,77,2025-02-01
INV-6273,PRD-3273,WH-North-Delhi,344,9,52,2025-04-10
INV-6274,PRD-3274,WH-East-Kolkata,320,9,37,2025-03-05
INV-6275,PRD-3275,WH-East-Kolkata,239,29,60,2025-01-27
INV-6276,PRD-3276,WH-West-Mumbai,212,32,13,2025-02-20
INV-6277,PRD-3277,WH-East-Kolkata,475,19,127,2025-01-04
INV-6278,PRD-3278,WH-East-Kolkata,1,0,147,2025-02-16
INV-6279,PRD-3279,WH-West-Mumbai,121,24,13,2025-02-12
INV-6280,PRD-3280,WH-Central-Nagpur,160,10,164,2025-03-06
INV-6281,PRD-3281,WH-South-Bengaluru,69,40,78,2025-01-11
INV-6282,PRD-3282,WH-West-Mumbai,327,30,81,2025-04-04
INV-6283,PRD-3283,WH-West-Mumbai,67,31,74,2025-01-03
INV-6284,PRD-3284,WH-East-Kolkata,242,23,134,2025-01-22
INV-6285,PRD-3285,WH-East-Kolkata,232,26,40,2025-02-17
INV-6286,PRD-3286,WH-Central-Nagpur,474,0,115,2025-01-21
INV-6287,PRD-3287,WH-West-Mumbai,431,2,67,2025-04-01
INV-6288,PRD-3288,WH-East-Kolkata,97,32,174,2025-02-15
INV-6289,PRD-3289,WH-East-Kolkata,452,16,110,2025-04-04
INV-6290,PRD-3290,WH-West-Mumbai,144,36,119,2025-02-04
INV-6291,PRD-3291,WH-South-Bengaluru,304,31,170,2025-03-17
INV-6292,PRD-3292,WH-North-Delhi,53,33,60,2025-03-17
INV-6293,PRD-3293,WH-Central-Nagpur,347,31,152,2025-03-11
INV-6294,PRD-3294,WH-South-Bengaluru,431,38,24,2025-02-02
INV-6295,PRD-3295,WH-Central-Nagpur,467,32,114,2025-01-05
INV-6296,PRD-3296,WH-Central-Nagpur,378,39,85,2025-02-10
INV-6297,PRD-3297,WH-West-Mumbai,443,18,157,2025-03-31
INV-6298,PRD-3298,WH-North-Delhi,73,26,116,2025-02-07
INV-6299,PRD-3299,WH-North-Delhi,65,8,61,2025-03-17
INV-6300,PRD-3300,WH-South-Bengaluru,457,24,30,2025-01-17
INV-6301,PRD-3301,WH-West-Mumbai,80,35,154,2025-04-01
INV-6302,PRD-3302,WH-Central-Nagpur,412,4,174,2025-01-14
INV-6303,PRD-3303,WH-South-Bengaluru,315,18,148,2025-02-13
INV-6304,PRD-3304,WH-North-Delhi,128,1,6,2025-03-31
INV-6305,PRD-3305,WH-West-Mumbai,93,28,116,2025-04-05
INV-6306,PRD-3306,WH-North-Delhi,70,12,156,2025-03-09
INV-6307,PRD-3307,WH-South-Bengaluru,480,31,81,2025-01-23
INV-6308,PRD-3308,WH-North-Delhi,174,25,123,2025-04-06
INV-6309,PRD-3309,WH-Central-Nagpur,356,31,21,2025-03-07
INV-6310,PRD-3310,WH-Central-Nagpur,269,9,37,2025-01-27
INV-6311,PRD-3311,WH-East-Kolkata,269,34,171,2025-03-03
INV-6312,PRD-3312,WH-West-Mumbai,168,34,79,2025-01-09
INV-6313,PRD-3313,WH-East-Kolkata,267,3,103,2025-03-31
INV-6314,PRD-3314,WH-West-Mumbai,374,12,70,2025-03-15
INV-6315,PRD-3315,WH-South-Bengaluru,205,19,124,2025-04-06
INV-6316,PRD-3316,WH-Central-Nagpur,306,34,74,2025-02-20
INV-6317,PRD-3317,WH-West-Mumbai,385,20,136,2025-02-24
INV-6318,PRD-3318,WH-East-Kolkata,319,17,150,2025-04-10
INV-6319,PRD-3319,WH-East-Kolkata,98,34,66,2025-01-01
INV-6320,PRD-3320,WH-Central-Nagpur,439,28,44,2025-01-26
INV-6321,PRD-3321,WH-East-Kolkata,411,7,17,2025-03-11
INV-6322,PRD-3322,WH-West-Mumbai,293,9,111,2025-01-11
INV-6323,PRD-3323,WH-East-Kolkata,205,8,6,2025-01-13
INV-6324,PRD-3324,WH-East-Kolkata,165,22,86,2025-04-04
INV-6325,PRD-3325,WH-East-Kolkata,350,32,109,2025-02-05
INV-6326,PRD-3326,WH-South-Bengaluru,255,33,107,2025-02-11
INV-6327,PRD-3327,WH-South-Bengaluru,384,22,131,2025-02-15
INV-6328,PRD-3328,WH-West-Mumbai,494,11,70,2025-03-02
INV-6329,PRD-3329,WH-East-Kolkata,140,0,6,2025-01-07
INV-6330,PRD-3330,WH-East-Kolkata,268,28,91,2025-03-08
INV-6331,PRD-3331,WH-East-Kolkata,413,33,38,2025-02-07
INV-6332,PRD-3332,WH-West-Mumbai,182,4,111,2025-02-18
INV-6333,PRD-3333,WH-South-Bengaluru,130,20,32,2025-01-20
INV-6334,PRD-3334,WH-North-Delhi,456,16,82,2025-02-03
INV-6335,PRD-3335,WH-West-Mumbai,394,32,155,2025-03-20
INV-6336,PRD-3336,WH-East-Kolkata,477,18,6,2025-01-19
INV-6337,PRD-3337,WH-North-Delhi,103,33,109,2025-03-10
INV-6338,PRD-3338,WH-East-Kolkata,8,8,64,2025-02-10
INV-6339,PRD-3339,WH-East-Kolkata,444,2,21,2025-02-27
INV-6340,PRD-3340,WH-West-Mumbai,490,15,109,2025-01-25
INV-6341,PRD-3341,WH-West-Mumbai,451,39,81,2025-02-04
INV-6342,PRD-3342,WH-North-Delhi,469,13,136,2025-03-24
INV-6343,PRD-3343,WH-East-Kolkata,31,11,16,2025-03-30
INV-6344,PRD-3344,WH-South-Bengaluru,374,3,143,2025-03-20
INV-6345,PRD-3345,WH-Central-Nagpur,114,1,160,2025-04-10
INV-6346,PRD-3346,WH-South-Bengaluru,382,4,59,2025-02-04
INV-6347,PRD-3347,WH-Central-Nagpur,6,4,115,2025-03-23
INV-6348,PRD-3348,WH-West-Mumbai,421,38,126,2025-03-18
INV-6349,PRD-3349,WH-East-Kolkata,444,36,129,2025-01-18
INV-6350,PRD-3350,WH-South-Bengaluru,172,9,147,2025-02-04
INV-6351,PRD-3351,WH-West-Mumbai,107,23,104,2025-03-20
INV-6352,PRD-3352,WH-South-Bengaluru,269,0,81,2025-02-10
INV-6353,PRD-3353,WH-West-Mumbai,237,13,95,2025-04-07
INV-6354,PRD-3354,WH-East-Kolkata,384,31,81,2025-03-07
INV-6355,PRD-3355,WH-West-Mumbai,293,20,132,2025-03-23
INV-6356,PRD-3356,WH-North-Delhi,293,16,178,2025-01-03
INV-6357,PRD-3357,WH-South-Bengaluru,299,40,145,2025-01-06
INV-6358,PRD-3358,WH-North-Delhi,336,27,5,2025-01-22
INV-6359,PRD-3359,WH-Central-Nagpur,128,17,42,2025-03-25
INV-6360,PRD-3360,WH-West-Mumbai,410,14,28,2025-02-15
INV-6361,PRD-3361,WH-Central-Nagpur,307,8,90,2025-03-08
INV-6362,PRD-3362,WH-South-Bengaluru,312,1,124,2025-01-25
INV-6363,PRD-3363,WH-South-Bengaluru,78,2,63,2025-01-13
INV-6364,PRD-3364,WH-Central-Nagpur,380,28,175,2025-02-28
INV-6365,PRD-3365,WH-East-Kolkata,146,34,116,2025-02-28
INV-6366,PRD-3366,WH-South-Bengaluru,312,23,34,2025-03-26
INV-6367,PRD-3367,WH-South-Bengaluru,34,32,113,2025-04-05
INV-6368,PRD-3368,WH-South-Bengaluru,465,33,45,2025-01-26
INV-6369,PRD-3369,WH-West-Mumbai,256,33,38,2025-03-19
INV-6370,PRD-3370,WH-South-Bengaluru,402,33,106,2025-03-31
INV-6371,PRD-3371,WH-Central-Nagpur,412,17,32,2025-03-15
INV-6372,PRD-3372,WH-East-Kolkata,81,15,170,2025-04-09
INV-6373,PRD-3373,WH-North-Delhi,86,27,12,2025-04-05
INV-6374,PRD-3374,WH-South-Bengaluru,369,35,101,2025-04-02
INV-6375,PRD-3375,WH-Central-Nagpur,387,17,47,2025-02-28
INV-6376,PRD-3376,WH-East-Kolkata,429,30,79,2025-03-08
INV-6377,PRD-3377,WH-North-Delhi,50,28,54,2025-03-31
INV-6378,PRD-3378,WH-West-Mumbai,196,25,51,2025-03-17
INV-6379,PRD-3379,WH-North-Delhi,336,5,100,2025-01-12
INV-6380,PRD-3380,WH-Central-Nagpur,472,5,124,2025-03-11
INV-6381,PRD-3381,WH-Central-Nagpur,76,18,42,2025-02-18
INV-6382,PRD-3382,WH-South-Bengaluru,420,21,149,2025-02-09
INV-6383,PRD-3383,WH-East-Kolkata,318,35,156,2025-01-03
INV-6384,PRD-3384,WH-East-Kolkata,475,9,65,2025-01-18
INV-6385,PRD-3385,WH-East-Kolkata,371,9,61,2025-03-25
INV-6386,PRD-3386,WH-East-Kolkata,60,28,164,2025-03-06
INV-6387,PRD-3387,WH-Central-Nagpur,13,2,48,2025-01-30
INV-6388,PRD-3388,WH-East-Kolkata,347,36,19,2025-01-05
INV-6389,PRD-3389,WH-East-Kolkata,161,17,143,2025-03-22
INV-6390,PRD-3390,WH-East-Kolkata,28,21,146,2025-02-05
INV-6391,PRD-3391,WH-East-Kolkata,228,37,87,2025-04-01
INV-6392,PRD-3392,WH-South-Bengaluru,36,28,112,2025-03-05
INV-6393,PRD-3393,WH-South-Bengaluru,160,12,156,2025-03-09
INV-6394,PRD-3394,WH-West-Mumbai,419,34,143,2025-03-21
INV-6395,PRD-3395,WH-West-Mumbai,431,28,58,2025-03-01
INV-6396,PRD-3396,WH-Central-Nagpur,33,22,154,2025-01-09
INV-6397,PRD-3397,WH-South-Bengaluru,252,38,19,2025-03-13
INV-6398,PRD-3398,WH-Central-Nagpur,154,23,135,2025-03-19
INV-6399,PRD-3399,WH-East-Kolkata,85,25,145,2025-01-27
INV-6400,PRD-3400,WH-Central-Nagpur,134,35,136,2025-02-26
INV-6401,PRD-3401,WH-East-Kolkata,105,33,10,2025-01-20
INV-6402,PRD-3402,WH-West-Mumbai,350,30,107,2025-01-11
INV-6403,PRD-3403,WH-North-Delhi,121,37,107,2025-03-29
INV-6404,PRD-3404,WH-West-Mumbai,92,7,166,2025-04-11
INV-6405,PRD-3405,WH-Central-Nagpur,14,10,90,2025-04-05
INV-6406,PRD-3406,WH-West-Mumbai,280,34,30,2025-01-20
INV-6407,PRD-3407,WH-Central-Nagpur,331,34,138,2025-03-24
INV-6408,PRD-3408,WH-East-Kolkata,433,6,135,2025-04-09
INV-6409,PRD-3409,WH-North-Delhi,417,1,171,2025-03-04
INV-6410,PRD-3410,WH-West-Mumbai,468,25,104,2025-04-02
INV-6411,PRD-3411,WH-Central-Nagpur,18,3,17,2025-02-28
INV-6412,PRD-3412,WH-Central-Nagpur,67,14,128,2025-04-10
INV-6413,PRD-3413,WH-North-Delhi,301,35,41,2025-02-19
INV-6414,PRD-3414,WH-Central-Nagpur,310,14,62,2025-02-05
INV-6415,PRD-3415,WH-Central-Nagpur,339,27,174,2025-02-08
INV-6416,PRD-3416,WH-Central-Nagpur,461,29,16,2025-02-01
INV-6417,PRD-3417,WH-South-Bengaluru,22,13,130,2025-02-11
INV-6418,PRD-3418,WH-East-Kolkata,261,39,110,2025-03-08
INV-6419,PRD-3419,WH-North-Delhi,498,12,91,2025-02-15
INV-6420,PRD-3420,WH-East-Kolkata,6,6,129,2025-02-26
INV-6421,PRD-3421,WH-North-Delhi,378,6,48,2025-03-26
INV-6422,PRD-3422,WH-North-Delhi,51,20,89,2025-02-13
INV-6423,PRD-3423,WH-West-Mumbai,348,20,117,2025-03-28
INV-6424,PRD-3424,WH-West-Mumbai,183,8,169,2025-01-12
INV-6425,PRD-3425,WH-Central-Nagpur,244,39,159,2025-03-28
INV-6426,PRD-3426,WH-North-Delhi,264,17,76,2025-02-03
INV-6427,PRD-3427,WH-West-Mumbai,159,23,135,2025-03-10
INV-6428,PRD-3428,WH-North-Delhi,53,4,84,2025-01-09
INV-6429,PRD-3429,WH-South-Bengaluru,454,30,18,2025-03-25
INV-6430,PRD-3430,WH-West-Mumbai,385,9,63,2025-03-24
INV-6431,PRD-3431,WH-South-Bengaluru,435,3,55,2025-02-21
INV-6432,PRD-3432,WH-Central-Nagpur,227,7,88,2025-03-22
INV-6433,PRD-3433,WH-East-Kolkata,419,34,159,2025-01-10
INV-6434,PRD-3434,WH-West-Mumbai,298,40,117,2025-02-27
INV-6435,PRD-3435,WH-Central-Nagpur,228,34,18,2025-01-19
INV-6436,PRD-3436,WH-North-Delhi,327,19,165,2025-02-04
INV-6437,PRD-3437,WH-South-Bengaluru,218,32,79,2025-02-03
INV-6438,PRD-3438,WH-East-Kolkata,499,30,152,2025-02-07
INV-6439,PRD-3439,WH-West-Mumbai,468,14,113,2025-04-03
INV-6440,PRD-3440,WH-East-Kolkata,488,19,10,2025-01-09
INV-6441,PRD-3441,WH-East-Kolkata,111,8,161,2025-02-10
INV-6442,PRD-3442,WH-East-Kolkata,111,31,134,2025-03-26
INV-6443,PRD-3443,WH-North-Delhi,444,7,95,2025-03-16
INV-6444,PRD-3444,WH-East-Kolkata,187,28,46,2025-03-18
INV-6445,PRD-3445,WH-North-Delhi,339,28,64,2025-01-14
INV-6446,PRD-3446,WH-Central-Nagpur,201,35,58,2025-04-01
INV-6447,PRD-3447,WH-West-Mumbai,69,36,27,2025-02-12
INV-6448,PRD-3448,WH-Central-Nagpur,188,19,169,2025-01-21
INV-6449,PRD-3449,WH-North-Delhi,116,11,81,2025-01-12
INV-6450,PRD-3450,WH-East-Kolkata,437,23,22,2025-03-12
INV-6451,PRD-3451,WH-South-Bengaluru,320,16,142,2025-02-01
INV-6452,PRD-3452,WH-Central-Nagpur,221,24,11,2025-03-01
INV-6453,PRD-3453,WH-North-Delhi,153,18,103,2025-03-02
INV-6454,PRD-3454,WH-South-Bengaluru,199,11,36,2025-02-14
INV-6455,PRD-3455,WH-Central-Nagpur,182,34,77,2025-03-25
INV-6456,PRD-3456,WH-West-Mumbai,471,40,129,2025-02-04
INV-6457,PRD-3457,WH-Central-Nagpur,58,27,21,2025-02-26
INV-6458,PRD-3458,WH-West-Mumbai,172,0,46,2025-01-22
INV-6459,PRD-3459,WH-West-Mumbai,262,6,108,2025-03-14
INV-6460,PRD-3460,WH-Central-Nagpur,36,18,30,2025-01-30
INV-6461,PRD-3461,WH-South-Bengaluru,428,17,175,2025-03-03
INV-6462,PRD-3462,WH-East-Kolkata,357,3,156,2025-02-02
INV-6463,PRD-3463,WH-Central-Nagpur,104,31,120,2025-02-06
INV-6464,PRD-3464,WH-West-Mumbai,376,8,156,2025-04-03
INV-6465,PRD-3465,WH-North-Delhi,274,25,78,2025-03-27
INV-6466,PRD-3466,WH-North-Delhi,497,12,12,2025-01-20
INV-6467,PRD-3467,WH-East-Kolkata,492,40,94,2025-04-06
INV-6468,PRD-3468,WH-West-Mumbai,294,37,103,2025-04-01
INV-6469,PRD-3469,WH-North-Delhi,59,35,53,2025-02-23
INV-6470,PRD-3470,WH-East-Kolkata,231,29,36,2025-03-18
INV-6471,PRD-3471,WH-East-Kolkata,212,26,116,2025-01-10
INV-6472,PRD-3472,WH-West-Mumbai,71,20,105,2025-01-31
INV-6473,PRD-3473,WH-South-Bengaluru,89,2,39,2025-01-17
INV-6474,PRD-3474,WH-North-Delhi,348,14,73,2025-03-20
INV-6475,PRD-3475,WH-Central-Nagpur,278,2,23,2025-01-27
INV-6476,PRD-3476,WH-East-Kolkata,497,27,146,2025-01-29
INV-6477,PRD-3477,WH-East-Kolkata,249,22,163,2025-04-05
INV-6478,PRD-3478,WH-West-Mumbai,48,30,120,2025-03-20
INV-6479,PRD-3479,WH-West-Mumbai,167,9,167,2025-02-08
INV-6480,PRD-3480,WH-South-Bengaluru,416,25,35,2025-02-05
INV-6481,PRD-3481,WH-South-Bengaluru,13,9,47,2025-01-28
INV-6482,PRD-3482,WH-North-Delhi,397,22,21,2025-02-28
INV-6483,PRD-3483,WH-South-Bengaluru,435,25,97,2025-02-25
INV-6484,PRD-3484,WH-South-Bengaluru,71,24,18,2025-01-15
INV-6485,PRD-3485,WH-Central-Nagpur,196,15,130,2025-04-07
INV-6486,PRD-3486,WH-North-Delhi,194,13,22,2025-03-14
INV-6487,PRD-3487,WH-Central-Nagpur,400,22,169,2025-02-18
INV-6488,PRD-3488,WH-Central-Nagpur,324,21,96,2025-03-16
INV-6489,PRD-3489,WH-North-Delhi,327,11,129,2025-03-29
INV-6490,PRD-3490,WH-East-Kolkata,192,16,28,2025-02-08
INV-6491,PRD-3491,WH-Central-Nagpur,23,0,60,2025-03-12
INV-6492,PRD-3492,WH-South-Bengaluru,1,0,90,2025-02-13
INV-6493,PRD-3493,WH-West-Mumbai,373,13,74,2025-04-10
INV-6494,PRD-3494,WH-South-Bengaluru,473,16,145,2025-02-21
INV-6495,PRD-3495,WH-East-Kolkata,72,11,141,2025-03-10
INV-6496,PRD-3496,WH-North-Delhi,293,0,81,2025-03-02
INV-6497,PRD-3497,WH-North-Delhi,489,14,21,2025-02-02
INV-6498,PRD-3498,WH-South-Bengaluru,141,24,26,2025-02-17
INV-6499,PRD-3499,WH-East-Kolkata,149,37,55,2025-01-20
INV-6500,PRD-3500,WH-South-Bengaluru,47,7,71,2025-03-31
INV-6501,PRD-3001,WH-Central-Nagpur,234,33,137,2025-03-01
INV-6502,PRD-3002,WH-Central-Nagpur,421,20,59,2025-01-09
INV-6503,PRD-3003,WH-North-Delhi,447,0,79,2025-01-02
INV-6504,PRD-3004,WH-Central-Nagpur,164,18,67,2025-02-26
INV-6505,PRD-3005,WH-East-Kolkata,333,27,113,2025-01-13
INV-6506,PRD-3006,WH-Central-Nagpur,99,3,140,2025-02-17
INV-6507,PRD-3007,WH-Central-Nagpur,26,1,30,2025-04-03
INV-6508,PRD-3008,WH-Central-Nagpur,245,15,26,2025-02-09
INV-6509,PRD-3009,WH-North-Delhi,298,5,88,2025-01-12
INV-6510,PRD-3010,WH-West-Mumbai,128,14,115,2025-03-03
INV-6511,PRD-3011,WH-Central-Nagpur,211,10,166,2025-01-14
INV-6512,PRD-3012,WH-West-Mumbai,248,35,24,2025-03-12
INV-6513,PRD-3013,WH-East-Kolkata,49,2,162,2025-03-27
INV-6514,PRD-3014,WH-East-Kolkata,323,33,86,2025-02-24
INV-6515,PRD-3015,WH-South-Bengaluru,65,21,121,2025-01-07
INV-6516,PRD-3016,WH-East-Kolkata,328,35,171,2025-01-01
INV-6517,PRD-3017,WH-North-Delhi,442,27,153,2025-03-26
INV-6518,PRD-3018,WH-North-Delhi,125,4,100,2025-02-03
INV-6519,PRD-3019,WH-North-Delhi,361,12,8,2025-02-21
INV-6520,PRD-3020,WH-West-Mumbai,27,5,54,2025-01-07
INV-6521,PRD-3021,WH-North-Delhi,490,32,115,2025-02-12
INV-6522,PRD-3022,WH-South-Bengaluru,465,1,177,2025-02-11
INV-6523,PRD-3023,WH-North-Delhi,86,18,29,2025-01-13
INV-6524,PRD-3024,WH-South-Bengaluru,403,9,11,2025-02-21
INV-6525,PRD-3025,WH-East-Kolkata,245,2,31,2025-02-10
INV-6526,PRD-3026,WH-West-Mumbai,131,20,155,2025-03-14
INV-6527,PRD-3027,WH-North-Delhi,9,1,107,2025-02-24
INV-6528,PRD-3028,WH-North-Delhi,105,33,41,2025-01-17
INV-6529,PRD-3029,WH-North-Delhi,436,8,76,2025-01-05
INV-6530,PRD-3030,WH-West-Mumbai,163,14,155,2025-01-17
INV-6531,PRD-3031,WH-North-Delhi,340,11,17,2025-02-17
INV-6532,PRD-3032,WH-East-Kolkata,71,1,29,2025-03-26
INV-6533,PRD-3033,WH-Central-Nagpur,387,2,24,2025-01-15
INV-6534,PRD-3034,WH-North-Delhi,131,34,83,2025-01-27
INV-6535,PRD-3035,WH-North-Delhi,294,6,54,2025-01-30
INV-6536,PRD-3036,WH-North-Delhi,186,11,137,2025-02-18
INV-6537,PRD-3037,WH-West-Mumbai,407,13,45,2025-02-01
INV-6538,PRD-3038,WH-Central-Nagpur,130,21,110,2025-03-28
INV-6539,PRD-3039,WH-South-Bengaluru,170,8,60,2025-02-08
INV-6540,PRD-3040,WH-North-Delhi,256,25,81,2025-04-09
INV-6541,PRD-3041,WH-South-Bengaluru,312,28,114,2025-01-01
INV-6542,PRD-3042,WH-North-Delhi,135,37,136,2025-02-25
INV-6543,PRD-3043,WH-East-Kolkata,98,17,49,2025-04-06
INV-6544,PRD-3044,WH-West-Mumbai,373,37,96,2025-02-01
INV-6545,PRD-3045,WH-East-Kolkata,384,29,167,2025-03-27
INV-6546,PRD-3046,WH-East-Kolkata,320,15,75,2025-03-26
INV-6547,PRD-3047,WH-Central-Nagpur,281,40,165,2025-02-16
INV-6548,PRD-3048,WH-North-Delhi,318,30,64,2025-02-15
INV-6549,PRD-3049,WH-East-Kolkata,427,5,90,2025-03-30
INV-6550,PRD-3050,WH-North-Delhi,196,25,99,2025-02-12
INV-6551,PRD-3051,WH-Central-Nagpur,433,4,73,2025-03-04
INV-6552,PRD-3052,WH-East-Kolkata,491,10,99,2025-04-11
INV-6553,PRD-3053,WH-North-Delhi,446,40,135,2025-01-08
INV-6554,PRD-3054,WH-Central-Nagpur,469,26,111,2025-02-08
INV-6555,PRD-3055,WH-West-Mumbai,136,30,99,2025-01-29
INV-6556,PRD-3056,WH-North-Delhi,207,37,99,2025-01-21
INV-6557,PRD-3057,WH-South-Bengaluru,449,28,74,2025-04-08
INV-6558,PRD-3058,WH-East-Kolkata,222,20,175,2025-01-30
INV-6559,PRD-3059,WH-South-Bengaluru,106,35,153,2025-03-31
INV-6560,PRD-3060,WH-East-Kolkata,65,40,152,2025-03-12
INV-6561,PRD-3061,WH-South-Bengaluru,382,15,44,2025-02-07
INV-6562,PRD-3062,WH-North-Delhi,449,24,131,2025-03-17
INV-6563,PRD-3063,WH-North-Delhi,152,6,91,2025-03-02
INV-6564,PRD-3064,WH-West-Mumbai,80,29,170,2025-03-31
INV-6565,PRD-3065,WH-East-Kolkata,486,12,165,2025-03-12
INV-6566,PRD-3066,WH-North-Delhi,165,17,59,2025-03-26
INV-6567,PRD-3067,WH-South-Bengaluru,210,35,89,2025-03-06
INV-6568,PRD-3068,WH-East-Kolkata,126,36,11,2025-02-22
INV-6569,PRD-3069,WH-West-Mumbai,201,34,42,2025-02-07
INV-6570,PRD-3070,WH-Central-Nagpur,240,37,168,2025-01-31
INV-6571,PRD-3071,WH-Central-Nagpur,311,34,173,2025-01-10
INV-6572,PRD-3072,WH-East-Kolkata,49,22,62,2025-03-28
INV-6573,PRD-3073,WH-Central-Nagpur,42,6,105,2025-04-11
INV-6574,PRD-3074,WH-Central-Nagpur,335,12,123,2025-01-12
INV-6575,PRD-3075,WH-West-Mumbai,125,1,132,2025-01-27
INV-6576,PRD-3076,WH-East-Kolkata,66,24,20,2025-03-02
INV-6577,PRD-3077,WH-North-Delhi,396,0,29,2025-02-05
INV-6578,PRD-3078,WH-Central-Nagpur,314,27,128,2025-03-12
INV-6579,PRD-3079,WH-West-Mumbai,284,8,103,2025-04-04
INV-6580,PRD-3080,WH-South-Bengaluru,293,13,35,2025-01-17
INV-6581,PRD-3081,WH-West-Mumbai,146,25,55,2025-03-17
INV-6582,PRD-3082,WH-South-Bengaluru,400,28,106,2025-01-24
INV-6583,PRD-3083,WH-South-Bengaluru,328,17,41,2025-04-06
INV-6584,PRD-3084,WH-Central-Nagpur,425,40,47,2025-02-19
INV-6585,PRD-3085,WH-South-Bengaluru,176,25,57,2025-01-25
INV-6586,PRD-3086,WH-Central-Nagpur,55,29,40,2025-04-06
INV-6587,PRD-3087,WH-Central-Nagpur,440,37,166,2025-02-08
INV-6588,PRD-3088,WH-West-Mumbai,110,25,151,2025-02-03
INV-6589,PRD-3089,WH-Central-Nagpur,433,5,175,2025-01-15
INV-6590,PRD-3090,WH-North-Delhi,328,26,103,2025-04-02
INV-6591,PRD-3091,WH-South-Bengaluru,290,29,27,2025-03-21
INV-6592,PRD-3092,WH-East-Kolkata,231,1,110,2025-03-29
INV-6593,PRD-3093,WH-Central-Nagpur,114,13,89,2025-01-29
INV-6594,PRD-3094,WH-Central-Nagpur,56,2,31,2025-02-19
INV-6595,PRD-3095,WH-West-Mumbai,86,22,151,2025-01-04
INV-6596,PRD-3096,WH-West-Mumbai,205,15,150,2025-03-19
INV-6597,PRD-3097,WH-South-Bengaluru,374,37,13,2025-04-08
INV-6598,PRD-3098,WH-West-Mumbai,99,14,64,2025-02-04
INV-6599,PRD-3099,WH-South-Bengaluru,110,30,175,2025-02-23
INV-6600,PRD-3100,WH-East-Kolkata,336,13,180,2025-02-05
INV-6601,PRD-3101,WH-Central-Nagpur,406,6,77,2025-01-06
INV-6602,PRD-3102,WH-Central-Nagpur,279,16,27,2025-04-04
INV-6603,PRD-3103,WH-West-Mumbai,488,4,116,2025-03-05
INV-6604,PRD-3104,WH-Central-Nagpur,110,2,23,2025-02-02
INV-6605,PRD-3105,WH-Central-Nagpur,46,6,107,2025-01-02
INV-6606,PRD-3106,WH-South-Bengaluru,296,37,174,2025-03-26
INV-6607,PRD-3107,WH-West-Mumbai,395,1,17,2025-02-09
INV-6608,PRD-3108,WH-North-Delhi,457,2,43,2025-03-09
INV-6609,PRD-3109,WH-Central-Nagpur,425,26,111,2025-01-16
INV-6610,PRD-3110,WH-East-Kolkata,468,34,13,2025-04-06
INV-6611,PRD-3111,WH-West-Mumbai,448,39,159,2025-01-06
INV-6612,PRD-3112,WH-North-Delhi,149,9,36,2025-04-09
INV-6613,PRD-3113,WH-North-Delhi,132,32,89,2025-02-08
INV-6614,PRD-3114,WH-Central-Nagpur,133,9,20,2025-01-27
INV-6615,PRD-3115,WH-South-Bengaluru,101,4,113,2025-01-08
INV-6616,PRD-3116,WH-East-Kolkata,289,6,129,2025-03-17
INV-6617,PRD-3117,WH-West-Mumbai,105,34,102,2025-01-08
INV-6618,PRD-3118,WH-West-Mumbai,165,30,30,2025-03-31
INV-6619,PRD-3119,WH-West-Mumbai,404,31,34,2025-01-27
INV-6620,PRD-3120,WH-North-Delhi,400,6,154,2025-03-29
INV-6621,PRD-3121,WH-South-Bengaluru,474,1,39,2025-02-08
INV-6622,PRD-3122,WH-East-Kolkata,342,0,46,2025-03-08
INV-6623,PRD-3123,WH-Central-Nagpur,411,5,79,2025-01-12
INV-6624,PRD-3124,WH-West-Mumbai,67,34,122,2025-03-22
INV-6625,PRD-3125,WH-South-Bengaluru,162,8,129,2025-03-31
INV-6626,PRD-3126,WH-West-Mumbai,395,38,59,2025-02-25
INV-6627,PRD-3127,WH-East-Kolkata,434,32,99,2025-03-04
INV-6628,PRD-3128,WH-East-Kolkata,150,27,53,2025-03-19
INV-6629,PRD-3129,WH-West-Mumbai,122,35,25,2025-01-05
INV-6630,PRD-3130,WH-East-Kolkata,154,39,33,2025-03-26
INV-6631,PRD-3131,WH-East-Kolkata,62,36,78,2025-01-22
INV-6632,PRD-3132,WH-North-Delhi,328,9,35,2025-02-14
INV-6633,PRD-3133,WH-South-Bengaluru,449,3,24,2025-04-01
INV-6634,PRD-3134,WH-North-Delhi,42,21,60,2025-02-12
INV-6635,PRD-3135,WH-West-Mumbai,210,38,174,2025-02-25
INV-6636,PRD-3136,WH-North-Delhi,198,4,109,2025-03-12
INV-6637,PRD-3137,WH-South-Bengaluru,416,22,91,2025-01-22
INV-6638,PRD-3138,WH-South-Bengaluru,89,31,84,2025-01-10
INV-6639,PRD-3139,WH-West-Mumbai,71,40,98,2025-02-06
INV-6640,PRD-3140,WH-East-Kolkata,368,4,124,2025-03-16
INV-6641,PRD-3141,WH-Central-Nagpur,305,39,75,2025-03-08
INV-6642,PRD-3142,WH-Central-Nagpur,468,22,114,2025-02-19
INV-6643,PRD-3143,WH-Central-Nagpur,144,32,150,2025-03-18
INV-6644,PRD-3144,WH-North-Delhi,29,0,99,2025-01-14
INV-6645,PRD-3145,WH-Central-Nagpur,321,21,115,2025-02-27
INV-6646,PRD-3146,WH-South-Bengaluru,480,25,58,2025-02-16
INV-6647,PRD-3147,WH-South-Bengaluru,398,32,80,2025-01-19
INV-6648,PRD-3148,WH-North-Delhi,229,40,27,2025-02-28
INV-6649,PRD-3149,WH-North-Delhi,199,25,39,2025-04-08
INV-6650,PRD-3150,WH-South-Bengaluru,207,23,11,2025-02-03
INV-6651,PRD-3151,WH-East-Kolkata,447,0,126,2025-01-03
INV-6652,PRD-3152,WH-West-Mumbai,42,18,172,2025-02-05
INV-6653,PRD-3153,WH-West-Mumbai,429,14,6,2025-02-18
INV-6654,PRD-3154,WH-Central-Nagpur,331,26,51,2025-02-03
INV-6655,PRD-3155,WH-West-Mumbai,403,32,118,2025-04-10
INV-6656,PRD-3156,WH-West-Mumbai,448,0,5,2025-03-23
INV-6657,PRD-3157,WH-East-Kolkata,209,34,158,2025-01-08
INV-6658,PRD-3158,WH-South-Bengaluru,497,6,129,2025-01-18
INV-6659,PRD-3159,WH-Central-Nagpur,72,0,125,2025-02-22
INV-6660,PRD-3160,WH-North-Delhi,98,32,33,2025-01-16
INV-6661,PRD-3161,WH-South-Bengaluru,445,10,40,2025-01-30
INV-6662,PRD-3162,WH-North-Delhi,282,9,51,2025-01-23
INV-6663,PRD-3163,WH-Central-Nagpur,79,18,8,2025-03-10
INV-6664,PRD-3164,WH-South-Bengaluru,241,20,44,2025-03-09
INV-6665,PRD-3165,WH-North-Delhi,183,38,156,2025-03-18
INV-6666,PRD-3166,WH-South-Bengaluru,16,0,74,2025-01-12
INV-6667,PRD-3167,WH-West-Mumbai,371,35,73,2025-02-27
INV-6668,PRD-3168,WH-Central-Nagpur,410,7,63,2025-02-17
INV-6669,PRD-3169,WH-West-Mumbai,360,7,68,2025-02-14
INV-6670,PRD-3170,WH-West-Mumbai,422,20,54,2025-02-10
INV-6671,PRD-3171,WH-East-Kolkata,474,9,47,2025-04-09
INV-6672,PRD-3172,WH-Central-Nagpur,303,8,6,2025-02-25
INV-6673,PRD-3173,WH-South-Bengaluru,60,40,175,2025-02-16
INV-6674,PRD-3174,WH-East-Kolkata,284,2,158,2025-04-08
INV-6675,PRD-3175,WH-East-Kolkata,268,15,12,2025-01-17
INV-6676,PRD-3176,WH-Central-Nagpur,8,1,11,2025-02-08
INV-6677,PRD-3177,WH-West-Mumbai,318,18,89,2025-02-01
INV-6678,PRD-3178,WH-South-Bengaluru,39,39,90,2025-04-08
INV-6679,PRD-3179,WH-North-Delhi,402,32,29,2025-03-25
INV-6680,PRD-3180,WH-South-Bengaluru,147,30,147,2025-02-22
INV-6681,PRD-3181,WH-East-Kolkata,147,40,37,2025-03-12
INV-6682,PRD-3182,WH-West-Mumbai,89,5,169,2025-03-07
INV-6683,PRD-3183,WH-Central-Nagpur,474,39,62,2025-01-03
INV-6684,PRD-3184,WH-East-Kolkata,113,22,132,2025-03-13
INV-6685,PRD-3185,WH-West-Mumbai,344,14,123,2025-03-13
INV-6686,PRD-3186,WH-Central-Nagpur,395,7,175,2025-01-19
INV-6687,PRD-3187,WH-West-Mumbai,113,39,118,2025-02-02
INV-6688,PRD-3188,WH-North-Delhi,420,25,157,2025-03-15
INV-6689,PRD-3189,WH-West-Mumbai,163,21,146,2025-02-11
INV-6690,PRD-3190,WH-South-Bengaluru,468,31,100,2025-03-17
INV-6691,PRD-3191,WH-Central-Nagpur,156,1,144,2025-04-08
INV-6692,PRD-3192,WH-South-Bengaluru,95,36,5,2025-02-23
INV-6693,PRD-3193,WH-Central-Nagpur,493,27,150,2025-03-23
INV-6694,PRD-3194,WH-West-Mumbai,353,19,96,2025-01-20
INV-6695,PRD-3195,WH-Central-Nagpur,311,34,114,2025-01-02
INV-6696,PRD-3196,WH-East-Kolkata,34,3,104,2025-02-12
INV-6697,PRD-3197,WH-East-Kolkata,235,15,64,2025-02-27
INV-6698,PRD-3198,WH-South-Bengaluru,190,28,16,2025-01-11
INV-6699,PRD-3199,WH-East-Kolkata,162,9,118,2025-02-23
INV-6700,PRD-3200,WH-West-Mumbai,474,14,112,2025-03-26
INV-6701,PRD-3201,WH-Central-Nagpur,35,19,155,2025-03-12
INV-6702,PRD-3202,WH-West-Mumbai,71,22,61,2025-03-23
INV-6703,PRD-3203,WH-West-Mumbai,262,17,54,2025-03-03
INV-6704,PRD-3204,WH-East-Kolkata,315,39,46,2025-03-23
INV-6705,PRD-3205,WH-Central-Nagpur,434,25,80,2025-02-04
INV-6706,PRD-3206,WH-South-Bengaluru,235,31,51,2025-02-11
INV-6707,PRD-3207,WH-West-Mumbai,272,18,177,2025-01-24
INV-6708,PRD-3208,WH-North-Delhi,380,9,69,2025-01-23
INV-6709,PRD-3209,WH-North-Delhi,154,32,6,2025-04-09
INV-6710,PRD-3210,WH-West-Mumbai,140,5,121,2025-04-01
INV-6711,PRD-3211,WH-North-Delhi,157,7,89,2025-02-13
INV-6712,PRD-3212,WH-North-Delhi,482,25,158,2025-01-14
INV-6713,PRD-3213,WH-South-Bengaluru,273,21,85,2025-02-28
INV-6714,PRD-3214,WH-South-Bengaluru,433,37,12,2025-02-19
INV-6715,PRD-3215,WH-North-Delhi,427,31,149,2025-02-18
INV-6716,PRD-3216,WH-West-Mumbai,83,17,47,2025-02-17
INV-6717,PRD-3217,WH-East-Kolkata,31,15,59,2025-01-29
INV-6718,PRD-3218,WH-North-Delhi,317,21,177,2025-03-18
INV-6719,PRD-3219,WH-South-Bengaluru,183,11,61,2025-01-11
INV-6720,PRD-3220,WH-South-Bengaluru,327,34,40,2025-03-09
INV-6721,PRD-3221,WH-East-Kolkata,115,2,76,2025-01-03
INV-6722,PRD-3222,WH-North-Delhi,309,27,105,2025-01-24
INV-6723,PRD-3223,WH-Central-Nagpur,307,5,118,2025-01-21
INV-6724,PRD-3224,WH-West-Mumbai,248,18,45,2025-03-18
INV-6725,PRD-3225,WH-North-Delhi,424,8,11,2025-02-08
INV-6726,PRD-3226,WH-West-Mumbai,208,29,143,2025-04-09
INV-6727,PRD-3227,WH-North-Delhi,463,7,96,2025-03-29
INV-6728,PRD-3228,WH-North-Delhi,302,11,108,2025-02-18
INV-6729,PRD-3229,WH-Central-Nagpur,107,30,6,2025-02-20
INV-6730,PRD-3230,WH-North-Delhi,64,22,13,2025-01-28
INV-6731,PRD-3231,WH-West-Mumbai,429,14,155,2025-01-21
INV-6732,PRD-3232,WH-Central-Nagpur,23,9,141,2025-04-10
INV-6733,PRD-3233,WH-South-Bengaluru,3,1,43,2025-01-06
INV-6734,PRD-3234,WH-East-Kolkata,48,37,17,2025-01-14
INV-6735,PRD-3235,WH-Central-Nagpur,122,15,59,2025-02-17
INV-6736,PRD-3236,WH-Central-Nagpur,115,31,159,2025-03-04
INV-6737,PRD-3237,WH-West-Mumbai,309,3,5,2025-01-08
INV-6738,PRD-3238,WH-West-Mumbai,94,37,170,2025-02-13
INV-6739,PRD-3239,WH-East-Kolkata,50,24,42,2025-01-24
INV-6740,PRD-3240,WH-South-Bengaluru,192,17,131,2025-01-09
INV-6741,PRD-3241,WH-Central-Nagpur,378,23,95,2025-03-18
INV-6742,PRD-3242,WH-South-Bengaluru,1,1,153,2025-03-21
INV-6743,PRD-3243,WH-North-Delhi,116,0,78,2025-04-10
INV-6744,PRD-3244,WH-South-Bengaluru,372,13,39,2025-04-06
INV-6745,PRD-3245,WH-North-Delhi,42,24,171,2025-03-22
INV-6746,PRD-3246,WH-East-Kolkata,238,34,24,2025-02-06
INV-6747,PRD-3247,WH-South-Bengaluru,192,18,117,2025-04-04
INV-6748,PRD-3248,WH-South-Bengaluru,428,15,118,2025-01-02
INV-6749,PRD-3249,WH-West-Mumbai,314,18,95,2025-01-26
INV-6750,PRD-3250,WH-Central-Nagpur,358,6,25,2025-03-27
INV-6751,PRD-3251,WH-East-Kolkata,498,31,114,2025-02-23
INV-6752,PRD-3252,WH-East-Kolkata,174,3,93,2025-01-23
INV-6753,PRD-3253,WH-East-Kolkata,331,26,22,2025-01-17
INV-6754,PRD-3254,WH-West-Mumbai,401,36,45,2025-03-12
INV-6755,PRD-3255,WH-West-Mumbai,420,20,127,2025-03-12
INV-6756,PRD-3256,WH-West-Mumbai,208,4,164,2025-01-08
INV-6757,PRD-3257,WH-North-Delhi,67,15,22,2025-03-28
INV-6758,PRD-3258,WH-West-Mumbai,200,30,165,2025-03-12
INV-6759,PRD-3259,WH-East-Kolkata,12,6,166,2025-03-03
INV-6760,PRD-3260,WH-East-Kolkata,104,21,67,2025-01-18
INV-6761,PRD-3261,WH-North-Delhi,101,31,36,2025-03-11
INV-6762,PRD-3262,WH-South-Bengaluru,299,9,23,2025-01-18
INV-6763,PRD-3263,WH-East-Kolkata,419,40,137,2025-04-03
INV-6764,PRD-3264,WH-South-Bengaluru,331,32,99,2025-02-23
INV-6765,PRD-3265,WH-North-Delhi,466,31,26,2025-01-11
INV-6766,PRD-3266,WH-South-Bengaluru,433,9,160,2025-02-09
INV-6767,PRD-3267,WH-North-Delhi,11,0,12,2025-04-06
INV-6768,PRD-3268,WH-North-Delhi,232,21,67,2025-03-14
INV-6769,PRD-3269,WH-Central-Nagpur,289,9,67,2025-03-31
INV-6770,PRD-3270,WH-West-Mumbai,106,9,71,2025-02-25
INV-6771,PRD-3271,WH-South-Bengaluru,306,40,133,2025-02-18
INV-6772,PRD-3272,WH-East-Kolkata,313,13,37,2025-03-03
INV-6773,PRD-3273,WH-Central-Nagpur,365,16,31,2025-03-04
INV-6774,PRD-3274,WH-Central-Nagpur,103,31,110,2025-02-13
INV-6775,PRD-3275,WH-Central-Nagpur,36,21,58,2025-03-09
INV-6776,PRD-3276,WH-North-Delhi,21,3,30,2025-04-10
INV-6777,PRD-3277,WH-South-Bengaluru,341,1,104,2025-02-15
INV-6778,PRD-3278,WH-North-Delhi,358,27,105,2025-02-07
INV-6779,PRD-3279,WH-North-Delhi,220,28,61,2025-02-17
INV-6780,PRD-3280,WH-West-Mumbai,412,9,129,2025-01-24
INV-6781,PRD-3281,WH-South-Bengaluru,161,22,61,2025-02-01
INV-6782,PRD-3282,WH-East-Kolkata,486,23,177,2025-02-20
INV-6783,PRD-3283,WH-South-Bengaluru,476,24,162,2025-03-02
INV-6784,PRD-3284,WH-East-Kolkata,133,33,117,2025-03-07
INV-6785,PRD-3285,WH-South-Bengaluru,301,27,45,2025-01-22
INV-6786,PRD-3286,WH-South-Bengaluru,416,36,78,2025-04-01
INV-6787,PRD-3287,WH-South-Bengaluru,425,7,10,2025-02-09
INV-6788,PRD-3288,WH-East-Kolkata,320,8,85,2025-01-01
INV-6789,PRD-3289,WH-East-Kolkata,296,8,150,2025-02-23
INV-6790,PRD-3290,WH-South-Bengaluru,196,34,90,2025-01-15
INV-6791,PRD-3291,WH-North-Delhi,419,3,112,2025-04-09
INV-6792,PRD-3292,WH-North-Delhi,384,28,111,2025-04-02
INV-6793,PRD-3293,WH-East-Kolkata,91,38,64,2025-04-05
INV-6794,PRD-3294,WH-South-Bengaluru,359,1,162,2025-02-26
INV-6795,PRD-3295,WH-Central-Nagpur,398,13,70,2025-03-29
INV-6796,PRD-3296,WH-South-Bengaluru,443,8,23,2025-01-17
INV-6797,PRD-3297,WH-Central-Nagpur,56,19,116,2025-04-11
INV-6798,PRD-3298,WH-South-Bengaluru,461,0,52,2025-01-19
INV-6799,PRD-3299,WH-North-Delhi,149,31,123,2025-03-12
INV-6800,PRD-3300,WH-West-Mumbai,146,22,131,2025-04-03
INV-6801,PRD-3301,WH-Central-Nagpur,237,8,100,2025-01-15
INV-6802,PRD-3302,WH-Central-Nagpur,149,3,122,2025-01-04
INV-6803,PRD-3303,WH-North-Delhi,117,39,140,2025-01-18
INV-6804,PRD-3304,WH-West-Mumbai,149,28,147,2025-03-29
INV-6805,PRD-3305,WH-North-Delhi,396,15,54,2025-02-26
INV-6806,PRD-3306,WH-North-Delhi,355,3,150,2025-03-31
INV-6807,PRD-3307,WH-South-Bengaluru,162,4,106,2025-03-04
INV-6808,PRD-3308,WH-East-Kolkata,392,28,8,2025-02-20
INV-6809,PRD-3309,WH-North-Delhi,208,40,61,2025-03-27
INV-6810,PRD-3310,WH-North-Delhi,434,33,114,2025-01-26
INV-6811,PRD-3311,WH-West-Mumbai,57,4,40,2025-01-20
INV-6812,PRD-3312,WH-West-Mumbai,420,3,178,2025-03-08
INV-6813,PRD-3313,WH-South-Bengaluru,257,17,37,2025-02-19
INV-6814,PRD-3314,WH-South-Bengaluru,395,34,57,2025-01-27
INV-6815,PRD-3315,WH-North-Delhi,216,28,177,2025-03-15
INV-6816,PRD-3316,WH-East-Kolkata,11,8,47,2025-03-30
INV-6817,PRD-3317,WH-Central-Nagpur,309,25,132,2025-04-03
INV-6818,PRD-3318,WH-West-Mumbai,357,13,102,2025-01-02
INV-6819,PRD-3319,WH-South-Bengaluru,327,16,160,2025-02-06
INV-6820,PRD-3320,WH-East-Kolkata,448,38,39,2025-01-04
INV-6821,PRD-3321,WH-Central-Nagpur,189,26,76,2025-03-14
INV-6822,PRD-3322,WH-West-Mumbai,58,12,42,2025-02-03
INV-6823,PRD-3323,WH-Central-Nagpur,189,5,149,2025-01-28
INV-6824,PRD-3324,WH-South-Bengaluru,25,20,5,2025-01-10
INV-6825,PRD-3325,WH-West-Mumbai,460,21,79,2025-02-20
INV-6826,PRD-3326,WH-West-Mumbai,243,22,140,2025-04-02
INV-6827,PRD-3327,WH-West-Mumbai,276,3,60,2025-03-09
INV-6828,PRD-3328,WH-Central-Nagpur,295,40,14,2025-02-06
INV-6829,PRD-3329,WH-South-Bengaluru,326,4,20,2025-02-06
INV-6830,PRD-3330,WH-West-Mumbai,139,15,21,2025-02-14
INV-6831,PRD-3331,WH-East-Kolkata,197,32,92,2025-01-10
INV-6832,PRD-3332,WH-North-Delhi,426,21,53,2025-03-08
INV-6833,PRD-3333,WH-West-Mumbai,140,32,170,2025-01-28
INV-6834,PRD-3334,WH-East-Kolkata,158,29,86,2025-02-15
INV-6835,PRD-3335,WH-Central-Nagpur,25,6,15,2025-03-21
INV-6836,PRD-3336,WH-West-Mumbai,52,25,137,2025-02-10
INV-6837,PRD-3337,WH-East-Kolkata,144,28,33,2025-03-04
INV-6838,PRD-3338,WH-East-Kolkata,281,16,14,2025-01-12
INV-6839,PRD-3339,WH-Central-Nagpur,19,4,123,2025-03-26
INV-6840,PRD-3340,WH-West-Mumbai,207,38,139,2025-03-30
INV-6841,PRD-3341,WH-Central-Nagpur,330,13,128,2025-03-31
INV-6842,PRD-3342,WH-West-Mumbai,223,5,32,2025-02-16
INV-6843,PRD-3343,WH-Central-Nagpur,475,24,113,2025-03-08
INV-6844,PRD-3344,WH-East-Kolkata,57,5,150,2025-03-15
INV-6845,PRD-3345,WH-East-Kolkata,423,24,117,2025-02-15
INV-6846,PRD-3346,WH-Central-Nagpur,376,33,56,2025-03-26
INV-6847,PRD-3347,WH-North-Delhi,81,26,21,2025-03-02
INV-6848,PRD-3348,WH-West-Mumbai,368,20,12,2025-02-12
INV-6849,PRD-3349,WH-Central-Nagpur,106,23,53,2025-02-02
INV-6850,PRD-3350,WH-South-Bengaluru,329,34,22,2025-03-17
INV-6851,PRD-3351,WH-South-Bengaluru,216,20,117,2025-04-01
INV-6852,PRD-3352,WH-North-Delhi,279,23,68,2025-02-16
INV-6853,PRD-3353,WH-North-Delhi,126,37,172,2025-03-17
INV-6854,PRD-3354,WH-Central-Nagpur,83,18,45,2025-02-19
INV-6855,PRD-3355,WH-East-Kolkata,337,9,29,2025-03-01
INV-6856,PRD-3356,WH-East-Kolkata,171,35,16,2025-01-09
INV-6857,PRD-3357,WH-South-Bengaluru,276,17,113,2025-02-24
INV-6858,PRD-3358,WH-Central-Nagpur,248,38,58,2025-01-01
INV-6859,PRD-3359,WH-North-Delhi,3,1,136,2025-02-13
INV-6860,PRD-3360,WH-North-Delhi,80,29,50,2025-03-03
INV-6861,PRD-3361,WH-East-Kolkata,220,37,148,2025-03-24
INV-6862,PRD-3362,WH-North-Delhi,130,20,22,2025-03-23
INV-6863,PRD-3363,WH-South-Bengaluru,415,3,47,2025-02-10
INV-6864,PRD-3364,WH-North-Delhi,447,33,99,2025-02-08
INV-6865,PRD-3365,WH-East-Kolkata,54,15,6,2025-03-11
INV-6866,PRD-3366,WH-East-Kolkata,418,12,6,2025-03-10
INV-6867,PRD-3367,WH-Central-Nagpur,473,30,37,2025-04-03
INV-6868,PRD-3368,WH-West-Mumbai,327,29,62,2025-03-13
INV-6869,PRD-3369,WH-North-Delhi,486,30,126,2025-03-02
INV-6870,PRD-3370,WH-East-Kolkata,470,7,35,2025-04-08
INV-6871,PRD-3371,WH-Central-Nagpur,149,8,86,2025-01-17
INV-6872,PRD-3372,WH-East-Kolkata,334,32,104,2025-01-26
INV-6873,PRD-3373,WH-West-Mumbai,399,38,20,2025-01-02
INV-6874,PRD-3374,WH-East-Kolkata,464,5,42,2025-01-10
INV-6875,PRD-3375,WH-West-Mumbai,423,9,76,2025-01-19
INV-6876,PRD-3376,WH-North-Delhi,151,18,130,2025-01-28
INV-6877,PRD-3377,WH-West-Mumbai,178,30,174,2025-02-27
INV-6878,PRD-3378,WH-East-Kolkata,48,39,114,2025-01-16
INV-6879,PRD-3379,WH-Central-Nagpur,298,40,126,2025-01-14
INV-6880,PRD-3380,WH-East-Kolkata,186,39,116,2025-02-14
INV-6881,PRD-3381,WH-East-Kolkata,206,29,109,2025-02-07
INV-6882,PRD-3382,WH-West-Mumbai,310,39,179,2025-02-18
INV-6883,PRD-3383,WH-Central-Nagpur,437,15,54,2025-02-06
INV-6884,PRD-3384,WH-South-Bengaluru,8,0,162,2025-04-02
INV-6885,PRD-3385,WH-South-Bengaluru,77,10,77,2025-01-18
INV-6886,PRD-3386,WH-East-Kolkata,349,23,55,2025-04-10
INV-6887,PRD-3387,WH-East-Kolkata,319,12,51,2025-01-17
INV-6888,PRD-3388,WH-West-Mumbai,296,4,71,2025-02-01
INV-6889,PRD-3389,WH-Central-Nagpur,360,0,122,2025-01-03
INV-6890,PRD-3390,WH-South-Bengaluru,354,18,127,2025-03-27
INV-6891,PRD-3391,WH-North-Delhi,215,3,34,2025-02-12
INV-6892,PRD-3392,WH-East-Kolkata,403,40,155,2025-01-15
INV-6893,PRD-3393,WH-West-Mumbai,464,21,14,2025-04-06
INV-6894,PRD-3394,WH-West-Mumbai,22,2,106,2025-04-01
INV-6895,PRD-3395,WH-North-Delhi,214,0,12,2025-03-06
INV-6896,PRD-3396,WH-West-Mumbai,68,25,94,2025-03-13
INV-6897,PRD-3397,WH-Central-Nagpur,367,13,176,2025-02-03
INV-6898,PRD-3398,WH-East-Kolkata,465,21,158,2025-02-28
INV-6899,PRD-3399,WH-Central-Nagpur,470,13,61,2025-02-10
INV-6900,PRD-3400,WH-South-Bengaluru,259,32,57,2025-02-15
INV-6901,PRD-3401,WH-East-Kolkata,457,5,158,2025-01-24
INV-6902,PRD-3402,WH-West-Mumbai,145,36,108,2025-03-02
INV-6903,PRD-3403,WH-Central-Nagpur,46,16,103,2025-02-01
INV-6904,PRD-3404,WH-Central-Nagpur,473,26,167,2025-02-19
INV-6905,PRD-3405,WH-South-Bengaluru,347,15,44,2025-01-03
INV-6906,PRD-3406,WH-North-Delhi,46,31,40,2025-03-26
INV-6907,PRD-3407,WH-East-Kolkata,216,23,42,2025-04-10
INV-6908,PRD-3408,WH-Central-Nagpur,72,19,105,2025-03-10
INV-6909,PRD-3409,WH-South-Bengaluru,135,37,47,2025-04-03
INV-6910,PRD-3410,WH-East-Kolkata,342,8,79,2025-01-01
INV-6911,PRD-3411,WH-West-Mumbai,415,2,177,2025-03-26
INV-6912,PRD-3412,WH-North-Delhi,10,8,105,2025-03-27
INV-6913,PRD-3413,WH-West-Mumbai,44,19,175,2025-04-06
INV-6914,PRD-3414,WH-East-Kolkata,404,1,86,2025-01-12
INV-6915,PRD-3415,WH-Central-Nagpur,12,8,91,2025-02-05
INV-6916,PRD-3416,WH-North-Delhi,421,9,131,2025-01-15
INV-6917,PRD-3417,WH-East-Kolkata,488,12,19,2025-03-24
INV-6918,PRD-3418,WH-North-Delhi,120,20,112,2025-03-25
INV-6919,PRD-3419,WH-North-Delhi,195,38,56,2025-01-02
INV-6920,PRD-3420,WH-West-Mumbai,464,3,19,2025-04-03
INV-6921,PRD-3421,WH-West-Mumbai,301,3,139,2025-03-18
INV-6922,PRD-3422,WH-Central-Nagpur,120,4,146,2025-02-26
INV-6923,PRD-3423,WH-Central-Nagpur,58,0,84,2025-03-10
INV-6924,PRD-3424,WH-West-Mumbai,88,33,169,2025-01-30
INV-6925,PRD-3425,WH-South-Bengaluru,357,17,21,2025-02-12
INV-6926,PRD-3426,WH-Central-Nagpur,450,38,51,2025-03-21
INV-6927,PRD-3427,WH-West-Mumbai,318,14,17,2025-02-03
INV-6928,PRD-3428,WH-North-Delhi,324,28,111,2025-02-24
INV-6929,PRD-3429,WH-West-Mumbai,124,26,105,2025-01-22
INV-6930,PRD-3430,WH-Central-Nagpur,469,1,136,2025-04-11
INV-6931,PRD-3431,WH-West-Mumbai,71,8,177,2025-03-23
INV-6932,PRD-3432,WH-East-Kolkata,266,4,94,2025-04-08
INV-6933,PRD-3433,WH-Central-Nagpur,155,29,70,2025-04-09
INV-6934,PRD-3434,WH-East-Kolkata,433,0,93,2025-04-02
INV-6935,PRD-3435,WH-North-Delhi,37,5,14,2025-02-14
INV-6936,PRD-3436,WH-Central-Nagpur,484,13,177,2025-04-10
INV-6937,PRD-3437,WH-North-Delhi,4,4,115,2025-03-05
INV-6938,PRD-3438,WH-North-Delhi,309,28,163,2025-03-06
INV-6939,PRD-3439,WH-South-Bengaluru,71,6,147,2025-03-16
INV-6940,PRD-3440,WH-West-Mumbai,382,19,40,2025-03-27
INV-6941,PRD-3441,WH-East-Kolkata,310,14,126,2025-02-22
INV-6942,PRD-3442,WH-South-Bengaluru,331,1,31,2025-02-21
INV-6943,PRD-3443,WH-East-Kolkata,218,30,30,2025-03-07
INV-6944,PRD-3444,WH-East-Kolkata,245,25,37,2025-03-26
INV-6945,PRD-3445,WH-Central-Nagpur,277,13,109,2025-01-31
INV-6946,PRD-3446,WH-East-Kolkata,278,33,175,2025-03-27
INV-6947,PRD-3447,WH-South-Bengaluru,12,1,172,2025-02-20
INV-6948,PRD-3448,WH-North-Delhi,235,25,49,2025-03-17
INV-6949,PRD-3449,WH-North-Delhi,94,27,115,2025-02-25
INV-6950,PRD-3450,WH-East-Kolkata,263,32,7,2025-03-14
INV-6951,PRD-3451,WH-North-Delhi,229,25,26,2025-02-20
INV-6952,PRD-3452,WH-South-Bengaluru,86,11,145,2025-03-24
INV-6953,PRD-3453,WH-Central-Nagpur,346,34,160,2025-01-01
INV-6954,PRD-3454,WH-East-Kolkata,149,37,154,2025-01-31
INV-6955,PRD-3455,WH-South-Bengaluru,289,34,32,2025-01-18
INV-6956,PRD-3456,WH-South-Bengaluru,174,39,127,2025-03-03
INV-6957,PRD-3457,WH-East-Kolkata,77,27,87,2025-03-19
INV-6958,PRD-3458,WH-East-Kolkata,194,18,11,2025-03-12
INV-6959,PRD-3459,WH-North-Delhi,467,35,99,2025-04-05
INV-6960,PRD-3460,WH-Central-Nagpur,12,5,12,2025-01-10
INV-6961,PRD-3461,WH-South-Bengaluru,63,28,32,2025-04-10
INV-6962,PRD-3462,WH-East-Kolkata,168,30,146,2025-03-16
INV-6963,PRD-3463,WH-North-Delhi,292,4,40,2025-03-17
INV-6964,PRD-3464,WH-South-Bengaluru,444,25,94,2025-01-12
INV-6965,PRD-3465,WH-Central-Nagpur,272,28,25,2025-03-24
INV-6966,PRD-3466,WH-West-Mumbai,430,19,139,2025-02-24
INV-6967,PRD-3467,WH-West-Mumbai,28,27,171,2025-02-16
INV-6968,PRD-3468,WH-West-Mumbai,2,2,159,2025-01-24
INV-6969,PRD-3469,WH-South-Bengaluru,138,38,168,2025-01-24
INV-6970,PRD-3470,WH-Central-Nagpur,485,28,148,2025-03-04
INV-6971,PRD-3471,WH-South-Bengaluru,327,29,17,2025-03-22
INV-6972,PRD-3472,WH-North-Delhi,328,1,41,2025-03-17
INV-6973,PRD-3473,WH-North-Delhi,9,1,31,2025-04-04
INV-6974,PRD-3474,WH-North-Delhi,174,40,8,2025-01-09
INV-6975,PRD-3475,WH-Central-Nagpur,200,40,14,2025-03-05
INV-6976,PRD-3476,WH-South-Bengaluru,87,36,10,2025-02-21
INV-6977,PRD-3477,WH-Central-Nagpur,176,9,51,2025-01-21
INV-6978,PRD-3478,WH-North-Delhi,435,12,109,2025-03-19
INV-6979,PRD-3479,WH-North-Delhi,420,7,167,2025-03-13
INV-6980,PRD-3480,WH-West-Mumbai,196,10,15,2025-01-02
INV-6981,PRD-3481,WH-East-Kolkata,327,12,10,2025-01-18
INV-6982,PRD-3482,WH-South-Bengaluru,402,11,103,2025-03-25
INV-6983,PRD-3483,WH-East-Kolkata,71,16,151,2025-02-27
INV-6984,PRD-3484,WH-South-Bengaluru,122,30,167,2025-02-06
INV-6985,PRD-3485,WH-West-Mumbai,357,20,131,2025-04-11
INV-6986,PRD-3486,WH-West-Mumbai,413,17,83,2025-02-20
INV-6987,PRD-3487,WH-Central-Nagpur,188,26,178,2025-04-10
INV-6988,PRD-3488,WH-East-Kolkata,130,3,102,2025-03-11
INV-6989,PRD-3489,WH-East-Kolkata,403,13,97,2025-03-24
INV-6990,PRD-3490,WH-South-Bengaluru,129,23,61,2025-02-02
INV-6991,PRD-3491,WH-South-Bengaluru,370,4,76,2025-02-18
INV-6992,PRD-3492,WH-East-Kolkata,458,35,142,2025-03-26
INV-6993,PRD-3493,WH-East-Kolkata,181,32,55,2025-03-27
INV-6994,PRD-3494,WH-South-Bengaluru,259,12,80,2025-03-13
INV-6995,PRD-3495,WH-North-Delhi,338,22,172,2025-03-12
INV-6996,PRD-3496,WH-East-Kolkata,322,10,111,2025-03-05
INV-6997,PRD-3497,WH-North-Delhi,222,25,81,2025-03-08
INV-6998,PRD-3498,WH-South-Bengaluru,123,9,12,2025-03-26
INV-6999,PRD-3499,WH-East-Kolkata,242,23,139,2025-03-02
INV-7000,PRD-3500,WH-West-Mumbai,473,32,160,2025-02-07
INV-7001,PRD-3001,WH-North-Delhi,81,26,161,2025-03-13
INV-7002,PRD-3002,WH-North-Delhi,336,16,81,2025-02-01
INV-7003,PRD-3003,WH-East-Kolkata,305,21,142,2025-01-05
INV-7004,PRD-3004,WH-South-Bengaluru,12,12,83,2025-02-10
INV-7005,PRD-3005,WH-West-Mumbai,184,2,157,2025-01-23
INV-7006,PRD-3006,WH-Central-Nagpur,137,25,123,2025-01-22
INV-7007,PRD-3007,WH-West-Mumbai,26,14,55,2025-02-05
INV-7008,PRD-3008,WH-North-Delhi,469,38,55,2025-03-14
INV-7009,PRD-3009,WH-West-Mumbai,356,29,119,2025-01-30
INV-7010,PRD-3010,WH-East-Kolkata,464,9,156,2025-02-10
INV-7011,PRD-3011,WH-South-Bengaluru,325,22,175,2025-03-22
INV-7012,PRD-3012,WH-West-Mumbai,123,35,12,2025-01-09
INV-7013,PRD-3013,WH-East-Kolkata,70,21,148,2025-02-14
INV-7014,PRD-3014,WH-West-Mumbai,181,2,178,2025-01-17
INV-7015,PRD-3015,WH-West-Mumbai,153,21,10,2025-03-26
INV-7016,PRD-3016,WH-North-Delhi,491,35,29,2025-02-09
INV-7017,PRD-3017,WH-North-Delhi,175,14,21,2025-01-18
INV-7018,PRD-3018,WH-East-Kolkata,305,16,180,2025-03-29
INV-7019,PRD-3019,WH-North-Delhi,422,14,130,2025-03-21
INV-7020,PRD-3020,WH-South-Bengaluru,96,5,30,2025-01-15
INV-7021,PRD-3021,WH-North-Delhi,122,22,152,2025-01-04
INV-7022,PRD-3022,WH-South-Bengaluru,444,10,107,2025-02-15
INV-7023,PRD-3023,WH-North-Delhi,453,29,72,2025-01-20
INV-7024,PRD-3024,WH-Central-Nagpur,222,24,51,2025-03-27
INV-7025,PRD-3025,WH-South-Bengaluru,56,3,139,2025-02-16
INV-7026,PRD-3026,WH-East-Kolkata,114,33,54,2025-03-12
INV-7027,PRD-3027,WH-South-Bengaluru,178,18,92,2025-01-11
INV-7028,PRD-3028,WH-South-Bengaluru,323,27,15,2025-03-19
INV-7029,PRD-3029,WH-West-Mumbai,299,14,87,2025-01-13
INV-7030,PRD-3030,WH-West-Mumbai,244,19,93,2025-02-15
INV-7031,PRD-3031,WH-South-Bengaluru,386,14,121,2025-03-31
INV-7032,PRD-3032,WH-West-Mumbai,472,26,39,2025-03-02
INV-7033,PRD-3033,WH-North-Delhi,278,6,111,2025-02-28
INV-7034,PRD-3034,WH-North-Delhi,126,28,69,2025-02-19
INV-7035,PRD-3035,WH-West-Mumbai,431,8,27,2025-03-27
INV-7036,PRD-3036,WH-South-Bengaluru,425,30,100,2025-02-24
INV-7037,PRD-3037,WH-North-Delhi,389,27,70,2025-01-13
INV-7038,PRD-3038,WH-North-Delhi,385,27,12,2025-03-07
INV-7039,PRD-3039,WH-South-Bengaluru,269,7,135,2025-04-11
INV-7040,PRD-3040,WH-East-Kolkata,200,10,8,2025-03-17
INV-7041,PRD-3041,WH-Central-Nagpur,477,3,113,2025-03-15
INV-7042,PRD-3042,WH-North-Delhi,42,38,115,2025-01-31
INV-7043,PRD-3043,WH-West-Mumbai,404,15,163,2025-03-18
INV-7044,PRD-3044,WH-South-Bengaluru,486,4,116,2025-04-06
INV-7045,PRD-3045,WH-East-Kolkata,481,3,84,2025-02-12
INV-7046,PRD-3046,WH-West-Mumbai,364,21,162,2025-03-17
INV-7047,PRD-3047,WH-Central-Nagpur,73,8,178,2025-04-01
INV-7048,PRD-3048,WH-East-Kolkata,225,14,178,2025-01-13
INV-7049,PRD-3049,WH-North-Delhi,487,13,76,2025-04-11
INV-7050,PRD-3050,WH-North-Delhi,423,33,147,2025-03-09
INV-7051,PRD-3051,WH-West-Mumbai,157,32,93,2025-01-12
INV-7052,PRD-3052,WH-South-Bengaluru,332,9,19,2025-01-19
INV-7053,PRD-3053,WH-South-Bengaluru,311,15,107,2025-02-08
INV-7054,PRD-3054,WH-South-Bengaluru,23,21,42,2025-03-12
INV-7055,PRD-3055,WH-North-Delhi,402,15,32,2025-02-01
INV-7056,PRD-3056,WH-South-Bengaluru,67,30,97,2025-04-09
INV-7057,PRD-3057,WH-South-Bengaluru,226,24,124,2025-01-24
INV-7058,PRD-3058,WH-Central-Nagpur,312,4,33,2025-04-02
INV-7059,PRD-3059,WH-South-Bengaluru,149,37,11,2025-04-06
INV-7060,PRD-3060,WH-South-Bengaluru,321,16,54,2025-01-11
INV-7061,PRD-3061,WH-Central-Nagpur,435,12,170,2025-02-08
INV-7062,PRD-3062,WH-North-Delhi,223,39,100,2025-01-29
INV-7063,PRD-3063,WH-West-Mumbai,453,2,180,2025-03-25
INV-7064,PRD-3064,WH-North-Delhi,340,37,128,2025-03-03
INV-7065,PRD-3065,WH-West-Mumbai,347,6,87,2025-01-03
INV-7066,PRD-3066,WH-East-Kolkata,75,37,34,2025-03-28
INV-7067,PRD-3067,WH-East-Kolkata,309,8,104,2025-04-11
INV-7068,PRD-3068,WH-South-Bengaluru,414,4,120,2025-01-28
INV-7069,PRD-3069,WH-North-Delhi,260,7,114,2025-01-19
INV-7070,PRD-3070,WH-Central-Nagpur,42,3,133,2025-03-04
INV-7071,PRD-3071,WH-North-Delhi,419,39,44,2025-01-21
INV-7072,PRD-3072,WH-West-Mumbai,303,35,68,2025-02-20
INV-7073,PRD-3073,WH-Central-Nagpur,460,4,87,2025-02-26
INV-7074,PRD-3074,WH-North-Delhi,347,29,116,2025-04-10
INV-7075,PRD-3075,WH-East-Kolkata,58,1,96,2025-01-18
INV-7076,PRD-3076,WH-Central-Nagpur,263,28,129,2025-01-01
INV-7077,PRD-3077,WH-East-Kolkata,329,18,93,2025-03-18
INV-7078,PRD-3078,WH-Central-Nagpur,430,5,100,2025-01-26
INV-7079,PRD-3079,WH-West-Mumbai,130,17,86,2025-01-07
INV-7080,PRD-3080,WH-West-Mumbai,414,11,6,2025-01-17
INV-7081,PRD-3081,WH-East-Kolkata,380,33,67,2025-03-13
INV-7082,PRD-3082,WH-East-Kolkata,284,39,13,2025-01-28
INV-7083,PRD-3083,WH-South-Bengaluru,326,22,19,2025-01-22
INV-7084,PRD-3084,WH-Central-Nagpur,161,32,107,2025-02-27
INV-7085,PRD-3085,WH-East-Kolkata,24,7,171,2025-04-10
INV-7086,PRD-3086,WH-West-Mumbai,139,0,159,2025-04-10
INV-7087,PRD-3087,WH-North-Delhi,139,26,180,2025-03-30
INV-7088,PRD-3088,WH-East-Kolkata,347,22,81,2025-03-22
INV-7089,PRD-3089,WH-West-Mumbai,274,9,66,2025-04-11
INV-7090,PRD-3090,WH-East-Kolkata,277,32,29,2025-01-06
INV-7091,PRD-3091,WH-West-Mumbai,454,15,145,2025-03-27
INV-7092,PRD-3092,WH-North-Delhi,228,11,23,2025-01-07
INV-7093,PRD-3093,WH-South-Bengaluru,51,15,67,2025-02-05
INV-7094,PRD-3094,WH-East-Kolkata,30,3,144,2025-02-09
INV-7095,PRD-3095,WH-North-Delhi,76,0,30,2025-01-31
INV-7096,PRD-3096,WH-Central-Nagpur,336,35,48,2025-02-16
INV-7097,PRD-3097,WH-North-Delhi,88,2,145,2025-04-05
INV-7098,PRD-3098,WH-North-Delhi,350,4,177,2025-02-19
INV-7099,PRD-3099,WH-Central-Nagpur,62,40,110,2025-01-29
INV-7100,PRD-3100,WH-East-Kolkata,430,0,65,2025-03-10
INV-7101,PRD-3101,WH-Central-Nagpur,346,5,171,2025-03-31
INV-7102,PRD-3102,WH-East-Kolkata,125,24,158,2025-01-02
INV-7103,PRD-3103,WH-East-Kolkata,383,32,156,2025-04-01
INV-7104,PRD-3104,WH-South-Bengaluru,331,31,114,2025-03-03
INV-7105,PRD-3105,WH-North-Delhi,23,1,10,2025-02-15
INV-7106,PRD-3106,WH-North-Delhi,41,16,30,2025-04-10
INV-7107,PRD-3107,WH-West-Mumbai,494,30,7,2025-02-28
INV-7108,PRD-3108,WH-West-Mumbai,222,15,73,2025-03-13
INV-7109,PRD-3109,WH-South-Bengaluru,446,1,172,2025-03-27
INV-7110,PRD-3110,WH-Central-Nagpur,429,38,87,2025-01-14
INV-7111,PRD-3111,WH-North-Delhi,110,29,6,2025-03-09
INV-7112,PRD-3112,WH-South-Bengaluru,41,7,154,2025-04-07
INV-7113,PRD-3113,WH-West-Mumbai,318,16,169,2025-02-08
INV-7114,PRD-3114,WH-South-Bengaluru,132,23,112,2025-03-19
INV-7115,PRD-3115,WH-East-Kolkata,72,39,106,2025-02-14
INV-7116,PRD-3116,WH-South-Bengaluru,199,7,158,2025-01-24
INV-7117,PRD-3117,WH-East-Kolkata,219,31,25,2025-01-31
INV-7118,PRD-3118,WH-East-Kolkata,228,7,177,2025-03-06
INV-7119,PRD-3119,WH-Central-Nagpur,212,9,113,2025-01-31
INV-7120,PRD-3120,WH-Central-Nagpur,181,25,32,2025-01-18
INV-7121,PRD-3121,WH-East-Kolkata,391,24,117,2025-03-11
INV-7122,PRD-3122,WH-North-Delhi,481,1,100,2025-02-16
INV-7123,PRD-3123,WH-East-Kolkata,106,29,30,2025-01-26
INV-7124,PRD-3124,WH-Central-Nagpur,433,33,127,2025-04-06
INV-7125,PRD-3125,WH-South-Bengaluru,421,2,47,2025-04-04
INV-7126,PRD-3126,WH-North-Delhi,111,18,175,2025-02-18
INV-7127,PRD-3127,WH-West-Mumbai,154,19,105,2025-02-18
INV-7128,PRD-3128,WH-North-Delhi,253,27,57,2025-04-04
INV-7129,PRD-3129,WH-North-Delhi,0,0,179,2025-01-15
INV-7130,PRD-3130,WH-West-Mumbai,412,29,111,2025-04-10
INV-7131,PRD-3131,WH-West-Mumbai,350,19,49,2025-03-22
INV-7132,PRD-3132,WH-West-Mumbai,191,11,80,2025-03-07
INV-7133,PRD-3133,WH-North-Delhi,57,38,106,2025-03-10
INV-7134,PRD-3134,WH-East-Kolkata,106,26,72,2025-03-03
INV-7135,PRD-3135,WH-West-Mumbai,430,16,104,2025-02-10
INV-7136,PRD-3136,WH-East-Kolkata,275,36,104,2025-03-17
INV-7137,PRD-3137,WH-Central-Nagpur,462,30,10,2025-01-28
INV-7138,PRD-3138,WH-East-Kolkata,282,35,64,2025-01-01
INV-7139,PRD-3139,WH-West-Mumbai,142,34,61,2025-03-04
INV-7140,PRD-3140,WH-Central-Nagpur,471,14,107,2025-04-04
INV-7141,PRD-3141,WH-North-Delhi,353,5,93,2025-03-15
INV-7142,PRD-3142,WH-North-Delhi,382,9,157,2025-01-15
INV-7143,PRD-3143,WH-North-Delhi,247,3,103,2025-02-12
INV-7144,PRD-3144,WH-Central-Nagpur,114,17,21,2025-01-06
INV-7145,PRD-3145,WH-South-Bengaluru,25,12,180,2025-01-19
INV-7146,PRD-3146,WH-Central-Nagpur,48,5,144,2025-02-27
INV-7147,PRD-3147,WH-North-Delhi,65,32,45,2025-02-05
INV-7148,PRD-3148,WH-East-Kolkata,63,33,54,2025-01-03
INV-7149,PRD-3149,WH-West-Mumbai,274,7,119,2025-03-31
INV-7150,PRD-3150,WH-Central-Nagpur,395,25,171,2025-01-07
INV-7151,PRD-3151,WH-East-Kolkata,171,28,139,2025-03-20
INV-7152,PRD-3152,WH-Central-Nagpur,335,16,152,2025-03-03
INV-7153,PRD-3153,WH-South-Bengaluru,297,39,119,2025-03-21
INV-7154,PRD-3154,WH-Central-Nagpur,29,10,46,2025-01-18
INV-7155,PRD-3155,WH-West-Mumbai,251,7,33,2025-02-05
INV-7156,PRD-3156,WH-Central-Nagpur,437,26,90,2025-02-23
INV-7157,PRD-3157,WH-South-Bengaluru,264,6,146,2025-03-21
INV-7158,PRD-3158,WH-Central-Nagpur,339,6,7,2025-02-25
INV-7159,PRD-3159,WH-West-Mumbai,252,13,166,2025-03-29
INV-7160,PRD-3160,WH-South-Bengaluru,208,15,29,2025-02-22
INV-7161,PRD-3161,WH-North-Delhi,424,6,48,2025-03-18
INV-7162,PRD-3162,WH-East-Kolkata,489,23,95,2025-02-27
INV-7163,PRD-3163,WH-North-Delhi,381,26,31,2025-02-23
INV-7164,PRD-3164,WH-Central-Nagpur,156,38,110,2025-01-28
INV-7165,PRD-3165,WH-East-Kolkata,467,35,134,2025-01-10
INV-7166,PRD-3166,WH-West-Mumbai,293,13,139,2025-03-30
INV-7167,PRD-3167,WH-Central-Nagpur,331,37,154,2025-01-07
INV-7168,PRD-3168,WH-East-Kolkata,271,10,17,2025-01-15
INV-7169,PRD-3169,WH-North-Delhi,329,0,132,2025-01-10
INV-7170,PRD-3170,WH-East-Kolkata,252,22,53,2025-03-29
INV-7171,PRD-3171,WH-North-Delhi,58,24,61,2025-03-30
INV-7172,PRD-3172,WH-North-Delhi,215,7,66,2025-01-10
INV-7173,PRD-3173,WH-East-Kolkata,314,33,89,2025-02-04
INV-7174,PRD-3174,WH-Central-Nagpur,18,1,84,2025-03-30
INV-7175,PRD-3175,WH-Central-Nagpur,427,3,67,2025-03-02
INV-7176,PRD-3176,WH-North-Delhi,307,22,80,2025-02-17
INV-7177,PRD-3177,WH-Central-Nagpur,397,21,133,2025-01-29
INV-7178,PRD-3178,WH-South-Bengaluru,355,26,65,2025-03-29
INV-7179,PRD-3179,WH-Central-Nagpur,469,37,145,2025-04-08
INV-7180,PRD-3180,WH-West-Mumbai,78,30,76,2025-04-04
INV-7181,PRD-3181,WH-North-Delhi,309,40,44,2025-01-19
INV-7182,PRD-3182,WH-South-Bengaluru,397,21,32,2025-02-26
INV-7183,PRD-3183,WH-South-Bengaluru,35,11,87,2025-03-13
INV-7184,PRD-3184,WH-West-Mumbai,322,16,131,2025-02-23
INV-7185,PRD-3185,WH-North-Delhi,463,6,51,2025-04-01
INV-7186,PRD-3186,WH-North-Delhi,207,2,36,2025-03-31
INV-7187,PRD-3187,WH-Central-Nagpur,202,14,151,2025-03-18
INV-7188,PRD-3188,WH-South-Bengaluru,183,16,30,2025-01-27
INV-7189,PRD-3189,WH-Central-Nagpur,128,20,64,2025-01-13
INV-7190,PRD-3190,WH-South-Bengaluru,199,13,18,2025-03-19
INV-7191,PRD-3191,WH-North-Delhi,4,3,158,2025-02-21
INV-7192,PRD-3192,WH-Central-Nagpur,338,21,164,2025-01-06
INV-7193,PRD-3193,WH-Central-Nagpur,219,19,97,2025-04-11
INV-7194,PRD-3194,WH-Central-Nagpur,275,29,39,2025-03-22
INV-7195,PRD-3195,WH-South-Bengaluru,468,2,148,2025-04-06
INV-7196,PRD-3196,WH-Central-Nagpur,309,11,32,2025-02-28
INV-7197,PRD-3197,WH-East-Kolkata,325,12,89,2025-03-25
INV-7198,PRD-3198,WH-West-Mumbai,214,25,135,2025-01-09
INV-7199,PRD-3199,WH-West-Mumbai,449,13,60,2025-03-21
INV-7200,PRD-3200,WH-East-Kolkata,98,27,120,2025-01-04
INV-7201,PRD-3201,WH-East-Kolkata,354,8,35,2025-03-03
INV-7202,PRD-3202,WH-North-Delhi,361,18,7,2025-04-01
INV-7203,PRD-3203,WH-North-Delhi,156,8,171,2025-01-22
INV-7204,PRD-3204,WH-North-Delhi,376,17,29,2025-03-30
INV-7205,PRD-3205,WH-Central-Nagpur,268,14,20,2025-02-22
INV-7206,PRD-3206,WH-North-Delhi,94,15,116,2025-02-10
INV-7207,PRD-3207,WH-South-Bengaluru,461,0,29,2025-03-11
INV-7208,PRD-3208,WH-West-Mumbai,332,19,79,2025-02-04
INV-7209,PRD-3209,WH-North-Delhi,151,35,74,2025-01-20
INV-7210,PRD-3210,WH-West-Mumbai,80,17,67,2025-04-07
INV-7211,PRD-3211,WH-South-Bengaluru,3,2,117,2025-02-22
INV-7212,PRD-3212,WH-South-Bengaluru,359,5,35,2025-03-27
INV-7213,PRD-3213,WH-Central-Nagpur,218,4,91,2025-02-23
INV-7214,PRD-3214,WH-South-Bengaluru,4,4,152,2025-02-06
INV-7215,PRD-3215,WH-West-Mumbai,158,31,94,2025-01-25
INV-7216,PRD-3216,WH-Central-Nagpur,276,39,21,2025-01-25
INV-7217,PRD-3217,WH-East-Kolkata,19,10,84,2025-03-23
INV-7218,PRD-3218,WH-North-Delhi,153,20,28,2025-03-29
INV-7219,PRD-3219,WH-Central-Nagpur,28,16,50,2025-02-19
INV-7220,PRD-3220,WH-West-Mumbai,341,4,11,2025-03-24
INV-7221,PRD-3221,WH-North-Delhi,162,24,86,2025-03-20
INV-7222,PRD-3222,WH-South-Bengaluru,92,36,156,2025-01-23
INV-7223,PRD-3223,WH-West-Mumbai,324,11,66,2025-03-03
INV-7224,PRD-3224,WH-East-Kolkata,364,24,115,2025-03-16
INV-7225,PRD-3225,WH-East-Kolkata,307,11,47,2025-03-14
INV-7226,PRD-3226,WH-South-Bengaluru,119,14,142,2025-02-19
INV-7227,PRD-3227,WH-West-Mumbai,291,16,28,2025-01-09
INV-7228,PRD-3228,WH-Central-Nagpur,400,12,160,2025-03-28
INV-7229,PRD-3229,WH-West-Mumbai,427,39,64,2025-04-11
INV-7230,PRD-3230,WH-South-Bengaluru,64,17,172,2025-03-22
INV-7231,PRD-3231,WH-North-Delhi,150,0,101,2025-02-24
INV-7232,PRD-3232,WH-North-Delhi,262,12,74,2025-02-22
INV-7233,PRD-3233,WH-North-Delhi,103,19,177,2025-03-08
INV-7234,PRD-3234,WH-Central-Nagpur,309,14,65,2025-02-02
INV-7235,PRD-3235,WH-North-Delhi,241,23,31,2025-04-05
INV-7236,PRD-3236,WH-Central-Nagpur,195,27,161,2025-02-02
INV-7237,PRD-3237,WH-West-Mumbai,259,27,97,2025-02-06
INV-7238,PRD-3238,WH-North-Delhi,145,15,148,2025-01-23
INV-7239,PRD-3239,WH-East-Kolkata,483,39,39,2025-03-12
INV-7240,PRD-3240,WH-South-Bengaluru,175,1,120,2025-02-04
INV-7241,PRD-3241,WH-North-Delhi,174,1,152,2025-02-14
INV-7242,PRD-3242,WH-North-Delhi,498,35,167,2025-03-08
INV-7243,PRD-3243,WH-Central-Nagpur,191,38,74,2025-03-03
INV-7244,PRD-3244,WH-West-Mumbai,127,36,114,2025-03-19
INV-7245,PRD-3245,WH-East-Kolkata,145,20,58,2025-02-11
INV-7246,PRD-3246,WH-Central-Nagpur,49,30,108,2025-02-12
INV-7247,PRD-3247,WH-West-Mumbai,132,29,36,2025-03-12
INV-7248,PRD-3248,WH-Central-Nagpur,103,0,14,2025-04-08
INV-7249,PRD-3249,WH-Central-Nagpur,408,37,92,2025-02-05
INV-7250,PRD-3250,WH-North-Delhi,281,32,121,2025-01-28
INV-7251,PRD-3251,WH-South-Bengaluru,145,39,170,2025-02-21
INV-7252,PRD-3252,WH-East-Kolkata,264,27,115,2025-02-27
INV-7253,PRD-3253,WH-Central-Nagpur,275,39,153,2025-02-03
INV-7254,PRD-3254,WH-East-Kolkata,8,6,32,2025-02-28
INV-7255,PRD-3255,WH-West-Mumbai,446,27,154,2025-01-07
INV-7256,PRD-3256,WH-West-Mumbai,433,16,164,2025-02-26
INV-7257,PRD-3257,WH-West-Mumbai,41,1,60,2025-03-09
INV-7258,PRD-3258,WH-South-Bengaluru,407,28,31,2025-02-13
INV-7259,PRD-3259,WH-East-Kolkata,245,22,112,2025-02-25
INV-7260,PRD-3260,WH-South-Bengaluru,0,0,24,2025-03-11
INV-7261,PRD-3261,WH-Central-Nagpur,216,1,180,2025-01-13
INV-7262,PRD-3262,WH-East-Kolkata,251,18,71,2025-03-14
INV-7263,PRD-3263,WH-North-Delhi,104,18,58,2025-02-17
INV-7264,PRD-3264,WH-Central-Nagpur,454,40,116,2025-03-15
INV-7265,PRD-3265,WH-Central-Nagpur,167,1,76,2025-02-11
INV-7266,PRD-3266,WH-West-Mumbai,330,21,109,2025-02-22
INV-7267,PRD-3267,WH-Central-Nagpur,404,14,129,2025-02-13
INV-7268,PRD-3268,WH-South-Bengaluru,23,4,72,2025-01-23
INV-7269,PRD-3269,WH-Central-Nagpur,222,4,125,2025-03-31
INV-7270,PRD-3270,WH-Central-Nagpur,300,10,89,2025-02-27
INV-7271,PRD-3271,WH-West-Mumbai,153,2,38,2025-02-12
INV-7272,PRD-3272,WH-West-Mumbai,441,15,142,2025-02-11
INV-7273,PRD-3273,WH-East-Kolkata,219,11,101,2025-02-08
INV-7274,PRD-3274,WH-Central-Nagpur,404,4,166,2025-02-22
INV-7275,PRD-3275,WH-North-Delhi,264,18,151,2025-02-01
INV-7276,PRD-3276,WH-East-Kolkata,440,35,18,2025-03-27
INV-7277,PRD-3277,WH-East-Kolkata,100,20,136,2025-02-14
INV-7278,PRD-3278,WH-North-Delhi,9,1,10,2025-04-09
INV-7279,PRD-3279,WH-West-Mumbai,435,9,117,2025-03-12
INV-7280,PRD-3280,WH-Central-Nagpur,193,38,90,2025-01-11
INV-7281,PRD-3281,WH-Central-Nagpur,332,13,5,2025-04-08
INV-7282,PRD-3282,WH-South-Bengaluru,329,32,99,2025-01-19
INV-7283,PRD-3283,WH-East-Kolkata,235,22,139,2025-02-18
INV-7284,PRD-3284,WH-East-Kolkata,24,6,104,2025-02-11
INV-7285,PRD-3285,WH-East-Kolkata,75,3,54,2025-04-06
INV-7286,PRD-3286,WH-East-Kolkata,110,16,82,2025-03-29
INV-7287,PRD-3287,WH-South-Bengaluru,108,40,157,2025-02-03
INV-7288,PRD-3288,WH-East-Kolkata,260,38,101,2025-04-06
INV-7289,PRD-3289,WH-North-Delhi,119,6,142,2025-01-10
INV-7290,PRD-3290,WH-North-Delhi,100,14,99,2025-02-26
INV-7291,PRD-3291,WH-East-Kolkata,45,30,17,2025-02-27
INV-7292,PRD-3292,WH-North-Delhi,429,7,119,2025-02-08
INV-7293,PRD-3293,WH-South-Bengaluru,443,22,123,2025-03-01
INV-7294,PRD-3294,WH-East-Kolkata,88,26,39,2025-02-19
INV-7295,PRD-3295,WH-North-Delhi,482,25,118,2025-03-10
INV-7296,PRD-3296,WH-South-Bengaluru,356,2,135,2025-03-20
INV-7297,PRD-3297,WH-Central-Nagpur,468,38,130,2025-03-05
INV-7298,PRD-3298,WH-South-Bengaluru,401,31,100,2025-03-20
INV-7299,PRD-3299,WH-South-Bengaluru,350,18,171,2025-01-31
INV-7300,PRD-3300,WH-South-Bengaluru,429,32,90,2025-01-18
INV-7301,PRD-3301,WH-Central-Nagpur,181,12,119,2025-04-06
INV-7302,PRD-3302,WH-East-Kolkata,403,16,12,2025-04-07
INV-7303,PRD-3303,WH-North-Delhi,243,24,124,2025-02-23
INV-7304,PRD-3304,WH-Central-Nagpur,243,18,11,2025-02-03
INV-7305,PRD-3305,WH-North-Delhi,11,7,112,2025-03-01
INV-7306,PRD-3306,WH-South-Bengaluru,41,19,157,2025-02-26
INV-7307,PRD-3307,WH-South-Bengaluru,102,19,27,2025-01-10
INV-7308,PRD-3308,WH-South-Bengaluru,386,30,58,2025-03-25
INV-7309,PRD-3309,WH-North-Delhi,30,19,155,2025-01-08
INV-7310,PRD-3310,WH-West-Mumbai,329,2,151,2025-02-05
INV-7311,PRD-3311,WH-West-Mumbai,407,26,100,2025-02-20
INV-7312,PRD-3312,WH-South-Bengaluru,371,32,43,2025-01-31
INV-7313,PRD-3313,WH-South-Bengaluru,369,16,92,2025-02-01
INV-7314,PRD-3314,WH-Central-Nagpur,490,21,172,2025-03-26
INV-7315,PRD-3315,WH-East-Kolkata,187,15,92,2025-01-24
INV-7316,PRD-3316,WH-North-Delhi,442,8,110,2025-02-25
INV-7317,PRD-3317,WH-West-Mumbai,323,0,14,2025-02-03
INV-7318,PRD-3318,WH-East-Kolkata,14,13,151,2025-04-05
INV-7319,PRD-3319,WH-West-Mumbai,35,3,67,2025-02-09
INV-7320,PRD-3320,WH-Central-Nagpur,385,23,112,2025-01-10
INV-7321,PRD-3321,WH-West-Mumbai,307,38,133,2025-03-14
INV-7322,PRD-3322,WH-Central-Nagpur,376,25,85,2025-01-11
INV-7323,PRD-3323,WH-West-Mumbai,280,6,179,2025-02-10
INV-7324,PRD-3324,WH-Central-Nagpur,110,28,75,2025-02-21
INV-7325,PRD-3325,WH-East-Kolkata,39,19,83,2025-03-02
INV-7326,PRD-3326,WH-East-Kolkata,217,5,135,2025-03-24
INV-7327,PRD-3327,WH-East-Kolkata,261,31,176,2025-01-01
INV-7328,PRD-3328,WH-South-Bengaluru,368,29,154,2025-02-22
INV-7329,PRD-3329,WH-East-Kolkata,343,24,145,2025-01-19
INV-7330,PRD-3330,WH-Central-Nagpur,8,5,39,2025-02-17
INV-7331,PRD-3331,WH-East-Kolkata,175,38,155,2025-02-17
INV-7332,PRD-3332,WH-West-Mumbai,269,39,22,2025-02-05
INV-7333,PRD-3333,WH-North-Delhi,359,14,64,2025-01-01
INV-7334,PRD-3334,WH-North-Delhi,294,11,132,2025-02-24
INV-7335,PRD-3335,WH-South-Bengaluru,437,1,85,2025-02-05
INV-7336,PRD-3336,WH-East-Kolkata,348,15,164,2025-03-10
INV-7337,PRD-3337,WH-East-Kolkata,89,9,22,2025-02-02
INV-7338,PRD-3338,WH-West-Mumbai,181,4,60,2025-01-12
INV-7339,PRD-3339,WH-Central-Nagpur,198,24,13,2025-02-09
INV-7340,PRD-3340,WH-East-Kolkata,157,28,67,2025-01-28
INV-7341,PRD-3341,WH-Central-Nagpur,302,5,69,2025-02-28
INV-7342,PRD-3342,WH-Central-Nagpur,173,10,71,2025-02-28
INV-7343,PRD-3343,WH-South-Bengaluru,442,19,37,2025-01-01
INV-7344,PRD-3344,WH-North-Delhi,167,38,72,2025-02-06
INV-7345,PRD-3345,WH-West-Mumbai,8,2,62,2025-04-11
INV-7346,PRD-3346,WH-Central-Nagpur,246,14,96,2025-01-11
INV-7347,PRD-3347,WH-Central-Nagpur,468,26,110,2025-02-09
INV-7348,PRD-3348,WH-East-Kolkata,245,19,29,2025-01-27
INV-7349,PRD-3349,WH-West-Mumbai,496,13,98,2025-01-10
INV-7350,PRD-3350,WH-Central-Nagpur,345,12,7,2025-01-19
INV-7351,PRD-3351,WH-South-Bengaluru,263,23,55,2025-02-04
INV-7352,PRD-3352,WH-East-Kolkata,395,20,141,2025-01-11
INV-7353,PRD-3353,WH-South-Bengaluru,107,39,139,2025-04-10
INV-7354,PRD-3354,WH-Central-Nagpur,186,40,47,2025-03-30
INV-7355,PRD-3355,WH-West-Mumbai,250,35,159,2025-02-11
INV-7356,PRD-3356,WH-South-Bengaluru,448,39,163,2025-01-08
INV-7357,PRD-3357,WH-Central-Nagpur,267,19,178,2025-01-10
INV-7358,PRD-3358,WH-North-Delhi,497,35,101,2025-02-12
INV-7359,PRD-3359,WH-South-Bengaluru,413,33,33,2025-02-18
INV-7360,PRD-3360,WH-East-Kolkata,176,39,50,2025-01-28
INV-7361,PRD-3361,WH-Central-Nagpur,105,6,155,2025-01-29
INV-7362,PRD-3362,WH-South-Bengaluru,272,36,28,2025-03-12
INV-7363,PRD-3363,WH-West-Mumbai,374,3,55,2025-03-10
INV-7364,PRD-3364,WH-West-Mumbai,419,16,103,2025-01-25
INV-7365,PRD-3365,WH-South-Bengaluru,65,38,49,2025-02-09
INV-7366,PRD-3366,WH-North-Delhi,52,38,99,2025-03-15
INV-7367,PRD-3367,WH-East-Kolkata,381,15,18,2025-03-17
INV-7368,PRD-3368,WH-West-Mumbai,88,4,136,2025-02-10
INV-7369,PRD-3369,WH-North-Delhi,241,12,80,2025-01-12
INV-7370,PRD-3370,WH-West-Mumbai,151,25,27,2025-01-26
INV-7371,PRD-3371,WH-North-Delhi,42,21,169,2025-02-15
INV-7372,PRD-3372,WH-South-Bengaluru,100,3,21,2025-02-11
INV-7373,PRD-3373,WH-North-Delhi,19,6,20,2025-02-09
INV-7374,PRD-3374,WH-South-Bengaluru,5,3,117,2025-03-10
INV-7375,PRD-3375,WH-West-Mumbai,343,6,17,2025-03-20
INV-7376,PRD-3376,WH-East-Kolkata,184,39,145,2025-02-08
INV-7377,PRD-3377,WH-South-Bengaluru,163,29,109,2025-04-05
INV-7378,PRD-3378,WH-East-Kolkata,121,19,88,2025-02-08
INV-7379,PRD-3379,WH-West-Mumbai,400,35,52,2025-03-18
INV-7380,PRD-3380,WH-Central-Nagpur,50,9,109,2025-03-20
INV-7381,PRD-3381,WH-Central-Nagpur,136,21,44,2025-01-08
INV-7382,PRD-3382,WH-East-Kolkata,157,5,163,2025-04-04
INV-7383,PRD-3383,WH-West-Mumbai,11,6,31,2025-03-30
INV-7384,PRD-3384,WH-East-Kolkata,328,24,162,2025-01-12
INV-7385,PRD-3385,WH-West-Mumbai,30,28,139,2025-03-23
INV-7386,PRD-3386,WH-North-Delhi,81,16,39,2025-04-05
INV-7387,PRD-3387,WH-West-Mumbai,207,34,41,2025-02-23
INV-7388,PRD-3388,WH-Central-Nagpur,473,8,43,2025-03-29
INV-7389,PRD-3389,WH-West-Mumbai,324,31,96,2025-03-23
INV-7390,PRD-3390,WH-East-Kolkata,87,24,163,2025-03-14
INV-7391,PRD-3391,WH-East-Kolkata,488,9,12,2025-03-09
INV-7392,PRD-3392,WH-North-Delhi,323,17,132,2025-03-15
INV-7393,PRD-3393,WH-West-Mumbai,381,0,7,2025-02-14
INV-7394,PRD-3394,WH-Central-Nagpur,117,8,174,2025-03-23
INV-7395,PRD-3395,WH-South-Bengaluru,252,8,38,2025-03-12
INV-7396,PRD-3396,WH-East-Kolkata,25,22,56,2025-01-21
INV-7397,PRD-3397,WH-North-Delhi,15,1,170,2025-03-26
INV-7398,PRD-3398,WH-East-Kolkata,467,17,148,2025-02-13
INV-7399,PRD-3399,WH-Central-Nagpur,252,8,70,2025-01-25
INV-7400,PRD-3400,WH-Central-Nagpur,237,7,42,2025-03-20
INV-7401,PRD-3401,WH-South-Bengaluru,45,18,90,2025-01-24
INV-7402,PRD-3402,WH-West-Mumbai,169,32,169,2025-01-03
INV-7403,PRD-3403,WH-North-Delhi,467,40,137,2025-02-21
INV-7404,PRD-3404,WH-West-Mumbai,412,24,16,2025-02-06
INV-7405,PRD-3405,WH-Central-Nagpur,14,2,51,2025-02-03
INV-7406,PRD-3406,WH-West-Mumbai,214,22,81,2025-03-03
INV-7407,PRD-3407,WH-South-Bengaluru,230,25,160,2025-02-13
INV-7408,PRD-3408,WH-West-Mumbai,367,37,10,2025-02-02
INV-7409,PRD-3409,WH-West-Mumbai,324,32,154,2025-03-06
INV-7410,PRD-3410,WH-South-Bengaluru,223,25,71,2025-01-27
INV-7411,PRD-3411,WH-West-Mumbai,48,24,89,2025-03-22
INV-7412,PRD-3412,WH-South-Bengaluru,220,8,61,2025-03-07
INV-7413,PRD-3413,WH-Central-Nagpur,251,33,135,2025-03-07
INV-7414,PRD-3414,WH-East-Kolkata,372,24,93,2025-02-24
INV-7415,PRD-3415,WH-Central-Nagpur,319,15,23,2025-01-27
INV-7416,PRD-3416,WH-East-Kolkata,337,3,111,2025-03-24
INV-7417,PRD-3417,WH-North-Delhi,453,8,156,2025-01-03
INV-7418,PRD-3418,WH-West-Mumbai,50,12,147,2025-02-18
INV-7419,PRD-3419,WH-West-Mumbai,472,17,128,2025-03-17
INV-7420,PRD-3420,WH-South-Bengaluru,340,28,25,2025-04-07
INV-7421,PRD-3421,WH-Central-Nagpur,315,0,59,2025-03-07
INV-7422,PRD-3422,WH-West-Mumbai,106,21,36,2025-04-08
INV-7423,PRD-3423,WH-South-Bengaluru,438,33,155,2025-04-08
INV-7424,PRD-3424,WH-South-Bengaluru,373,15,148,2025-01-22
INV-7425,PRD-3425,WH-Central-Nagpur,148,19,23,2025-03-17
INV-7426,PRD-3426,WH-West-Mumbai,132,29,149,2025-04-04
INV-7427,PRD-3427,WH-West-Mumbai,490,23,64,2025-02-09
INV-7428,PRD-3428,WH-East-Kolkata,65,35,66,2025-03-17
INV-7429,PRD-3429,WH-South-Bengaluru,451,5,109,2025-03-02
INV-7430,PRD-3430,WH-North-Delhi,327,3,149,2025-02-12
INV-7431,PRD-3431,WH-North-Delhi,64,25,131,2025-01-02
INV-7432,PRD-3432,WH-Central-Nagpur,130,32,137,2025-02-21
INV-7433,PRD-3433,WH-Central-Nagpur,383,26,89,2025-02-18
INV-7434,PRD-3434,WH-North-Delhi,303,10,99,2025-04-10
INV-7435,PRD-3435,WH-Central-Nagpur,339,11,45,2025-03-09
INV-7436,PRD-3436,WH-North-Delhi,367,34,5,2025-04-08
INV-7437,PRD-3437,WH-West-Mumbai,269,13,44,2025-02-01
INV-7438,PRD-3438,WH-South-Bengaluru,107,2,116,2025-03-07
INV-7439,PRD-3439,WH-Central-Nagpur,175,27,142,2025-04-04
INV-7440,PRD-3440,WH-South-Bengaluru,348,27,129,2025-02-22
INV-7441,PRD-3441,WH-East-Kolkata,257,1,161,2025-02-21
INV-7442,PRD-3442,WH-South-Bengaluru,165,35,61,2025-03-03
INV-7443,PRD-3443,WH-South-Bengaluru,375,17,152,2025-02-11
INV-7444,PRD-3444,WH-Central-Nagpur,243,21,42,2025-01-11
INV-7445,PRD-3445,WH-North-Delhi,182,40,56,2025-01-11
INV-7446,PRD-3446,WH-East-Kolkata,165,22,180,2025-04-11
INV-7447,PRD-3447,WH-South-Bengaluru,307,40,45,2025-03-06
INV-7448,PRD-3448,WH-Central-Nagpur,250,17,142,2025-04-01
INV-7449,PRD-3449,WH-East-Kolkata,494,17,27,2025-03-29
INV-7450,PRD-3450,WH-West-Mumbai,361,40,79,2025-03-09
INV-7451,PRD-3451,WH-East-Kolkata,350,10,114,2025-02-26
INV-7452,PRD-3452,WH-South-Bengaluru,389,7,171,2025-01-16
INV-7453,PRD-3453,WH-Central-Nagpur,316,31,113,2025-02-02
INV-7454,PRD-3454,WH-South-Bengaluru,114,17,161,2025-02-22
INV-7455,PRD-3455,WH-South-Bengaluru,403,20,23,2025-04-09
INV-7456,PRD-3456,WH-South-Bengaluru,398,27,84,2025-01-15
INV-7457,PRD-3457,WH-Central-Nagpur,206,28,140,2025-03-18
INV-7458,PRD-3458,WH-East-Kolkata,121,0,17,2025-03-14
INV-7459,PRD-3459,WH-North-Delhi,179,32,52,2025-01-08
INV-7460,PRD-3460,WH-West-Mumbai,202,12,14,2025-01-11
INV-7461,PRD-3461,WH-South-Bengaluru,294,30,171,2025-03-23
INV-7462,PRD-3462,WH-North-Delhi,88,17,42,2025-01-17
INV-7463,PRD-3463,WH-Central-Nagpur,143,34,60,2025-02-09
INV-7464,PRD-3464,WH-Central-Nagpur,85,30,102,2025-02-22
INV-7465,PRD-3465,WH-Central-Nagpur,24,18,165,2025-03-08
INV-7466,PRD-3466,WH-South-Bengaluru,223,3,26,2025-03-23
INV-7467,PRD-3467,WH-Central-Nagpur,497,2,75,2025-01-02
INV-7468,PRD-3468,WH-North-Delhi,100,19,146,2025-01-01
INV-7469,PRD-3469,WH-West-Mumbai,429,21,61,2025-02-26
INV-7470,PRD-3470,WH-North-Delhi,191,33,107,2025-02-21
INV-7471,PRD-3471,WH-East-Kolkata,53,22,88,2025-02-03
INV-7472,PRD-3472,WH-South-Bengaluru,213,1,93,2025-02-01
INV-7473,PRD-3473,WH-Central-Nagpur,78,25,15,2025-03-20
INV-7474,PRD-3474,WH-East-Kolkata,248,17,108,2025-03-23
INV-7475,PRD-3475,WH-North-Delhi,253,8,17,2025-03-22
INV-7476,PRD-3476,WH-South-Bengaluru,383,13,106,2025-03-31
INV-7477,PRD-3477,WH-South-Bengaluru,319,36,21,2025-01-14
INV-7478,PRD-3478,WH-Central-Nagpur,353,9,140,2025-02-14
INV-7479,PRD-3479,WH-East-Kolkata,227,40,179,2025-01-20
INV-7480,PRD-3480,WH-Central-Nagpur,186,2,48,2025-01-11
INV-7481,PRD-3481,WH-South-Bengaluru,496,20,171,2025-03-26
INV-7482,PRD-3482,WH-North-Delhi,285,15,10,2025-03-28
INV-7483,PRD-3483,WH-East-Kolkata,232,21,86,2025-03-12
INV-7484,PRD-3484,WH-North-Delhi,45,10,103,2025-01-24
INV-7485,PRD-3485,WH-East-Kolkata,133,13,160,2025-02-17
INV-7486,PRD-3486,WH-East-Kolkata,244,32,73,2025-02-06
INV-7487,PRD-3487,WH-East-Kolkata,1,1,148,2025-03-20
INV-7488,PRD-3488,WH-West-Mumbai,425,30,92,2025-01-11
INV-7489,PRD-3489,WH-Central-Nagpur,356,36,30,2025-03-19
INV-7490,PRD-3490,WH-Central-Nagpur,33,29,128,2025-02-17
INV-7491,PRD-3491,WH-South-Bengaluru,35,9,151,2025-03-28
INV-7492,PRD-3492,WH-South-Bengaluru,153,6,83,2025-03-19
INV-7493,PRD-3493,WH-North-Delhi,173,13,177,2025-01-13
INV-7494,PRD-3494,WH-East-Kolkata,469,17,163,2025-03-11
INV-7495,PRD-3495,WH-North-Delhi,266,15,137,2025-04-10
INV-7496,PRD-3496,WH-South-Bengaluru,339,36,126,2025-02-04
INV-7497,PRD-3497,WH-East-Kolkata,227,27,94,2025-02-18
INV-7498,PRD-3498,WH-South-Bengaluru,298,2,128,2025-01-03
INV-7499,PRD-3499,WH-South-Bengaluru,166,19,161,2025-02-03
INV-7500,PRD-3500,WH-North-Delhi,326,19,61,2025-04-09
