movement_id,product_id,movement_type,quantity_changed,movement_date,reference_doc
MOV-301,PRD-3248,PO Inbound,82,2025-09-11,REF-41629
MOV-302,PRD-3139,Shrinkage Adjustment,-3,2025-05-08,REF-23873
MOV-303,PRD-3212,PO Inbound,29,2025-06-02,REF-11648
MOV-304,PRD-3383,Shrinkage Adjustment,-38,2025-03-07,REF-99814
MOV-305,PRD-3382,PO Inbound,50,2025-05-18,REF-55881
MOV-306,PRD-3247,Return Inbound,23,2025-09-07,REF-55260
MOV-307,PRD-3148,Sales Outbound,-46,2025-09-15,REF-97377
MOV-308,PRD-3448,Sales Outbound,-9,2025-10-15,REF-62378
MOV-309,PRD-3251,Warehouse Transfer,-22,2025-02-16,REF-56538
MOV-310,PRD-3349,PO Inbound,55,2025-07-20,REF-78297
MOV-311,PRD-3479,Warehouse Transfer,-5,2025-06-27,REF-56998
MOV-312,PRD-3381,Shrinkage Adjustment,-8,2025-06-16,REF-57815
MOV-313,PRD-3428,Shrinkage Adjustment,-44,2025-08-02,REF-20610
MOV-314,PRD-3441,Shrinkage Adjustment,-27,2025-10-14,REF-86318
MOV-315,PRD-3457,Return Inbound,6,2025-10-17,REF-41393
MOV-316,PRD-3216,Sales Outbound,-25,2025-05-09,REF-63389
MOV-317,PRD-3328,PO Inbound,44,2025-10-19,REF-58561
MOV-318,PRD-3161,PO Inbound,90,2025-07-31,REF-25278
MOV-319,PRD-3443,PO Inbound,29,2025-04-17,REF-86940
MOV-320,PRD-3172,Shrinkage Adjustment,-13,2025-04-06,REF-27262
MOV-321,PRD-3134,Return Inbound,10,2025-09-19,REF-29476
MOV-322,PRD-3192,Shrinkage Adjustment,-39,2025-07-26,REF-18831
MOV-323,PRD-3304,Sales Outbound,-6,2025-03-16,REF-94048
MOV-324,PRD-3364,Shrinkage Adjustment,-37,2025-08-19,REF-50880
MOV-325,PRD-3286,Shrinkage Adjustment,-38,2025-09-06,REF-82541
MOV-326,PRD-3156,Warehouse Transfer,-31,2025-10-20,REF-76514
MOV-327,PRD-3322,Warehouse Transfer,-27,2025-04-12,REF-21177
MOV-328,PRD-3293,Shrinkage Adjustment,-15,2025-01-30,REF-55548
MOV-329,PRD-3083,Shrinkage Adjustment,-41,2025-01-27,REF-44061
MOV-330,PRD-3363,Sales Outbound,-25,2025-10-20,REF-34012
MOV-331,PRD-3093,Return Inbound,73,2025-02-10,REF-65306
MOV-332,PRD-3129,Sales Outbound,-16,2025-01-03,REF-25794
MOV-333,PRD-3069,Shrinkage Adjustment,-19,2025-07-27,REF-86861
MOV-334,PRD-3470,PO Inbound,15,2025-09-07,REF-61177
MOV-335,PRD-3105,PO Inbound,97,2025-02-16,REF-84798
MOV-336,PRD-3423,Warehouse Transfer,-28,2025-05-05,REF-71170
MOV-337,PRD-3350,PO Inbound,68,2025-07-05,REF-97471
MOV-338,PRD-3178,Sales Outbound,-25,2025-01-03,REF-65058
MOV-339,PRD-3404,Sales Outbound,-12,2025-04-09,REF-11582
MOV-340,PRD-3212,Sales Outbound,-23,2025-08-02,REF-71662
MOV-341,PRD-3106,Return Inbound,63,2025-08-21,REF-58983
MOV-342,PRD-3201,Warehouse Transfer,-47,2025-05-29,REF-31784
MOV-343,PRD-3393,Warehouse Transfer,-34,2025-06-08,REF-18504
MOV-344,PRD-3001,Return Inbound,2,2025-01-19,REF-38454
MOV-345,PRD-3438,Sales Outbound,-31,2025-04-15,REF-12420
MOV-346,PRD-3112,Sales Outbound,-20,2025-09-26,REF-32821
MOV-347,PRD-3364,Shrinkage Adjustment,-20,2025-07-15,REF-37134
MOV-348,PRD-3384,Return Inbound,17,2025-04-28,REF-54766
MOV-349,PRD-3430,Shrinkage Adjustment,-6,2025-03-01,REF-82979
MOV-350,PRD-3264,Sales Outbound,-1,2025-05-05,REF-80784
MOV-351,PRD-3002,Shrinkage Adjustment,-44,2025-10-26,REF-53190
MOV-352,PRD-3259,Shrinkage Adjustment,-9,2025-02-04,REF-83686
MOV-353,PRD-3172,Sales Outbound,-42,2025-02-02,REF-23497
MOV-354,PRD-3049,Sales Outbound,-33,2025-02-10,REF-71162
MOV-355,PRD-3249,Warehouse Transfer,-2,2025-04-18,REF-93564
MOV-356,PRD-3201,Shrinkage Adjustment,-25,2025-07-21,REF-39954
MOV-357,PRD-3201,Warehouse Transfer,-20,2025-09-03,REF-32962
MOV-358,PRD-3260,PO Inbound,84,2025-05-07,REF-30757
MOV-359,PRD-3213,Return Inbound,75,2025-09-21,REF-46684
MOV-360,PRD-3173,PO Inbound,25,2025-04-13,REF-99636
MOV-361,PRD-3252,Warehouse Transfer,-4,2025-03-30,REF-97535
MOV-362,PRD-3340,Warehouse Transfer,-18,2025-01-16,REF-39480
MOV-363,PRD-3252,Return Inbound,28,2025-06-26,REF-92960
MOV-364,PRD-3353,Sales Outbound,-43,2025-02-25,REF-96527
MOV-365,PRD-3103,Sales Outbound,-46,2025-05-09,REF-54951
MOV-366,PRD-3065,Shrinkage Adjustment,-45,2025-06-18,REF-64336
MOV-367,PRD-3232,PO Inbound,75,2025-06-25,REF-16217
MOV-368,PRD-3417,Sales Outbound,-4,2025-07-09,REF-62796
MOV-369,PRD-3257,Shrinkage Adjustment,-36,2025-02-01,REF-69779
MOV-370,PRD-3405,PO Inbound,17,2025-07-23,REF-53222
MOV-371,PRD-3078,Return Inbound,80,2025-05-30,REF-81016
MOV-372,PRD-3310,PO Inbound,65,2025-07-02,REF-30968
MOV-373,PRD-3410,Warehouse Transfer,-33,2025-05-02,REF-76542
MOV-374,PRD-3258,Sales Outbound,-1,2025-02-07,REF-52992
MOV-375,PRD-3062,Return Inbound,76,2025-08-28,REF-67896
MOV-376,PRD-3255,Shrinkage Adjustment,-18,2025-10-22,REF-21698
MOV-377,PRD-3126,Shrinkage Adjustment,-47,2025-02-13,REF-63504
MOV-378,PRD-3439,Return Inbound,57,2025-07-31,REF-55400
MOV-379,PRD-3071,Warehouse Transfer,-11,2025-03-10,REF-60689
MOV-380,PRD-3056,Warehouse Transfer,-42,2025-06-17,REF-96055
MOV-381,PRD-3138,Warehouse Transfer,-43,2025-01-13,REF-27175
MOV-382,PRD-3289,Return Inbound,72,2025-05-15,REF-86074
MOV-383,PRD-3399,Return Inbound,25,2025-05-12,REF-51922
MOV-384,PRD-3235,Shrinkage Adjustment,-27,2025-07-22,REF-20069
MOV-385,PRD-3370,Sales Outbound,-35,2025-10-02,REF-67269
MOV-386,PRD-3176,Return Inbound,3,2025-01-18,REF-86365
MOV-387,PRD-3436,PO Inbound,90,2025-07-08,REF-87901
MOV-388,PRD-3178,Shrinkage Adjustment,-48,2025-08-16,REF-77576
MOV-389,PRD-3097,Sales Outbound,-14,2025-10-16,REF-95350
MOV-390,PRD-3499,Return Inbound,97,2025-04-07,REF-60282
MOV-391,PRD-3414,PO Inbound,15,2025-10-24,REF-47326
MOV-392,PRD-3045,Sales Outbound,-41,2025-08-24,REF-14022
MOV-393,PRD-3213,Shrinkage Adjustment,-7,2025-10-15,REF-52884
MOV-394,PRD-3344,Sales Outbound,-27,2025-01-18,REF-79606
MOV-395,PRD-3253,Warehouse Transfer,-3,2025-08-13,REF-27801
MOV-396,PRD-3001,Sales Outbound,-2,2025-04-25,REF-93084
MOV-397,PRD-3365,Sales Outbound,-36,2025-10-09,REF-23133
MOV-398,PRD-3484,PO Inbound,21,2025-01-06,REF-85738
MOV-399,PRD-3317,Shrinkage Adjustment,-26,2025-09-02,REF-66178
MOV-400,PRD-3113,Shrinkage Adjustment,-11,2025-01-09,REF-36128
MOV-401,PRD-3332,Shrinkage Adjustment,-15,2025-06-01,REF-42796
MOV-402,PRD-3258,Sales Outbound,-25,2025-07-05,REF-65119
MOV-403,PRD-3248,PO Inbound,59,2025-02-21,REF-85930
MOV-404,PRD-3323,PO Inbound,45,2025-07-27,REF-96422
MOV-405,PRD-3439,Return Inbound,63,2025-05-27,REF-35400
MOV-406,PRD-3302,Shrinkage Adjustment,-32,2025-09-02,REF-14452
MOV-407,PRD-3163,Return Inbound,51,2025-08-19,REF-36375
MOV-408,PRD-3308,Sales Outbound,-5,2025-07-20,REF-42932
MOV-409,PRD-3372,Warehouse Transfer,-1,2025-06-24,REF-45461
MOV-410,PRD-3218,Warehouse Transfer,-42,2025-09-30,REF-74900
MOV-411,PRD-3383,Sales Outbound,-46,2025-01-26,REF-56371
MOV-412,PRD-3265,Warehouse Transfer,-28,2025-10-01,REF-26320
MOV-413,PRD-3030,Sales Outbound,-22,2025-04-19,REF-22388
MOV-414,PRD-3070,Warehouse Transfer,-12,2025-08-05,REF-64994
MOV-415,PRD-3066,Return Inbound,35,2025-09-11,REF-76635
MOV-416,PRD-3459,PO Inbound,88,2025-01-17,REF-83865
MOV-417,PRD-3168,Warehouse Transfer,-4,2025-06-06,REF-11851
MOV-418,PRD-3435,PO Inbound,100,2025-05-31,REF-60607
MOV-419,PRD-3063,Return Inbound,78,2025-08-28,REF-11703
MOV-420,PRD-3021,PO Inbound,10,2025-10-24,REF-98017
MOV-421,PRD-3029,PO Inbound,58,2025-04-18,REF-78033
MOV-422,PRD-3260,Return Inbound,33,2025-07-20,REF-67806
MOV-423,PRD-3470,Sales Outbound,-41,2025-06-08,REF-75030
MOV-424,PRD-3145,Sales Outbound,-26,2025-10-21,REF-40405
MOV-425,PRD-3420,Warehouse Transfer,-41,2025-01-17,REF-82675
MOV-426,PRD-3310,Return Inbound,14,2025-04-18,REF-24065
MOV-427,PRD-3295,Warehouse Transfer,-21,2025-10-22,REF-59540
MOV-428,PRD-3255,PO Inbound,68,2025-04-23,REF-28802
MOV-429,PRD-3056,Sales Outbound,-1,2025-06-29,REF-48508
MOV-430,PRD-3065,Warehouse Transfer,-41,2025-05-10,REF-95818
MOV-431,PRD-3406,Sales Outbound,-23,2025-02-04,REF-23574
MOV-432,PRD-3045,Warehouse Transfer,-42,2025-01-22,REF-35731
MOV-433,PRD-3387,Return Inbound,77,2025-06-03,REF-11887
MOV-434,PRD-3296,Return Inbound,22,2025-10-23,REF-47052
MOV-435,PRD-3033,Sales Outbound,-21,2025-10-17,REF-68783
MOV-436,PRD-3319,Warehouse Transfer,-48,2025-01-19,REF-99553
MOV-437,PRD-3117,Sales Outbound,-16,2025-10-13,REF-81072
MOV-438,PRD-3364,Shrinkage Adjustment,-44,2025-08-03,REF-71375
MOV-439,PRD-3200,Shrinkage Adjustment,-3,2025-07-18,REF-31668
MOV-440,PRD-3431,Warehouse Transfer,-37,2025-06-13,REF-19310
MOV-441,PRD-3458,Sales Outbound,-50,2025-06-08,REF-12188
MOV-442,PRD-3332,Sales Outbound,-37,2025-08-29,REF-82104
MOV-443,PRD-3112,Warehouse Transfer,-30,2025-05-27,REF-48036
MOV-444,PRD-3343,Sales Outbound,-2,2025-09-28,REF-23096
MOV-445,PRD-3262,Sales Outbound,-27,2025-05-03,REF-31113
MOV-446,PRD-3354,Warehouse Transfer,-43,2025-04-15,REF-93052
MOV-447,PRD-3320,Shrinkage Adjustment,-46,2025-01-05,REF-33640
MOV-448,PRD-3198,Shrinkage Adjustment,-16,2025-09-19,REF-31868
MOV-449,PRD-3450,PO Inbound,61,2025-03-04,REF-55645
MOV-450,PRD-3478,Return Inbound,72,2025-02-10,REF-82211
MOV-451,PRD-3167,PO Inbound,29,2025-04-25,REF-23820
MOV-452,PRD-3040,Shrinkage Adjustment,-33,2025-08-01,REF-17402
MOV-453,PRD-3175,Shrinkage Adjustment,-29,2025-07-27,REF-69286
MOV-454,PRD-3253,PO Inbound,76,2025-03-11,REF-97148
MOV-455,PRD-3287,Warehouse Transfer,-39,2025-03-11,REF-14373
MOV-456,PRD-3448,Sales Outbound,-4,2025-03-21,REF-79555
MOV-457,PRD-3497,Shrinkage Adjustment,-21,2025-08-13,REF-45365
MOV-458,PRD-3018,Return Inbound,65,2025-04-06,REF-41224
MOV-459,PRD-3348,PO Inbound,27,2025-08-02,REF-11698
MOV-460,PRD-3194,Shrinkage Adjustment,-32,2025-09-29,REF-73199
MOV-461,PRD-3057,Warehouse Transfer,-42,2025-03-28,REF-44902
MOV-462,PRD-3389,Warehouse Transfer,-31,2025-03-31,REF-59545
MOV-463,PRD-3166,Return Inbound,97,2025-08-27,REF-18407
MOV-464,PRD-3097,Shrinkage Adjustment,-19,2025-10-23,REF-64290
MOV-465,PRD-3245,Return Inbound,90,2025-07-06,REF-22418
MOV-466,PRD-3356,Return Inbound,41,2025-04-28,REF-69324
MOV-467,PRD-3183,Sales Outbound,-23,2025-08-16,REF-49380
MOV-468,PRD-3498,Return Inbound,87,2025-09-23,REF-79709
MOV-469,PRD-3075,Return Inbound,18,2025-08-03,REF-95812
MOV-470,PRD-3432,Warehouse Transfer,-37,2025-01-25,REF-24745
MOV-471,PRD-3418,Warehouse Transfer,-24,2025-02-23,REF-23503
MOV-472,PRD-3420,PO Inbound,41,2025-08-10,REF-72432
MOV-473,PRD-3458,Sales Outbound,-15,2025-10-06,REF-55130
MOV-474,PRD-3039,Return Inbound,59,2025-08-08,REF-47597
MOV-475,PRD-3377,Shrinkage Adjustment,-32,2025-01-19,REF-95066
MOV-476,PRD-3189,PO Inbound,85,2025-07-31,REF-79737
MOV-477,PRD-3005,Warehouse Transfer,-35,2025-04-14,REF-76060
MOV-478,PRD-3377,Sales Outbound,-5,2025-10-26,REF-39273
MOV-479,PRD-3133,Shrinkage Adjustment,-21,2025-01-31,REF-33262
MOV-480,PRD-3389,Shrinkage Adjustment,-21,2025-09-18,REF-66141
MOV-481,PRD-3027,Sales Outbound,-41,2025-06-03,REF-55102
MOV-482,PRD-3193,Sales Outbound,-45,2025-05-04,REF-37075
MOV-483,PRD-3399,Warehouse Transfer,-37,2025-03-19,REF-42009
MOV-484,PRD-3154,Warehouse Transfer,-24,2025-03-12,REF-46555
MOV-485,PRD-3394,Return Inbound,58,2025-01-28,REF-54433
MOV-486,PRD-3040,Return Inbound,44,2025-08-29,REF-79529
MOV-487,PRD-3481,Sales Outbound,-26,2025-04-09,REF-80177
MOV-488,PRD-3279,PO Inbound,82,2025-04-14,REF-31782
MOV-489,PRD-3493,Return Inbound,87,2025-03-16,REF-70815
MOV-490,PRD-3046,Shrinkage Adjustment,-8,2025-09-26,REF-98043
MOV-491,PRD-3200,Sales Outbound,-46,2025-09-19,REF-92829
MOV-492,PRD-3194,Warehouse Transfer,-30,2025-05-09,REF-73098
MOV-493,PRD-3214,Sales Outbound,-14,2025-08-29,REF-13222
MOV-494,PRD-3108,Warehouse Transfer,-23,2025-05-23,REF-71549
MOV-495,PRD-3287,Shrinkage Adjustment,-49,2025-04-05,REF-64160
MOV-496,PRD-3270,PO Inbound,74,2025-04-07,REF-26102
MOV-497,PRD-3408,Warehouse Transfer,-10,2025-04-02,REF-84961
MOV-498,PRD-3488,Return Inbound,12,2025-03-31,REF-39218
MOV-499,PRD-3072,Warehouse Transfer,-49,2025-01-01,REF-61348
MOV-500,PRD-3095,Return Inbound,31,2025-10-24,REF-42860
MOV-501,PRD-3445,PO Inbound,65,2025-07-04,REF-45989
MOV-502,PRD-3175,Return Inbound,36,2025-02-02,REF-80668
MOV-503,PRD-3314,Sales Outbound,-21,2025-10-03,REF-79446
MOV-504,PRD-3455,Sales Outbound,-6,2025-05-14,REF-10471
MOV-505,PRD-3027,Sales Outbound,-23,2025-07-25,REF-39446
MOV-506,PRD-3015,Sales Outbound,-11,2025-09-16,REF-29747
MOV-507,PRD-3221,Shrinkage Adjustment,-13,2025-06-17,REF-97521
MOV-508,PRD-3156,Warehouse Transfer,-1,2025-06-07,REF-68559
MOV-509,PRD-3297,Warehouse Transfer,-25,2025-07-04,REF-68068
MOV-510,PRD-3052,Shrinkage Adjustment,-33,2025-10-27,REF-67237
MOV-511,PRD-3335,Sales Outbound,-6,2025-04-10,REF-29367
MOV-512,PRD-3400,Return Inbound,8,2025-09-26,REF-64765
MOV-513,PRD-3089,Warehouse Transfer,-27,2025-10-02,REF-51121
MOV-514,PRD-3198,Return Inbound,81,2025-04-18,REF-49066
MOV-515,PRD-3225,Shrinkage Adjustment,-4,2025-09-26,REF-80551
MOV-516,PRD-3090,Sales Outbound,-2,2025-10-23,REF-32282
MOV-517,PRD-3436,Return Inbound,70,2025-08-13,REF-33211
MOV-518,PRD-3267,Warehouse Transfer,-42,2025-05-29,REF-61781
MOV-519,PRD-3240,Sales Outbound,-26,2025-04-18,REF-20228
MOV-520,PRD-3204,Sales Outbound,-16,2025-01-09,REF-82628
MOV-521,PRD-3151,Shrinkage Adjustment,-3,2025-02-22,REF-71484
MOV-522,PRD-3081,Shrinkage Adjustment,-10,2025-09-21,REF-11871
MOV-523,PRD-3121,Sales Outbound,-45,2025-07-27,REF-50841
MOV-524,PRD-3312,PO Inbound,66,2025-05-26,REF-97489
MOV-525,PRD-3256,Return Inbound,74,2025-02-11,REF-92796
MOV-526,PRD-3047,Shrinkage Adjustment,-16,2025-05-11,REF-95458
MOV-527,PRD-3363,Sales Outbound,-44,2025-01-18,REF-39981
MOV-528,PRD-3483,PO Inbound,8,2025-02-20,REF-60880
MOV-529,PRD-3211,Sales Outbound,-50,2025-07-12,REF-66561
MOV-530,PRD-3092,Sales Outbound,-34,2025-05-21,REF-57557
MOV-531,PRD-3429,Return Inbound,40,2025-02-07,REF-48024
MOV-532,PRD-3385,PO Inbound,69,2025-06-19,REF-69469
MOV-533,PRD-3316,Shrinkage Adjustment,-10,2025-03-25,REF-85358
MOV-534,PRD-3181,PO Inbound,98,2025-02-23,REF-93080
MOV-535,PRD-3001,Warehouse Transfer,-20,2025-09-27,REF-65966
MOV-536,PRD-3041,PO Inbound,49,2025-08-01,REF-15735
MOV-537,PRD-3379,PO Inbound,24,2025-07-19,REF-10803
MOV-538,PRD-3152,Shrinkage Adjustment,-38,2025-01-10,REF-93511
MOV-539,PRD-3054,Shrinkage Adjustment,-17,2025-06-21,REF-36116
MOV-540,PRD-3262,Warehouse Transfer,-7,2025-07-14,REF-27576
MOV-541,PRD-3462,Return Inbound,36,2025-02-07,REF-13133
MOV-542,PRD-3214,Shrinkage Adjustment,-41,2025-09-09,REF-81524
MOV-543,PRD-3279,Return Inbound,41,2025-08-29,REF-38947
MOV-544,PRD-3435,Sales Outbound,-5,2025-08-09,REF-55763
MOV-545,PRD-3029,Sales Outbound,-44,2025-05-21,REF-30037
MOV-546,PRD-3460,Sales Outbound,-50,2025-09-26,REF-85004
MOV-547,PRD-3100,Return Inbound,35,2025-05-11,REF-11833
MOV-548,PRD-3236,PO Inbound,9,2025-01-08,REF-70824
MOV-549,PRD-3388,Sales Outbound,-40,2025-09-22,REF-59133
MOV-550,PRD-3013,Sales Outbound,-16,2025-01-14,REF-55358
MOV-551,PRD-3328,PO Inbound,55,2025-08-11,REF-68262
MOV-552,PRD-3049,Return Inbound,70,2025-06-23,REF-40668
MOV-553,PRD-3477,Sales Outbound,-43,2025-04-12,REF-25998
MOV-554,PRD-3256,PO Inbound,33,2025-08-22,REF-85354
MOV-555,PRD-3390,Return Inbound,46,2025-05-11,REF-18649
MOV-556,PRD-3088,Warehouse Transfer,-36,2025-03-26,REF-48365
MOV-557,PRD-3386,Warehouse Transfer,-12,2025-03-22,REF-10758
MOV-558,PRD-3421,Sales Outbound,-33,2025-10-09,REF-19466
MOV-559,PRD-3183,Sales Outbound,-4,2025-09-18,REF-86875
MOV-560,PRD-3441,Return Inbound,18,2025-02-26,REF-67735
MOV-561,PRD-3447,Shrinkage Adjustment,-36,2025-01-02,REF-25754
MOV-562,PRD-3498,Sales Outbound,-27,2025-08-09,REF-31790
MOV-563,PRD-3172,PO Inbound,42,2025-01-30,REF-72551
MOV-564,PRD-3378,Sales Outbound,-46,2025-03-11,REF-46511
MOV-565,PRD-3384,Warehouse Transfer,-5,2025-04-29,REF-88746
MOV-566,PRD-3152,Sales Outbound,-4,2025-05-07,REF-32120
MOV-567,PRD-3188,PO Inbound,95,2025-03-28,REF-73746
MOV-568,PRD-3129,Warehouse Transfer,-26,2025-03-19,REF-41419
MOV-569,PRD-3288,Sales Outbound,-33,2025-05-25,REF-48756
MOV-570,PRD-3025,Sales Outbound,-31,2025-07-21,REF-56501
MOV-571,PRD-3132,Sales Outbound,-39,2025-10-27,REF-87577
MOV-572,PRD-3137,Sales Outbound,-47,2025-10-15,REF-56709
MOV-573,PRD-3378,Warehouse Transfer,-2,2025-04-08,REF-39460
MOV-574,PRD-3014,Warehouse Transfer,-27,2025-05-11,REF-22586
MOV-575,PRD-3148,Warehouse Transfer,-27,2025-05-06,REF-26782
MOV-576,PRD-3303,PO Inbound,66,2025-06-13,REF-12667
MOV-577,PRD-3171,PO Inbound,97,2025-05-20,REF-97958
MOV-578,PRD-3262,Shrinkage Adjustment,-43,2025-02-24,REF-53854
MOV-579,PRD-3300,PO Inbound,41,2025-03-02,REF-83019
MOV-580,PRD-3065,Sales Outbound,-30,2025-09-07,REF-32334
MOV-581,PRD-3054,PO Inbound,79,2025-01-27,REF-73347
MOV-582,PRD-3130,Return Inbound,33,2025-08-29,REF-85024
MOV-583,PRD-3354,Sales Outbound,-37,2025-02-24,REF-19400
MOV-584,PRD-3242,PO Inbound,63,2025-05-09,REF-11295
MOV-585,PRD-3016,Sales Outbound,-46,2025-05-12,REF-56733
MOV-586,PRD-3202,Warehouse Transfer,-44,2025-09-16,REF-46312
MOV-587,PRD-3469,Warehouse Transfer,-26,2025-06-18,REF-98369
MOV-588,PRD-3478,Shrinkage Adjustment,-49,2025-04-17,REF-72765
MOV-589,PRD-3151,Return Inbound,77,2025-07-13,REF-63065
MOV-590,PRD-3194,PO Inbound,57,2025-03-11,REF-38720
MOV-591,PRD-3202,Shrinkage Adjustment,-47,2025-01-30,REF-48297
MOV-592,PRD-3436,Shrinkage Adjustment,-17,2025-02-23,REF-29396
MOV-593,PRD-3004,Warehouse Transfer,-7,2025-10-06,REF-10206
MOV-594,PRD-3099,Shrinkage Adjustment,-34,2025-04-18,REF-75676
MOV-595,PRD-3328,Sales Outbound,-23,2025-03-09,REF-79924
MOV-596,PRD-3348,Warehouse Transfer,-41,2025-05-25,REF-10622
MOV-597,PRD-3157,Sales Outbound,-38,2025-05-07,REF-57843
MOV-598,PRD-3060,Shrinkage Adjustment,-2,2025-03-12,REF-61894
MOV-599,PRD-3312,Return Inbound,62,2025-08-14,REF-58951
MOV-600,PRD-3068,Shrinkage Adjustment,-27,2025-10-15,REF-47967
MOV-601,PRD-3485,Warehouse Transfer,-4,2025-04-22,REF-97351
MOV-602,PRD-3380,PO Inbound,55,2025-04-11,REF-62478
MOV-603,PRD-3241,Warehouse Transfer,-5,2025-08-24,REF-51300
MOV-604,PRD-3077,Return Inbound,83,2025-10-11,REF-18789
MOV-605,PRD-3128,Return Inbound,32,2025-09-07,REF-60524
MOV-606,PRD-3454,Return Inbound,21,2025-09-21,REF-40151
MOV-607,PRD-3388,Warehouse Transfer,-15,2025-01-06,REF-37419
MOV-608,PRD-3490,Warehouse Transfer,-49,2025-07-03,REF-41500
MOV-609,PRD-3307,Return Inbound,18,2025-07-23,REF-15474
MOV-610,PRD-3268,Warehouse Transfer,-23,2025-04-07,REF-33703
MOV-611,PRD-3308,Warehouse Transfer,-30,2025-05-02,REF-48047
MOV-612,PRD-3361,PO Inbound,12,2025-02-13,REF-43286
MOV-613,PRD-3318,Warehouse Transfer,-32,2025-06-05,REF-69676
MOV-614,PRD-3169,Return Inbound,94,2025-09-08,REF-36437
MOV-615,PRD-3345,Shrinkage Adjustment,-30,2025-01-19,REF-46105
MOV-616,PRD-3390,Warehouse Transfer,-40,2025-01-21,REF-85487
MOV-617,PRD-3214,Shrinkage Adjustment,-35,2025-02-04,REF-89056
MOV-618,PRD-3159,Return Inbound,50,2025-06-22,REF-85361
MOV-619,PRD-3246,Shrinkage Adjustment,-15,2025-07-17,REF-22332
MOV-620,PRD-3400,PO Inbound,85,2025-04-13,REF-42875
MOV-621,PRD-3011,Return Inbound,61,2025-04-16,REF-62620
MOV-622,PRD-3278,Warehouse Transfer,-7,2025-01-27,REF-78011
MOV-623,PRD-3444,PO Inbound,38,2025-02-26,REF-98398
MOV-624,PRD-3255,Return Inbound,55,2025-05-23,REF-38125
MOV-625,PRD-3017,Shrinkage Adjustment,-46,2025-03-24,REF-23641
MOV-626,PRD-3460,Warehouse Transfer,-43,2025-09-17,REF-69810
MOV-627,PRD-3339,Shrinkage Adjustment,-5,2025-08-06,REF-85520
MOV-628,PRD-3302,PO Inbound,50,2025-06-13,REF-76361
MOV-629,PRD-3237,Sales Outbound,-15,2025-07-30,REF-42407
MOV-630,PRD-3158,PO Inbound,16,2025-01-17,REF-44562
MOV-631,PRD-3276,Return Inbound,57,2025-10-12,REF-64995
MOV-632,PRD-3231,PO Inbound,19,2025-07-17,REF-52951
MOV-633,PRD-3415,Shrinkage Adjustment,-45,2025-03-23,REF-81986
MOV-634,PRD-3426,PO Inbound,71,2025-03-15,REF-86919
MOV-635,PRD-3431,PO Inbound,22,2025-09-09,REF-83690
MOV-636,PRD-3320,Warehouse Transfer,-33,2025-07-07,REF-95003
MOV-637,PRD-3085,Return Inbound,74,2025-10-26,REF-18386
MOV-638,PRD-3320,Shrinkage Adjustment,-2,2025-09-29,REF-48299
MOV-639,PRD-3052,Return Inbound,87,2025-10-14,REF-53874
MOV-640,PRD-3449,Return Inbound,25,2025-08-27,REF-39741
MOV-641,PRD-3032,Return Inbound,28,2025-08-22,REF-64568
MOV-642,PRD-3105,PO Inbound,68,2025-06-14,REF-58288
MOV-643,PRD-3290,Shrinkage Adjustment,-32,2025-01-12,REF-74625
MOV-644,PRD-3421,PO Inbound,56,2025-05-11,REF-43458
MOV-645,PRD-3281,PO Inbound,35,2025-06-06,REF-10297
MOV-646,PRD-3003,PO Inbound,96,2025-05-20,REF-14746
MOV-647,PRD-3402,Shrinkage Adjustment,-24,2025-07-30,REF-15916
MOV-648,PRD-3077,Sales Outbound,-50,2025-03-04,REF-16673
MOV-649,PRD-3373,Shrinkage Adjustment,-20,2025-01-21,REF-68265
MOV-650,PRD-3394,Warehouse Transfer,-32,2025-03-23,REF-86586
MOV-651,PRD-3211,Warehouse Transfer,-48,2025-03-24,REF-33129
MOV-652,PRD-3376,Warehouse Transfer,-33,2025-06-19,REF-50043
MOV-653,PRD-3079,Shrinkage Adjustment,-14,2025-05-17,REF-43898
MOV-654,PRD-3302,Shrinkage Adjustment,-37,2025-03-18,REF-59130
MOV-655,PRD-3059,Warehouse Transfer,-31,2025-04-10,REF-63876
MOV-656,PRD-3209,Return Inbound,36,2025-08-17,REF-58001
MOV-657,PRD-3261,Shrinkage Adjustment,-36,2025-05-05,REF-97402
MOV-658,PRD-3248,PO Inbound,8,2025-06-15,REF-34577
MOV-659,PRD-3499,Warehouse Transfer,-48,2025-03-15,REF-56478
MOV-660,PRD-3332,Warehouse Transfer,-4,2025-08-09,REF-74954
MOV-661,PRD-3236,PO Inbound,72,2025-06-15,REF-35564
MOV-662,PRD-3366,Shrinkage Adjustment,-1,2025-02-24,REF-72320
MOV-663,PRD-3149,Sales Outbound,-45,2025-01-11,REF-43709
MOV-664,PRD-3032,Sales Outbound,-23,2025-07-13,REF-17716
MOV-665,PRD-3024,Return Inbound,16,2025-04-13,REF-23055
MOV-666,PRD-3210,Shrinkage Adjustment,-32,2025-08-27,REF-56153
MOV-667,PRD-3076,Shrinkage Adjustment,-50,2025-01-01,REF-67385
MOV-668,PRD-3057,Sales Outbound,-29,2025-10-22,REF-71435
MOV-669,PRD-3053,Shrinkage Adjustment,-28,2025-04-20,REF-52702
MOV-670,PRD-3005,Shrinkage Adjustment,-49,2025-06-01,REF-33389
MOV-671,PRD-3357,Shrinkage Adjustment,-11,2025-10-19,REF-89624
MOV-672,PRD-3470,PO Inbound,89,2025-05-31,REF-37611
MOV-673,PRD-3263,Warehouse Transfer,-41,2025-02-21,REF-73842
MOV-674,PRD-3466,Shrinkage Adjustment,-30,2025-07-23,REF-27759
MOV-675,PRD-3478,Sales Outbound,-29,2025-01-18,REF-28852
MOV-676,PRD-3378,Return Inbound,40,2025-05-07,REF-19419
MOV-677,PRD-3203,Sales Outbound,-37,2025-02-04,REF-51755
MOV-678,PRD-3262,Return Inbound,54,2025-05-20,REF-73241
MOV-679,PRD-3065,Return Inbound,54,2025-01-28,REF-47061
MOV-680,PRD-3197,Shrinkage Adjustment,-33,2025-03-22,REF-95638
MOV-681,PRD-3023,Sales Outbound,-28,2025-01-11,REF-61220
MOV-682,PRD-3356,PO Inbound,41,2025-06-29,REF-14301
MOV-683,PRD-3340,Sales Outbound,-26,2025-02-03,REF-41137
MOV-684,PRD-3132,PO Inbound,90,2025-08-30,REF-39679
MOV-685,PRD-3048,Sales Outbound,-10,2025-01-29,REF-66617
MOV-686,PRD-3197,Shrinkage Adjustment,-28,2025-07-27,REF-52332
MOV-687,PRD-3147,PO Inbound,42,2025-04-30,REF-93220
MOV-688,PRD-3092,Return Inbound,21,2025-02-28,REF-63985
MOV-689,PRD-3290,Return Inbound,29,2025-06-21,REF-39316
MOV-690,PRD-3360,Sales Outbound,-33,2025-08-11,REF-19604
MOV-691,PRD-3239,Warehouse Transfer,-43,2025-01-07,REF-57932
MOV-692,PRD-3284,PO Inbound,31,2025-09-23,REF-14197
MOV-693,PRD-3489,Return Inbound,58,2025-04-25,REF-34483
MOV-694,PRD-3060,Sales Outbound,-25,2025-08-16,REF-83127
MOV-695,PRD-3388,Warehouse Transfer,-25,2025-06-01,REF-56779
MOV-696,PRD-3171,Return Inbound,18,2025-07-29,REF-24445
MOV-697,PRD-3162,PO Inbound,4,2025-08-14,REF-11459
MOV-698,PRD-3377,Return Inbound,86,2025-07-07,REF-75237
MOV-699,PRD-3005,Return Inbound,21,2025-07-11,REF-14734
MOV-700,PRD-3288,Shrinkage Adjustment,-35,2025-09-10,REF-44987
MOV-701,PRD-3149,PO Inbound,17,2025-04-08,REF-55045
MOV-702,PRD-3476,Warehouse Transfer,-38,2025-10-07,REF-87244
MOV-703,PRD-3223,Sales Outbound,-21,2025-10-15,REF-62054
MOV-704,PRD-3306,Sales Outbound,-26,2025-05-07,REF-51109
MOV-705,PRD-3221,PO Inbound,5,2025-07-16,REF-94955
MOV-706,PRD-3096,Return Inbound,86,2025-06-27,REF-18245
MOV-707,PRD-3188,PO Inbound,62,2025-10-28,REF-68554
MOV-708,PRD-3356,Return Inbound,10,2025-10-27,REF-36313
MOV-709,PRD-3244,Warehouse Transfer,-17,2025-06-21,REF-38557
MOV-710,PRD-3035,Sales Outbound,-30,2025-04-12,REF-45011
MOV-711,PRD-3392,Return Inbound,43,2025-09-29,REF-94720
MOV-712,PRD-3011,PO Inbound,80,2025-09-10,REF-65457
MOV-713,PRD-3353,Sales Outbound,-8,2025-04-12,REF-45237
MOV-714,PRD-3214,PO Inbound,51,2025-05-22,REF-99554
MOV-715,PRD-3193,PO Inbound,41,2025-03-18,REF-66561
MOV-716,PRD-3395,Return Inbound,32,2025-03-19,REF-28499
MOV-717,PRD-3066,Return Inbound,100,2025-08-19,REF-15128
MOV-718,PRD-3380,Warehouse Transfer,-7,2025-01-02,REF-24052
MOV-719,PRD-3139,Warehouse Transfer,-45,2025-02-25,REF-31996
MOV-720,PRD-3299,Shrinkage Adjustment,-5,2025-10-13,REF-80155
MOV-721,PRD-3140,PO Inbound,100,2025-10-12,REF-88786
MOV-722,PRD-3451,Return Inbound,32,2025-08-18,REF-49589
MOV-723,PRD-3284,PO Inbound,18,2025-07-25,REF-77544
MOV-724,PRD-3057,Shrinkage Adjustment,-49,2025-05-08,REF-11086
MOV-725,PRD-3373,PO Inbound,67,2025-01-10,REF-52418
MOV-726,PRD-3264,Warehouse Transfer,-38,2025-01-07,REF-53214
MOV-727,PRD-3437,Warehouse Transfer,-3,2025-10-07,REF-25825
MOV-728,PRD-3138,PO Inbound,25,2025-04-21,REF-47043
MOV-729,PRD-3365,PO Inbound,44,2025-01-18,REF-82465
MOV-730,PRD-3430,PO Inbound,89,2025-01-25,REF-54446
MOV-731,PRD-3193,Sales Outbound,-22,2025-09-23,REF-96152
MOV-732,PRD-3222,Warehouse Transfer,-38,2025-01-20,REF-93199
MOV-733,PRD-3095,PO Inbound,100,2025-05-01,REF-18976
MOV-734,PRD-3050,Shrinkage Adjustment,-45,2025-08-01,REF-84500
MOV-735,PRD-3156,Shrinkage Adjustment,-2,2025-03-12,REF-93410
MOV-736,PRD-3039,Sales Outbound,-19,2025-08-09,REF-68722
MOV-737,PRD-3425,Shrinkage Adjustment,-50,2025-05-13,REF-28898
MOV-738,PRD-3259,PO Inbound,20,2025-06-27,REF-84184
MOV-739,PRD-3269,Sales Outbound,-26,2025-03-23,REF-16759
MOV-740,PRD-3235,Return Inbound,80,2025-09-18,REF-83400
MOV-741,PRD-3402,Return Inbound,75,2025-06-14,REF-88488
MOV-742,PRD-3039,Sales Outbound,-25,2025-01-03,REF-85854
MOV-743,PRD-3077,PO Inbound,32,2025-04-25,REF-20359
MOV-744,PRD-3371,Return Inbound,96,2025-08-10,REF-58423
MOV-745,PRD-3214,Return Inbound,64,2025-03-03,REF-64993
MOV-746,PRD-3201,Return Inbound,63,2025-09-20,REF-92800
MOV-747,PRD-3050,Sales Outbound,-2,2025-05-27,REF-85327
MOV-748,PRD-3320,Return Inbound,8,2025-06-05,REF-40817
MOV-749,PRD-3475,Warehouse Transfer,-37,2025-07-22,REF-48102
MOV-750,PRD-3333,PO Inbound,51,2025-05-19,REF-56099
MOV-751,PRD-3021,Warehouse Transfer,-25,2025-03-15,REF-83864
MOV-752,PRD-3450,Return Inbound,25,2025-03-08,REF-26656
MOV-753,PRD-3434,Sales Outbound,-2,2025-08-30,REF-29365
MOV-754,PRD-3139,Warehouse Transfer,-32,2025-07-17,REF-43380
MOV-755,PRD-3049,Sales Outbound,-27,2025-02-20,REF-38517
MOV-756,PRD-3343,Warehouse Transfer,-24,2025-07-05,REF-74226
MOV-757,PRD-3129,Return Inbound,70,2025-07-23,REF-25541
MOV-758,PRD-3259,PO Inbound,89,2025-06-15,REF-76060
MOV-759,PRD-3103,Warehouse Transfer,-16,2025-06-09,REF-14736
MOV-760,PRD-3266,Sales Outbound,-24,2025-05-19,REF-93032
MOV-761,PRD-3418,Return Inbound,19,2025-08-31,REF-77496
MOV-762,PRD-3272,Return Inbound,73,2025-10-07,REF-76839
MOV-763,PRD-3064,Warehouse Transfer,-12,2025-01-08,REF-66802
MOV-764,PRD-3314,Shrinkage Adjustment,-24,2025-07-15,REF-90376
MOV-765,PRD-3101,Sales Outbound,-24,2025-08-01,REF-28621
MOV-766,PRD-3488,Shrinkage Adjustment,-28,2025-03-25,REF-28200
MOV-767,PRD-3123,Shrinkage Adjustment,-35,2025-05-01,REF-20866
MOV-768,PRD-3413,Sales Outbound,-31,2025-06-24,REF-40237
MOV-769,PRD-3464,Return Inbound,16,2025-09-30,REF-36982
MOV-770,PRD-3314,Warehouse Transfer,-46,2025-06-26,REF-54461
MOV-771,PRD-3326,Shrinkage Adjustment,-36,2025-01-17,REF-31102
MOV-772,PRD-3464,Sales Outbound,-33,2025-01-10,REF-21525
MOV-773,PRD-3441,Shrinkage Adjustment,-32,2025-02-11,REF-98859
MOV-774,PRD-3499,PO Inbound,54,2025-03-08,REF-83928
MOV-775,PRD-3152,Return Inbound,3,2025-03-10,REF-60669
MOV-776,PRD-3339,Warehouse Transfer,-19,2025-05-17,REF-69615
MOV-777,PRD-3115,Return Inbound,86,2025-04-20,REF-46382
MOV-778,PRD-3049,Return Inbound,90,2025-05-07,REF-91433
MOV-779,PRD-3038,PO Inbound,96,2025-04-22,REF-34415
MOV-780,PRD-3487,Sales Outbound,-48,2025-03-05,REF-79283
MOV-781,PRD-3221,Shrinkage Adjustment,-30,2025-10-21,REF-93512
MOV-782,PRD-3026,Shrinkage Adjustment,-28,2025-09-07,REF-43686
MOV-783,PRD-3241,Shrinkage Adjustment,-42,2025-03-11,REF-16781
MOV-784,PRD-3365,PO Inbound,11,2025-02-01,REF-48702
MOV-785,PRD-3001,Warehouse Transfer,-15,2025-09-18,REF-42810
MOV-786,PRD-3127,Shrinkage Adjustment,-36,2025-03-30,REF-61679
MOV-787,PRD-3010,PO Inbound,83,2025-10-07,REF-68584
MOV-788,PRD-3241,Shrinkage Adjustment,-40,2025-06-27,REF-94456
MOV-789,PRD-3114,Sales Outbound,-48,2025-05-25,REF-28673
MOV-790,PRD-3069,Return Inbound,28,2025-04-26,REF-90735
MOV-791,PRD-3067,Sales Outbound,-17,2025-03-07,REF-57196
MOV-792,PRD-3454,Shrinkage Adjustment,-31,2025-08-19,REF-33784
MOV-793,PRD-3234,Shrinkage Adjustment,-17,2025-07-05,REF-68445
MOV-794,PRD-3346,Return Inbound,7,2025-03-26,REF-23978
MOV-795,PRD-3338,Warehouse Transfer,-34,2025-06-26,REF-34471
MOV-796,PRD-3048,PO Inbound,37,2025-09-27,REF-50502
MOV-797,PRD-3222,PO Inbound,30,2025-07-13,REF-34851
MOV-798,PRD-3272,Sales Outbound,-38,2025-07-22,REF-80022
MOV-799,PRD-3251,Warehouse Transfer,-33,2025-06-02,REF-33114
MOV-800,PRD-3416,PO Inbound,98,2025-05-27,REF-70571
MOV-801,PRD-3170,Warehouse Transfer,-50,2025-10-14,REF-42320
MOV-802,PRD-3189,Warehouse Transfer,-39,2025-06-09,REF-68598
MOV-803,PRD-3386,Shrinkage Adjustment,-4,2025-07-16,REF-85527
MOV-804,PRD-3360,Sales Outbound,-44,2025-04-01,REF-78973
MOV-805,PRD-3175,Sales Outbound,-9,2025-01-28,REF-29688
MOV-806,PRD-3499,Return Inbound,40,2025-07-28,REF-20644
MOV-807,PRD-3437,Shrinkage Adjustment,-46,2025-08-31,REF-87601
MOV-808,PRD-3487,Return Inbound,53,2025-08-16,REF-94521
MOV-809,PRD-3232,Warehouse Transfer,-43,2025-02-04,REF-78133
MOV-810,PRD-3390,Warehouse Transfer,-34,2025-08-11,REF-38213
MOV-811,PRD-3368,Shrinkage Adjustment,-48,2025-02-10,REF-39468
MOV-812,PRD-3446,Warehouse Transfer,-21,2025-05-29,REF-93520
MOV-813,PRD-3168,Warehouse Transfer,-9,2025-02-03,REF-25042
MOV-814,PRD-3365,Warehouse Transfer,-22,2025-08-13,REF-32664
MOV-815,PRD-3118,Return Inbound,81,2025-01-27,REF-21453
MOV-816,PRD-3317,Return Inbound,59,2025-04-20,REF-74792
MOV-817,PRD-3250,Warehouse Transfer,-28,2025-03-12,REF-62563
MOV-818,PRD-3346,Sales Outbound,-33,2025-10-26,REF-59685
MOV-819,PRD-3453,Return Inbound,38,2025-10-16,REF-91563
MOV-820,PRD-3450,Shrinkage Adjustment,-44,2025-08-26,REF-84736
MOV-821,PRD-3044,Shrinkage Adjustment,-36,2025-03-20,REF-27713
MOV-822,PRD-3011,PO Inbound,71,2025-03-05,REF-13046
MOV-823,PRD-3404,PO Inbound,13,2025-05-11,REF-33318
MOV-824,PRD-3259,Shrinkage Adjustment,-43,2025-08-02,REF-88138
MOV-825,PRD-3030,Shrinkage Adjustment,-12,2025-06-13,REF-21246
MOV-826,PRD-3165,Shrinkage Adjustment,-21,2025-10-28,REF-54590
MOV-827,PRD-3056,Return Inbound,75,2025-01-22,REF-84063
MOV-828,PRD-3359,Shrinkage Adjustment,-29,2025-02-20,REF-92898
MOV-829,PRD-3358,PO Inbound,85,2025-09-19,REF-11038
MOV-830,PRD-3001,Return Inbound,81,2025-06-30,REF-77481
MOV-831,PRD-3356,Shrinkage Adjustment,-12,2025-05-20,REF-30529
MOV-832,PRD-3338,Sales Outbound,-31,2025-05-31,REF-87216
MOV-833,PRD-3491,Shrinkage Adjustment,-28,2025-06-28,REF-96406
MOV-834,PRD-3066,Warehouse Transfer,-20,2025-09-22,REF-36001
MOV-835,PRD-3437,PO Inbound,45,2025-02-28,REF-69852
MOV-836,PRD-3064,Warehouse Transfer,-30,2025-03-21,REF-53501
MOV-837,PRD-3033,Sales Outbound,-42,2025-04-22,REF-43556
MOV-838,PRD-3106,Sales Outbound,-21,2025-04-29,REF-66625
MOV-839,PRD-3238,Return Inbound,87,2025-08-18,REF-99108
MOV-840,PRD-3248,Shrinkage Adjustment,-29,2025-04-19,REF-42858
MOV-841,PRD-3463,Sales Outbound,-25,2025-06-21,REF-79734
MOV-842,PRD-3438,Shrinkage Adjustment,-21,2025-01-25,REF-37107
MOV-843,PRD-3341,PO Inbound,2,2025-06-03,REF-94810
MOV-844,PRD-3303,Shrinkage Adjustment,-39,2025-02-17,REF-43654
MOV-845,PRD-3001,Shrinkage Adjustment,-31,2025-02-08,REF-92516
MOV-846,PRD-3459,Sales Outbound,-33,2025-01-16,REF-64124
MOV-847,PRD-3044,Warehouse Transfer,-39,2025-01-19,REF-73094
MOV-848,PRD-3432,Return Inbound,51,2025-07-21,REF-64041
MOV-849,PRD-3310,Shrinkage Adjustment,-43,2025-05-20,REF-72202
MOV-850,PRD-3078,PO Inbound,59,2025-03-03,REF-32318
MOV-851,PRD-3149,Sales Outbound,-24,2025-07-19,REF-65469
MOV-852,PRD-3257,Sales Outbound,-48,2025-01-26,REF-38576
MOV-853,PRD-3079,Return Inbound,97,2025-04-11,REF-60706
MOV-854,PRD-3477,Warehouse Transfer,-24,2025-03-15,REF-57501
MOV-855,PRD-3167,Warehouse Transfer,-29,2025-07-14,REF-74175
MOV-856,PRD-3106,Return Inbound,94,2025-01-06,REF-72200
MOV-857,PRD-3497,Warehouse Transfer,-49,2025-02-17,REF-17259
MOV-858,PRD-3339,Shrinkage Adjustment,-12,2025-09-25,REF-39359
MOV-859,PRD-3335,Warehouse Transfer,-20,2025-08-25,REF-60594
MOV-860,PRD-3138,Shrinkage Adjustment,-48,2025-02-06,REF-34040
MOV-861,PRD-3349,Shrinkage Adjustment,-6,2025-05-14,REF-89874
MOV-862,PRD-3358,Warehouse Transfer,-14,2025-07-27,REF-97841
MOV-863,PRD-3478,Sales Outbound,-7,2025-10-21,REF-61755
MOV-864,PRD-3091,Shrinkage Adjustment,-22,2025-07-21,REF-49074
MOV-865,PRD-3131,Sales Outbound,-38,2025-01-20,REF-86423
MOV-866,PRD-3164,PO Inbound,81,2025-06-22,REF-61543
MOV-867,PRD-3456,Shrinkage Adjustment,-14,2025-01-09,REF-18082
MOV-868,PRD-3334,Shrinkage Adjustment,-13,2025-07-19,REF-29017
MOV-869,PRD-3365,PO Inbound,7,2025-07-03,REF-98974
MOV-870,PRD-3040,Shrinkage Adjustment,-17,2025-01-29,REF-68370
MOV-871,PRD-3262,Shrinkage Adjustment,-48,2025-01-29,REF-49381
MOV-872,PRD-3430,Warehouse Transfer,-7,2025-02-16,REF-36801
MOV-873,PRD-3380,Return Inbound,98,2025-04-11,REF-72445
MOV-874,PRD-3384,Sales Outbound,-39,2025-08-01,REF-57826
MOV-875,PRD-3477,Sales Outbound,-31,2025-03-25,REF-88079
MOV-876,PRD-3163,Warehouse Transfer,-48,2025-10-06,REF-61454
MOV-877,PRD-3226,Shrinkage Adjustment,-31,2025-02-01,REF-53861
MOV-878,PRD-3185,Return Inbound,67,2025-10-27,REF-14840
MOV-879,PRD-3243,PO Inbound,24,2025-10-28,REF-89318
MOV-880,PRD-3197,Warehouse Transfer,-49,2025-02-19,REF-52684
MOV-881,PRD-3150,Warehouse Transfer,-12,2025-09-02,REF-11240
MOV-882,PRD-3026,Sales Outbound,-37,2025-05-07,REF-38428
MOV-883,PRD-3398,PO Inbound,28,2025-03-07,REF-61261
MOV-884,PRD-3261,Warehouse Transfer,-13,2025-08-30,REF-44317
MOV-885,PRD-3216,PO Inbound,21,2025-02-02,REF-42730
MOV-886,PRD-3223,Warehouse Transfer,-35,2025-05-28,REF-19927
MOV-887,PRD-3185,Shrinkage Adjustment,-31,2025-02-12,REF-27748
MOV-888,PRD-3380,Warehouse Transfer,-5,2025-09-27,REF-44853
MOV-889,PRD-3089,Return Inbound,9,2025-06-30,REF-64221
MOV-890,PRD-3386,PO Inbound,61,2025-08-12,REF-97350
MOV-891,PRD-3465,Return Inbound,44,2025-10-13,REF-88647
MOV-892,PRD-3081,Sales Outbound,-15,2025-07-08,REF-57386
MOV-893,PRD-3453,Sales Outbound,-45,2025-10-07,REF-52357
MOV-894,PRD-3285,Shrinkage Adjustment,-43,2025-01-14,REF-67301
MOV-895,PRD-3100,PO Inbound,86,2025-03-19,REF-29377
MOV-896,PRD-3281,Sales Outbound,-39,2025-04-25,REF-40872
MOV-897,PRD-3183,Sales Outbound,-35,2025-08-13,REF-79095
MOV-898,PRD-3314,Shrinkage Adjustment,-7,2025-07-11,REF-35413
MOV-899,PRD-3180,Warehouse Transfer,-42,2025-07-29,REF-49363
MOV-900,PRD-3249,Sales Outbound,-27,2025-09-27,REF-97056
MOV-901,PRD-3159,Shrinkage Adjustment,-18,2025-07-31,REF-46304
MOV-902,PRD-3347,Return Inbound,42,2025-01-18,REF-69618
MOV-903,PRD-3351,Sales Outbound,-34,2025-05-06,REF-23462
MOV-904,PRD-3389,PO Inbound,16,2025-10-09,REF-56323
MOV-905,PRD-3372,PO Inbound,68,2025-10-07,REF-16437
MOV-906,PRD-3479,Warehouse Transfer,-31,2025-06-11,REF-62837
MOV-907,PRD-3379,Return Inbound,45,2025-01-14,REF-98820
MOV-908,PRD-3174,Warehouse Transfer,-8,2025-01-07,REF-51950
MOV-909,PRD-3272,PO Inbound,14,2025-01-01,REF-83664
MOV-910,PRD-3464,Warehouse Transfer,-44,2025-08-04,REF-73764
MOV-911,PRD-3305,Shrinkage Adjustment,-17,2025-05-10,REF-75476
MOV-912,PRD-3223,PO Inbound,76,2025-04-19,REF-68528
MOV-913,PRD-3273,Warehouse Transfer,-28,2025-07-12,REF-35409
MOV-914,PRD-3425,Shrinkage Adjustment,-41,2025-06-01,REF-60942
MOV-915,PRD-3391,Return Inbound,32,2025-04-23,REF-40666
MOV-916,PRD-3154,Shrinkage Adjustment,-29,2025-05-22,REF-85245
MOV-917,PRD-3210,Sales Outbound,-13,2025-09-03,REF-85649
MOV-918,PRD-3458,Sales Outbound,-10,2025-08-09,REF-32317
MOV-919,PRD-3258,PO Inbound,79,2025-02-08,REF-55210
MOV-920,PRD-3001,Sales Outbound,-14,2025-09-06,REF-48033
MOV-921,PRD-3106,Warehouse Transfer,-41,2025-09-13,REF-42096
MOV-922,PRD-3148,Return Inbound,7,2025-06-15,REF-31573
MOV-923,PRD-3060,Warehouse Transfer,-19,2025-01-05,REF-51876
MOV-924,PRD-3466,PO Inbound,33,2025-08-31,REF-27113
MOV-925,PRD-3385,Shrinkage Adjustment,-2,2025-09-02,REF-94095
MOV-926,PRD-3289,Shrinkage Adjustment,-11,2025-02-08,REF-45347
MOV-927,PRD-3182,Warehouse Transfer,-32,2025-08-19,REF-40964
MOV-928,PRD-3500,Shrinkage Adjustment,-25,2025-01-09,REF-84991
MOV-929,PRD-3273,Return Inbound,75,2025-02-28,REF-89494
MOV-930,PRD-3286,PO Inbound,57,2025-06-02,REF-73529
MOV-931,PRD-3369,Sales Outbound,-25,2025-08-12,REF-57820
MOV-932,PRD-3105,Warehouse Transfer,-29,2025-09-28,REF-79095
MOV-933,PRD-3180,Warehouse Transfer,-29,2025-06-03,REF-76317
MOV-934,PRD-3383,Warehouse Transfer,-44,2025-06-27,REF-95797
MOV-935,PRD-3447,Return Inbound,58,2025-03-01,REF-42078
MOV-936,PRD-3058,Warehouse Transfer,-35,2025-05-10,REF-44399
MOV-937,PRD-3136,Warehouse Transfer,-25,2025-02-03,REF-67034
MOV-938,PRD-3125,Warehouse Transfer,-21,2025-04-03,REF-54426
MOV-939,PRD-3246,Return Inbound,62,2025-09-02,REF-73356
MOV-940,PRD-3143,Sales Outbound,-29,2025-03-22,REF-20401
MOV-941,PRD-3073,Sales Outbound,-33,2025-05-21,REF-77530
MOV-942,PRD-3234,Shrinkage Adjustment,-24,2025-07-16,REF-19529
MOV-943,PRD-3403,Warehouse Transfer,-6,2025-10-08,REF-83765
MOV-944,PRD-3427,Warehouse Transfer,-31,2025-06-20,REF-58930
MOV-945,PRD-3253,Warehouse Transfer,-43,2025-10-03,REF-38959
MOV-946,PRD-3065,Sales Outbound,-39,2025-01-21,REF-93787
MOV-947,PRD-3399,PO Inbound,8,2025-06-15,REF-87226
MOV-948,PRD-3007,Return Inbound,37,2025-06-29,REF-24851
MOV-949,PRD-3225,Sales Outbound,-25,2025-06-14,REF-82158
MOV-950,PRD-3187,Return Inbound,5,2025-06-15,REF-84353
MOV-951,PRD-3035,Warehouse Transfer,-15,2025-05-22,REF-49703
MOV-952,PRD-3474,Sales Outbound,-19,2025-07-29,REF-26473
MOV-953,PRD-3441,Shrinkage Adjustment,-7,2025-03-10,REF-34699
MOV-954,PRD-3313,Sales Outbound,-16,2025-01-29,REF-63270
MOV-955,PRD-3173,Sales Outbound,-13,2025-07-10,REF-35526
MOV-956,PRD-3449,Return Inbound,79,2025-08-30,REF-51126
MOV-957,PRD-3478,Warehouse Transfer,-43,2025-10-05,REF-12639
MOV-958,PRD-3293,Shrinkage Adjustment,-11,2025-09-15,REF-34366
MOV-959,PRD-3374,PO Inbound,77,2025-07-26,REF-10012
MOV-960,PRD-3269,Shrinkage Adjustment,-36,2025-09-08,REF-92471
MOV-961,PRD-3167,Shrinkage Adjustment,-33,2025-10-10,REF-29175
MOV-962,PRD-3399,Shrinkage Adjustment,-13,2025-08-27,REF-65695
MOV-963,PRD-3127,PO Inbound,76,2025-08-29,REF-69723
MOV-964,PRD-3113,Warehouse Transfer,-42,2025-09-21,REF-42408
MOV-965,PRD-3445,Shrinkage Adjustment,-25,2025-07-30,REF-13568
MOV-966,PRD-3292,Shrinkage Adjustment,-43,2025-10-19,REF-75351
MOV-967,PRD-3258,Return Inbound,43,2025-01-06,REF-17241
MOV-968,PRD-3352,Return Inbound,36,2025-07-06,REF-96738
MOV-969,PRD-3024,Shrinkage Adjustment,-46,2025-03-13,REF-88722
MOV-970,PRD-3205,Sales Outbound,-40,2025-01-14,REF-99950
MOV-971,PRD-3042,PO Inbound,57,2025-04-29,REF-33850
MOV-972,PRD-3354,Sales Outbound,-26,2025-07-02,REF-29361
MOV-973,PRD-3230,Warehouse Transfer,-11,2025-06-26,REF-47964
MOV-974,PRD-3198,Sales Outbound,-2,2025-06-20,REF-91415
MOV-975,PRD-3156,PO Inbound,95,2025-06-29,REF-65752
MOV-976,PRD-3256,PO Inbound,9,2025-08-23,REF-67943
MOV-977,PRD-3164,Sales Outbound,-38,2025-10-10,REF-67973
MOV-978,PRD-3085,Return Inbound,82,2025-06-11,REF-82563
MOV-979,PRD-3047,Warehouse Transfer,-36,2025-08-24,REF-97896
MOV-980,PRD-3018,Warehouse Transfer,-43,2025-09-14,REF-49866
MOV-981,PRD-3004,Shrinkage Adjustment,-22,2025-06-11,REF-36277
MOV-982,PRD-3354,Warehouse Transfer,-1,2025-07-06,REF-35663
MOV-983,PRD-3380,Shrinkage Adjustment,-22,2025-09-02,REF-28603
MOV-984,PRD-3224,Warehouse Transfer,-14,2025-07-09,REF-14356
MOV-985,PRD-3394,Shrinkage Adjustment,-48,2025-01-13,REF-55770
MOV-986,PRD-3043,Sales Outbound,-3,2025-07-29,REF-89430
MOV-987,PRD-3213,Shrinkage Adjustment,-12,2025-02-03,REF-26841
MOV-988,PRD-3274,PO Inbound,41,2025-07-18,REF-81763
MOV-989,PRD-3125,Warehouse Transfer,-29,2025-01-15,REF-34007
MOV-990,PRD-3248,Warehouse Transfer,-22,2025-04-25,REF-68955
MOV-991,PRD-3292,Warehouse Transfer,-50,2025-03-21,REF-24632
MOV-992,PRD-3148,Warehouse Transfer,-11,2025-06-08,REF-21071
MOV-993,PRD-3115,Shrinkage Adjustment,-7,2025-09-03,REF-41632
MOV-994,PRD-3002,Shrinkage Adjustment,-45,2025-04-09,REF-84233
MOV-995,PRD-3019,Warehouse Transfer,-24,2025-09-29,REF-38278
MOV-996,PRD-3018,Shrinkage Adjustment,-36,2025-05-14,REF-99583
MOV-997,PRD-3472,Warehouse Transfer,-14,2025-08-06,REF-77618
MOV-998,PRD-3476,PO Inbound,55,2025-08-15,REF-31218
MOV-999,PRD-3102,Warehouse Transfer,-26,2025-08-06,REF-54036
MOV-1000,PRD-3342,Shrinkage Adjustment,-3,2025-07-24,REF-72233
MOV-1001,PRD-3247,Return Inbound,45,2025-10-16,REF-56625
MOV-1002,PRD-3230,Sales Outbound,-48,2025-06-17,REF-48090
MOV-1003,PRD-3052,PO Inbound,41,2025-08-15,REF-73096
MOV-1004,PRD-3461,Sales Outbound,-23,2025-01-07,REF-48491
MOV-1005,PRD-3021,Sales Outbound,-22,2025-09-30,REF-95326
MOV-1006,PRD-3315,Warehouse Transfer,-36,2025-02-03,REF-13380
MOV-1007,PRD-3322,Warehouse Transfer,-21,2025-06-16,REF-79284
MOV-1008,PRD-3230,Sales Outbound,-14,2025-06-25,REF-73495
MOV-1009,PRD-3258,Return Inbound,97,2025-07-04,REF-71948
MOV-1010,PRD-3323,Sales Outbound,-3,2025-09-27,REF-12789
MOV-1011,PRD-3079,Return Inbound,15,2025-01-09,REF-47520
MOV-1012,PRD-3044,Return Inbound,8,2025-08-28,REF-49711
MOV-1013,PRD-3297,Sales Outbound,-8,2025-07-27,REF-59673
MOV-1014,PRD-3008,Warehouse Transfer,-43,2025-03-02,REF-66114
MOV-1015,PRD-3393,PO Inbound,12,2025-06-25,REF-93258
MOV-1016,PRD-3188,Shrinkage Adjustment,-28,2025-02-15,REF-40272
MOV-1017,PRD-3332,Return Inbound,3,2025-05-22,REF-67730
MOV-1018,PRD-3340,Return Inbound,6,2025-01-22,REF-15430
MOV-1019,PRD-3447,Return Inbound,43,2025-10-10,REF-49435
MOV-1020,PRD-3018,Warehouse Transfer,-38,2025-03-12,REF-27055
MOV-1021,PRD-3321,Shrinkage Adjustment,-2,2025-07-27,REF-84800
MOV-1022,PRD-3319,PO Inbound,84,2025-07-16,REF-50654
MOV-1023,PRD-3311,Return Inbound,80,2025-05-04,REF-53520
MOV-1024,PRD-3224,Return Inbound,95,2025-09-17,REF-15337
MOV-1025,PRD-3472,Sales Outbound,-42,2025-07-21,REF-37677
MOV-1026,PRD-3288,Sales Outbound,-26,2025-05-30,REF-73863
MOV-1027,PRD-3072,Sales Outbound,-20,2025-07-05,REF-52625
MOV-1028,PRD-3395,Warehouse Transfer,-48,2025-02-19,REF-73506
MOV-1029,PRD-3020,Warehouse Transfer,-47,2025-04-24,REF-40895
MOV-1030,PRD-3179,PO Inbound,98,2025-06-01,REF-94256
MOV-1031,PRD-3342,Sales Outbound,-17,2025-05-20,REF-94790
MOV-1032,PRD-3326,Warehouse Transfer,-41,2025-07-28,REF-62609
MOV-1033,PRD-3360,Sales Outbound,-43,2025-01-19,REF-15325
MOV-1034,PRD-3374,PO Inbound,34,2025-07-02,REF-37750
MOV-1035,PRD-3303,Warehouse Transfer,-2,2025-05-20,REF-82107
MOV-1036,PRD-3445,Warehouse Transfer,-48,2025-08-02,REF-74987
MOV-1037,PRD-3324,Sales Outbound,-21,2025-02-23,REF-49530
MOV-1038,PRD-3006,Warehouse Transfer,-25,2025-02-26,REF-67347
MOV-1039,PRD-3027,Warehouse Transfer,-38,2025-09-15,REF-68696
MOV-1040,PRD-3108,PO Inbound,64,2025-01-08,REF-87330
MOV-1041,PRD-3257,PO Inbound,51,2025-07-28,REF-79901
MOV-1042,PRD-3467,Warehouse Transfer,-7,2025-04-25,REF-12335
MOV-1043,PRD-3118,Warehouse Transfer,-19,2025-07-14,REF-89002
MOV-1044,PRD-3056,Sales Outbound,-36,2025-02-19,REF-57819
MOV-1045,PRD-3028,PO Inbound,49,2025-05-10,REF-52665
MOV-1046,PRD-3134,Shrinkage Adjustment,-25,2025-03-20,REF-58456
MOV-1047,PRD-3225,Sales Outbound,-8,2025-03-21,REF-55767
MOV-1048,PRD-3113,Shrinkage Adjustment,-7,2025-03-07,REF-67851
MOV-1049,PRD-3207,Warehouse Transfer,-33,2025-08-20,REF-61729
MOV-1050,PRD-3089,Sales Outbound,-49,2025-10-27,REF-56485
MOV-1051,PRD-3476,Shrinkage Adjustment,-48,2025-10-27,REF-50511
MOV-1052,PRD-3251,Return Inbound,47,2025-01-20,REF-82793
MOV-1053,PRD-3031,Warehouse Transfer,-42,2025-09-16,REF-90857
MOV-1054,PRD-3402,Shrinkage Adjustment,-8,2025-08-27,REF-40348
MOV-1055,PRD-3334,Sales Outbound,-6,2025-06-22,REF-75016
MOV-1056,PRD-3049,Shrinkage Adjustment,-3,2025-05-23,REF-32608
MOV-1057,PRD-3196,PO Inbound,34,2025-05-10,REF-68693
MOV-1058,PRD-3045,Shrinkage Adjustment,-22,2025-01-19,REF-44722
MOV-1059,PRD-3135,PO Inbound,48,2025-04-05,REF-66379
MOV-1060,PRD-3134,Return Inbound,45,2025-09-14,REF-92951
MOV-1061,PRD-3074,Warehouse Transfer,-27,2025-05-27,REF-58380
MOV-1062,PRD-3132,PO Inbound,85,2025-10-21,REF-25008
MOV-1063,PRD-3428,Sales Outbound,-47,2025-08-26,REF-83099
MOV-1064,PRD-3023,Return Inbound,77,2025-09-17,REF-73583
MOV-1065,PRD-3425,Shrinkage Adjustment,-9,2025-01-11,REF-89028
MOV-1066,PRD-3097,Warehouse Transfer,-13,2025-08-16,REF-42313
MOV-1067,PRD-3305,Shrinkage Adjustment,-21,2025-03-26,REF-50954
MOV-1068,PRD-3461,Sales Outbound,-31,2025-08-02,REF-10318
MOV-1069,PRD-3361,Shrinkage Adjustment,-19,2025-03-03,REF-50762
MOV-1070,PRD-3224,Return Inbound,98,2025-05-19,REF-10445
MOV-1071,PRD-3408,Sales Outbound,-28,2025-03-05,REF-34947
MOV-1072,PRD-3181,Sales Outbound,-19,2025-03-21,REF-52670
MOV-1073,PRD-3181,Return Inbound,50,2025-02-14,REF-83005
MOV-1074,PRD-3102,Sales Outbound,-28,2025-03-20,REF-21571
MOV-1075,PRD-3107,Warehouse Transfer,-17,2025-03-04,REF-57197
MOV-1076,PRD-3177,PO Inbound,2,2025-10-22,REF-97426
MOV-1077,PRD-3181,Return Inbound,17,2025-07-05,REF-28528
MOV-1078,PRD-3444,Shrinkage Adjustment,-22,2025-01-04,REF-58207
MOV-1079,PRD-3206,Warehouse Transfer,-33,2025-02-01,REF-76919
MOV-1080,PRD-3464,Return Inbound,83,2025-09-27,REF-32534
MOV-1081,PRD-3357,PO Inbound,57,2025-03-22,REF-71710
MOV-1082,PRD-3037,Sales Outbound,-26,2025-04-07,REF-36938
MOV-1083,PRD-3158,PO Inbound,89,2025-04-05,REF-96058
MOV-1084,PRD-3317,Sales Outbound,-32,2025-09-29,REF-23804
MOV-1085,PRD-3376,Sales Outbound,-10,2025-07-28,REF-71585
MOV-1086,PRD-3082,Shrinkage Adjustment,-16,2025-05-05,REF-30270
MOV-1087,PRD-3450,Shrinkage Adjustment,-9,2025-08-18,REF-68609
MOV-1088,PRD-3469,Shrinkage Adjustment,-29,2025-05-30,REF-66939
MOV-1089,PRD-3452,Warehouse Transfer,-22,2025-09-17,REF-76676
MOV-1090,PRD-3441,PO Inbound,75,2025-05-30,REF-60436
MOV-1091,PRD-3276,Shrinkage Adjustment,-41,2025-08-23,REF-48564
MOV-1092,PRD-3299,Sales Outbound,-37,2025-05-29,REF-45191
MOV-1093,PRD-3311,Warehouse Transfer,-13,2025-02-07,REF-36378
MOV-1094,PRD-3214,Shrinkage Adjustment,-23,2025-09-11,REF-30576
MOV-1095,PRD-3444,Shrinkage Adjustment,-27,2025-09-16,REF-44161
MOV-1096,PRD-3364,Warehouse Transfer,-1,2025-06-19,REF-40134
MOV-1097,PRD-3208,Shrinkage Adjustment,-29,2025-09-14,REF-37425
MOV-1098,PRD-3391,Sales Outbound,-3,2025-04-08,REF-19914
MOV-1099,PRD-3204,PO Inbound,92,2025-04-16,REF-24064
MOV-1100,PRD-3248,Shrinkage Adjustment,-39,2025-01-08,REF-54766
MOV-1101,PRD-3125,Return Inbound,6,2025-04-17,REF-82689
MOV-1102,PRD-3349,Warehouse Transfer,-15,2025-04-07,REF-36175
MOV-1103,PRD-3053,Return Inbound,86,2025-02-19,REF-77120
MOV-1104,PRD-3009,PO Inbound,51,2025-07-26,REF-46640
MOV-1105,PRD-3277,PO Inbound,21,2025-05-08,REF-65492
MOV-1106,PRD-3070,Warehouse Transfer,-4,2025-03-03,REF-88248
MOV-1107,PRD-3114,Warehouse Transfer,-34,2025-07-07,REF-35421
MOV-1108,PRD-3037,PO Inbound,46,2025-05-22,REF-97575
MOV-1109,PRD-3458,Sales Outbound,-37,2025-09-05,REF-81326
MOV-1110,PRD-3466,PO Inbound,47,2025-09-06,REF-42252
MOV-1111,PRD-3134,PO Inbound,41,2025-10-24,REF-21070
MOV-1112,PRD-3012,Shrinkage Adjustment,-50,2025-08-07,REF-11613
MOV-1113,PRD-3257,Shrinkage Adjustment,-12,2025-05-01,REF-59814
MOV-1114,PRD-3181,PO Inbound,38,2025-07-23,REF-14964
MOV-1115,PRD-3487,Sales Outbound,-27,2025-03-31,REF-28815
MOV-1116,PRD-3160,Shrinkage Adjustment,-36,2025-03-09,REF-28953
MOV-1117,PRD-3478,Return Inbound,14,2025-10-09,REF-29191
MOV-1118,PRD-3445,Shrinkage Adjustment,-42,2025-02-20,REF-42075
MOV-1119,PRD-3173,PO Inbound,54,2025-03-06,REF-18527
MOV-1120,PRD-3031,Warehouse Transfer,-19,2025-01-17,REF-20143
MOV-1121,PRD-3166,Shrinkage Adjustment,-40,2025-10-25,REF-75066
MOV-1122,PRD-3473,PO Inbound,51,2025-03-11,REF-90626
MOV-1123,PRD-3453,Warehouse Transfer,-5,2025-01-20,REF-83968
MOV-1124,PRD-3314,Shrinkage Adjustment,-42,2025-07-01,REF-34108
MOV-1125,PRD-3445,Shrinkage Adjustment,-34,2025-07-22,REF-64840
MOV-1126,PRD-3478,Return Inbound,7,2025-10-01,REF-38104
MOV-1127,PRD-3215,Warehouse Transfer,-6,2025-07-20,REF-83027
MOV-1128,PRD-3477,Sales Outbound,-8,2025-05-29,REF-15501
MOV-1129,PRD-3227,Sales Outbound,-31,2025-04-11,REF-17066
MOV-1130,PRD-3270,Shrinkage Adjustment,-6,2025-05-24,REF-35910
MOV-1131,PRD-3297,PO Inbound,25,2025-01-06,REF-89006
MOV-1132,PRD-3458,Sales Outbound,-2,2025-01-27,REF-54733
MOV-1133,PRD-3433,Shrinkage Adjustment,-12,2025-07-23,REF-15185
MOV-1134,PRD-3247,PO Inbound,81,2025-04-01,REF-95455
MOV-1135,PRD-3480,Return Inbound,64,2025-05-27,REF-77327
MOV-1136,PRD-3423,Return Inbound,84,2025-08-18,REF-91749
MOV-1137,PRD-3268,Warehouse Transfer,-34,2025-03-29,REF-18272
MOV-1138,PRD-3119,Sales Outbound,-30,2025-04-27,REF-79854
MOV-1139,PRD-3061,Return Inbound,23,2025-03-20,REF-88126
MOV-1140,PRD-3402,Sales Outbound,-12,2025-03-11,REF-85352
MOV-1141,PRD-3233,Sales Outbound,-50,2025-06-17,REF-43544
MOV-1142,PRD-3020,PO Inbound,38,2025-05-08,REF-82177
MOV-1143,PRD-3351,Return Inbound,63,2025-07-08,REF-48225
MOV-1144,PRD-3121,PO Inbound,65,2025-10-02,REF-62667
MOV-1145,PRD-3404,Return Inbound,47,2025-05-18,REF-69575
MOV-1146,PRD-3280,PO Inbound,8,2025-09-01,REF-92467
MOV-1147,PRD-3426,Warehouse Transfer,-12,2025-05-19,REF-66164
MOV-1148,PRD-3111,Shrinkage Adjustment,-27,2025-09-25,REF-41743
MOV-1149,PRD-3245,Return Inbound,47,2025-07-07,REF-94977
MOV-1150,PRD-3009,Return Inbound,44,2025-10-06,REF-41982
MOV-1151,PRD-3277,Shrinkage Adjustment,-24,2025-01-20,REF-11784
MOV-1152,PRD-3448,Shrinkage Adjustment,-48,2025-08-26,REF-14108
MOV-1153,PRD-3316,Warehouse Transfer,-4,2025-04-07,REF-25147
MOV-1154,PRD-3228,Sales Outbound,-7,2025-02-09,REF-39756
MOV-1155,PRD-3393,Return Inbound,76,2025-09-14,REF-10309
MOV-1156,PRD-3145,Sales Outbound,-14,2025-05-02,REF-24416
MOV-1157,PRD-3413,Return Inbound,87,2025-08-04,REF-86111
MOV-1158,PRD-3216,Return Inbound,3,2025-03-01,REF-16391
MOV-1159,PRD-3043,Return Inbound,52,2025-01-16,REF-21879
MOV-1160,PRD-3454,Warehouse Transfer,-44,2025-04-13,REF-37367
MOV-1161,PRD-3168,Sales Outbound,-1,2025-08-11,REF-31807
MOV-1162,PRD-3090,Shrinkage Adjustment,-4,2025-10-18,REF-37140
MOV-1163,PRD-3040,Shrinkage Adjustment,-48,2025-05-22,REF-27098
MOV-1164,PRD-3390,Shrinkage Adjustment,-26,2025-04-27,REF-40291
MOV-1165,PRD-3060,Shrinkage Adjustment,-7,2025-05-30,REF-16879
MOV-1166,PRD-3463,Warehouse Transfer,-10,2025-04-08,REF-23815
MOV-1167,PRD-3004,PO Inbound,61,2025-02-13,REF-68835
MOV-1168,PRD-3062,Warehouse Transfer,-38,2025-06-01,REF-51475
MOV-1169,PRD-3239,Return Inbound,6,2025-06-21,REF-24435
MOV-1170,PRD-3310,Warehouse Transfer,-24,2025-01-15,REF-82624
MOV-1171,PRD-3038,Warehouse Transfer,-46,2025-01-06,REF-10744
MOV-1172,PRD-3431,Return Inbound,53,2025-08-14,REF-40507
MOV-1173,PRD-3327,Return Inbound,21,2025-08-02,REF-39600
MOV-1174,PRD-3187,Warehouse Transfer,-24,2025-02-14,REF-71845
MOV-1175,PRD-3410,Shrinkage Adjustment,-16,2025-07-05,REF-33870
MOV-1176,PRD-3136,PO Inbound,31,2025-01-15,REF-29670
MOV-1177,PRD-3361,Sales Outbound,-34,2025-07-12,REF-72775
MOV-1178,PRD-3051,PO Inbound,51,2025-08-01,REF-52799
MOV-1179,PRD-3381,Shrinkage Adjustment,-2,2025-03-28,REF-48646
MOV-1180,PRD-3298,Sales Outbound,-13,2025-07-07,REF-68425
MOV-1181,PRD-3226,Shrinkage Adjustment,-19,2025-02-11,REF-97070
MOV-1182,PRD-3155,Warehouse Transfer,-3,2025-07-08,REF-71711
MOV-1183,PRD-3044,Shrinkage Adjustment,-22,2025-04-09,REF-29812
MOV-1184,PRD-3066,Shrinkage Adjustment,-44,2025-09-10,REF-98826
MOV-1185,PRD-3394,Return Inbound,21,2025-07-21,REF-25993
MOV-1186,PRD-3162,Warehouse Transfer,-30,2025-09-25,REF-91847
MOV-1187,PRD-3361,Warehouse Transfer,-39,2025-03-01,REF-62565
MOV-1188,PRD-3418,Warehouse Transfer,-16,2025-02-20,REF-72567
MOV-1189,PRD-3498,PO Inbound,41,2025-02-28,REF-22270
MOV-1190,PRD-3035,Return Inbound,21,2025-05-15,REF-25205
MOV-1191,PRD-3081,Return Inbound,90,2025-09-14,REF-50862
MOV-1192,PRD-3187,Return Inbound,54,2025-08-14,REF-38420
MOV-1193,PRD-3039,Sales Outbound,-29,2025-02-08,REF-71598
MOV-1194,PRD-3459,Return Inbound,12,2025-10-21,REF-10071
MOV-1195,PRD-3350,Shrinkage Adjustment,-26,2025-06-14,REF-50667
MOV-1196,PRD-3464,Return Inbound,84,2025-01-28,REF-81139
MOV-1197,PRD-3181,Shrinkage Adjustment,-48,2025-01-03,REF-35173
MOV-1198,PRD-3131,PO Inbound,16,2025-02-16,REF-74608
MOV-1199,PRD-3207,PO Inbound,60,2025-01-15,REF-60718
MOV-1200,PRD-3054,Sales Outbound,-42,2025-01-19,REF-24857
MOV-1201,PRD-3054,Sales Outbound,-29,2025-04-20,REF-79764
MOV-1202,PRD-3114,PO Inbound,86,2025-09-25,REF-92767
MOV-1203,PRD-3425,PO Inbound,59,2025-03-25,REF-13881
MOV-1204,PRD-3481,Sales Outbound,-21,2025-08-29,REF-86956
MOV-1205,PRD-3195,Return Inbound,55,2025-05-13,REF-11601
MOV-1206,PRD-3016,PO Inbound,73,2025-02-02,REF-97255
MOV-1207,PRD-3397,Return Inbound,38,2025-03-08,REF-62272
MOV-1208,PRD-3371,PO Inbound,91,2025-08-13,REF-82476
MOV-1209,PRD-3420,Sales Outbound,-19,2025-02-08,REF-26118
MOV-1210,PRD-3216,Return Inbound,27,2025-05-19,REF-32613
MOV-1211,PRD-3156,PO Inbound,16,2025-05-10,REF-72000
MOV-1212,PRD-3163,Return Inbound,85,2025-07-22,REF-67212
MOV-1213,PRD-3074,Return Inbound,97,2025-09-28,REF-29117
MOV-1214,PRD-3065,Sales Outbound,-4,2025-08-06,REF-48515
MOV-1215,PRD-3065,PO Inbound,11,2025-08-05,REF-77005
MOV-1216,PRD-3134,Shrinkage Adjustment,-4,2025-04-25,REF-77963
MOV-1217,PRD-3414,Warehouse Transfer,-23,2025-02-20,REF-92301
MOV-1218,PRD-3360,Return Inbound,79,2025-03-18,REF-41203
MOV-1219,PRD-3143,Shrinkage Adjustment,-26,2025-06-13,REF-29249
MOV-1220,PRD-3034,Shrinkage Adjustment,-19,2025-08-06,REF-43701
MOV-1221,PRD-3167,Sales Outbound,-49,2025-04-30,REF-22917
MOV-1222,PRD-3485,Shrinkage Adjustment,-49,2025-05-19,REF-86085
MOV-1223,PRD-3406,Return Inbound,2,2025-08-09,REF-14421
MOV-1224,PRD-3399,Return Inbound,83,2025-05-28,REF-23552
MOV-1225,PRD-3050,Sales Outbound,-31,2025-02-23,REF-39329
MOV-1226,PRD-3329,Return Inbound,83,2025-08-06,REF-41732
MOV-1227,PRD-3324,PO Inbound,97,2025-01-07,REF-75059
MOV-1228,PRD-3279,Warehouse Transfer,-44,2025-01-24,REF-93751
MOV-1229,PRD-3248,Warehouse Transfer,-28,2025-10-23,REF-99718
MOV-1230,PRD-3384,Return Inbound,58,2025-07-12,REF-17014
MOV-1231,PRD-3058,Warehouse Transfer,-50,2025-09-27,REF-39808
MOV-1232,PRD-3008,Return Inbound,14,2025-06-15,REF-93099
MOV-1233,PRD-3440,Return Inbound,82,2025-05-26,REF-74022
MOV-1234,PRD-3157,Shrinkage Adjustment,-16,2025-05-02,REF-45057
MOV-1235,PRD-3360,Sales Outbound,-24,2025-08-29,REF-42585
MOV-1236,PRD-3222,Warehouse Transfer,-31,2025-01-18,REF-22291
MOV-1237,PRD-3341,Shrinkage Adjustment,-33,2025-07-04,REF-30478
MOV-1238,PRD-3429,Return Inbound,31,2025-02-09,REF-97262
MOV-1239,PRD-3415,Shrinkage Adjustment,-21,2025-01-25,REF-43307
MOV-1240,PRD-3003,Warehouse Transfer,-14,2025-08-31,REF-12430
MOV-1241,PRD-3043,PO Inbound,67,2025-06-17,REF-91445
MOV-1242,PRD-3204,Warehouse Transfer,-37,2025-08-18,REF-45214
MOV-1243,PRD-3330,PO Inbound,95,2025-07-03,REF-32171
MOV-1244,PRD-3290,PO Inbound,42,2025-07-01,REF-14261
MOV-1245,PRD-3307,Return Inbound,62,2025-10-20,REF-30075
MOV-1246,PRD-3258,PO Inbound,68,2025-05-17,REF-68577
MOV-1247,PRD-3374,Sales Outbound,-25,2025-07-23,REF-76234
MOV-1248,PRD-3026,Shrinkage Adjustment,-14,2025-03-30,REF-47751
MOV-1249,PRD-3040,Shrinkage Adjustment,-41,2025-02-18,REF-21846
MOV-1250,PRD-3306,Return Inbound,35,2025-01-19,REF-93395
MOV-1251,PRD-3425,Shrinkage Adjustment,-12,2025-09-07,REF-77213
MOV-1252,PRD-3331,Warehouse Transfer,-2,2025-09-19,REF-79827
MOV-1253,PRD-3377,PO Inbound,51,2025-09-15,REF-36395
MOV-1254,PRD-3046,PO Inbound,20,2025-03-02,REF-70338
MOV-1255,PRD-3480,Warehouse Transfer,-22,2025-03-13,REF-82667
MOV-1256,PRD-3077,Sales Outbound,-14,2025-05-04,REF-20657
MOV-1257,PRD-3095,Return Inbound,50,2025-09-06,REF-75322
MOV-1258,PRD-3071,Return Inbound,1,2025-04-20,REF-78039
MOV-1259,PRD-3436,Return Inbound,97,2025-08-08,REF-26159
MOV-1260,PRD-3218,Sales Outbound,-45,2025-08-24,REF-25221
MOV-1261,PRD-3491,Return Inbound,12,2025-04-08,REF-46604
MOV-1262,PRD-3406,Sales Outbound,-32,2025-09-11,REF-34723
MOV-1263,PRD-3074,Sales Outbound,-21,2025-09-09,REF-40477
MOV-1264,PRD-3359,Shrinkage Adjustment,-17,2025-04-03,REF-23268
MOV-1265,PRD-3347,Return Inbound,93,2025-03-19,REF-11555
MOV-1266,PRD-3312,Return Inbound,24,2025-01-18,REF-67578
MOV-1267,PRD-3305,Sales Outbound,-31,2025-05-14,REF-24671
MOV-1268,PRD-3190,Warehouse Transfer,-30,2025-02-03,REF-90951
MOV-1269,PRD-3363,Warehouse Transfer,-19,2025-03-15,REF-54876
MOV-1270,PRD-3026,Return Inbound,73,2025-03-11,REF-96912
MOV-1271,PRD-3492,Return Inbound,29,2025-01-02,REF-85324
MOV-1272,PRD-3187,Return Inbound,89,2025-10-08,REF-74447
MOV-1273,PRD-3254,Warehouse Transfer,-46,2025-04-25,REF-61823
MOV-1274,PRD-3152,Sales Outbound,-32,2025-04-18,REF-70336
MOV-1275,PRD-3300,Return Inbound,59,2025-03-18,REF-39167
MOV-1276,PRD-3267,PO Inbound,55,2025-02-06,REF-26732
MOV-1277,PRD-3299,Sales Outbound,-6,2025-05-03,REF-52024
MOV-1278,PRD-3054,PO Inbound,85,2025-02-07,REF-41375
MOV-1279,PRD-3336,Sales Outbound,-4,2025-02-24,REF-13851
MOV-1280,PRD-3244,Return Inbound,25,2025-07-10,REF-98656
MOV-1281,PRD-3023,Sales Outbound,-17,2025-07-27,REF-85598
MOV-1282,PRD-3143,Warehouse Transfer,-50,2025-05-28,REF-23577
MOV-1283,PRD-3088,Sales Outbound,-9,2025-03-06,REF-33771
MOV-1284,PRD-3117,Sales Outbound,-3,2025-10-13,REF-73451
MOV-1285,PRD-3403,Sales Outbound,-34,2025-06-14,REF-72195
MOV-1286,PRD-3031,Warehouse Transfer,-20,2025-04-17,REF-86646
MOV-1287,PRD-3426,PO Inbound,32,2025-09-03,REF-11564
MOV-1288,PRD-3270,Return Inbound,72,2025-08-14,REF-78049
MOV-1289,PRD-3106,Shrinkage Adjustment,-40,2025-03-28,REF-26239
MOV-1290,PRD-3116,PO Inbound,55,2025-10-11,REF-34353
MOV-1291,PRD-3072,Shrinkage Adjustment,-42,2025-01-28,REF-77615
MOV-1292,PRD-3004,Warehouse Transfer,-39,2025-04-18,REF-68507
MOV-1293,PRD-3035,Return Inbound,14,2025-04-29,REF-19766
MOV-1294,PRD-3474,Shrinkage Adjustment,-35,2025-06-04,REF-45383
MOV-1295,PRD-3366,Warehouse Transfer,-35,2025-10-14,REF-42289
MOV-1296,PRD-3277,PO Inbound,26,2025-08-16,REF-93617
MOV-1297,PRD-3143,Shrinkage Adjustment,-48,2025-04-29,REF-81267
MOV-1298,PRD-3064,PO Inbound,29,2025-04-17,REF-68377
MOV-1299,PRD-3032,Return Inbound,74,2025-05-17,REF-61863
MOV-1300,PRD-3087,Return Inbound,47,2025-06-10,REF-50447
MOV-1301,PRD-3016,Shrinkage Adjustment,-32,2025-01-08,REF-12033
MOV-1302,PRD-3165,Sales Outbound,-23,2025-06-14,REF-95198
MOV-1303,PRD-3483,Warehouse Transfer,-34,2025-03-08,REF-36799
MOV-1304,PRD-3470,Return Inbound,71,2025-02-21,REF-97442
MOV-1305,PRD-3064,Warehouse Transfer,-2,2025-10-12,REF-33487
MOV-1306,PRD-3290,Sales Outbound,-34,2025-06-14,REF-17596
MOV-1307,PRD-3413,Sales Outbound,-47,2025-10-01,REF-46743
MOV-1308,PRD-3252,Shrinkage Adjustment,-38,2025-10-11,REF-31754
MOV-1309,PRD-3493,Return Inbound,66,2025-09-06,REF-56413
MOV-1310,PRD-3113,Shrinkage Adjustment,-5,2025-07-10,REF-65858
MOV-1311,PRD-3395,Return Inbound,13,2025-06-14,REF-40783
MOV-1312,PRD-3111,PO Inbound,58,2025-01-09,REF-59981
MOV-1313,PRD-3211,Shrinkage Adjustment,-44,2025-09-10,REF-17976
MOV-1314,PRD-3331,Shrinkage Adjustment,-14,2025-04-30,REF-21876
MOV-1315,PRD-3052,Warehouse Transfer,-5,2025-08-09,REF-22228
MOV-1316,PRD-3054,Warehouse Transfer,-22,2025-06-22,REF-38864
MOV-1317,PRD-3014,Warehouse Transfer,-16,2025-09-08,REF-36943
MOV-1318,PRD-3372,PO Inbound,25,2025-05-11,REF-99807
MOV-1319,PRD-3030,Sales Outbound,-32,2025-09-10,REF-91627
MOV-1320,PRD-3040,Shrinkage Adjustment,-1,2025-04-21,REF-73654
MOV-1321,PRD-3293,Sales Outbound,-2,2025-08-01,REF-22782
MOV-1322,PRD-3416,Warehouse Transfer,-38,2025-03-12,REF-16664
MOV-1323,PRD-3459,PO Inbound,37,2025-07-09,REF-77811
MOV-1324,PRD-3067,PO Inbound,62,2025-03-15,REF-22648
MOV-1325,PRD-3201,Sales Outbound,-18,2025-08-18,REF-49134
MOV-1326,PRD-3066,Return Inbound,56,2025-10-14,REF-45391
MOV-1327,PRD-3478,Shrinkage Adjustment,-16,2025-03-17,REF-57210
MOV-1328,PRD-3451,Return Inbound,8,2025-08-06,REF-53053
MOV-1329,PRD-3428,Sales Outbound,-37,2025-01-13,REF-53946
MOV-1330,PRD-3367,Sales Outbound,-25,2025-08-14,REF-91824
MOV-1331,PRD-3326,PO Inbound,17,2025-01-13,REF-69021
MOV-1332,PRD-3082,PO Inbound,80,2025-06-26,REF-72480
MOV-1333,PRD-3281,Warehouse Transfer,-2,2025-04-30,REF-51127
MOV-1334,PRD-3357,Return Inbound,2,2025-10-03,REF-22938
MOV-1335,PRD-3292,Warehouse Transfer,-49,2025-08-01,REF-80727
MOV-1336,PRD-3441,Return Inbound,36,2025-06-14,REF-67073
MOV-1337,PRD-3168,Shrinkage Adjustment,-48,2025-10-03,REF-20412
MOV-1338,PRD-3423,Shrinkage Adjustment,-17,2025-05-31,REF-34307
MOV-1339,PRD-3018,Return Inbound,34,2025-01-29,REF-93341
MOV-1340,PRD-3186,PO Inbound,48,2025-06-16,REF-65027
MOV-1341,PRD-3248,Return Inbound,2,2025-10-16,REF-32844
MOV-1342,PRD-3025,PO Inbound,94,2025-07-21,REF-94671
MOV-1343,PRD-3256,Return Inbound,77,2025-05-05,REF-14644
MOV-1344,PRD-3474,PO Inbound,10,2025-04-25,REF-43750
MOV-1345,PRD-3443,PO Inbound,39,2025-01-18,REF-55759
MOV-1346,PRD-3378,Warehouse Transfer,-4,2025-07-18,REF-92585
MOV-1347,PRD-3246,PO Inbound,74,2025-02-06,REF-43402
MOV-1348,PRD-3402,Return Inbound,56,2025-07-03,REF-50544
MOV-1349,PRD-3266,Return Inbound,1,2025-01-26,REF-11776
MOV-1350,PRD-3021,Return Inbound,5,2025-01-12,REF-48389
MOV-1351,PRD-3366,Shrinkage Adjustment,-17,2025-07-03,REF-43019
MOV-1352,PRD-3320,Shrinkage Adjustment,-25,2025-09-28,REF-37663
MOV-1353,PRD-3152,Warehouse Transfer,-29,2025-06-29,REF-32334
MOV-1354,PRD-3185,Shrinkage Adjustment,-2,2025-05-25,REF-82298
MOV-1355,PRD-3298,Warehouse Transfer,-10,2025-05-25,REF-61945
MOV-1356,PRD-3218,Sales Outbound,-21,2025-08-16,REF-65319
MOV-1357,PRD-3031,PO Inbound,25,2025-09-29,REF-15180
MOV-1358,PRD-3357,Shrinkage Adjustment,-39,2025-06-19,REF-20370
MOV-1359,PRD-3046,Warehouse Transfer,-8,2025-03-29,REF-97502
MOV-1360,PRD-3457,PO Inbound,50,2025-06-30,REF-33184
MOV-1361,PRD-3349,Return Inbound,8,2025-10-13,REF-98478
MOV-1362,PRD-3061,Return Inbound,73,2025-06-18,REF-88861
MOV-1363,PRD-3012,Return Inbound,31,2025-02-25,REF-54328
MOV-1364,PRD-3482,PO Inbound,57,2025-02-06,REF-75176
MOV-1365,PRD-3132,PO Inbound,81,2025-08-10,REF-99622
MOV-1366,PRD-3141,Shrinkage Adjustment,-31,2025-07-18,REF-34732
MOV-1367,PRD-3420,PO Inbound,81,2025-01-21,REF-39976
MOV-1368,PRD-3398,Sales Outbound,-45,2025-05-07,REF-25943
MOV-1369,PRD-3299,Shrinkage Adjustment,-26,2025-08-30,REF-17590
MOV-1370,PRD-3084,Return Inbound,40,2025-07-12,REF-23060
MOV-1371,PRD-3212,Warehouse Transfer,-17,2025-05-30,REF-46446
MOV-1372,PRD-3195,Warehouse Transfer,-27,2025-05-25,REF-57903
MOV-1373,PRD-3390,Warehouse Transfer,-39,2025-04-03,REF-42937
MOV-1374,PRD-3350,Return Inbound,11,2025-10-05,REF-39875
MOV-1375,PRD-3095,Warehouse Transfer,-50,2025-02-04,REF-21536
MOV-1376,PRD-3439,Sales Outbound,-29,2025-03-07,REF-45632
MOV-1377,PRD-3483,Return Inbound,99,2025-09-10,REF-88079
MOV-1378,PRD-3419,Sales Outbound,-50,2025-10-24,REF-69973
MOV-1379,PRD-3384,Return Inbound,74,2025-02-17,REF-44885
MOV-1380,PRD-3469,Return Inbound,68,2025-10-22,REF-50075
MOV-1381,PRD-3011,PO Inbound,74,2025-06-08,REF-60395
MOV-1382,PRD-3174,Warehouse Transfer,-17,2025-07-27,REF-40753
MOV-1383,PRD-3452,Warehouse Transfer,-10,2025-05-29,REF-83446
MOV-1384,PRD-3380,Warehouse Transfer,-32,2025-10-14,REF-12396
MOV-1385,PRD-3330,Shrinkage Adjustment,-49,2025-05-05,REF-72707
MOV-1386,PRD-3204,Shrinkage Adjustment,-27,2025-05-11,REF-84995
MOV-1387,PRD-3241,Sales Outbound,-29,2025-09-29,REF-15935
MOV-1388,PRD-3165,Sales Outbound,-18,2025-03-17,REF-55955
MOV-1389,PRD-3058,Warehouse Transfer,-7,2025-10-03,REF-69582
MOV-1390,PRD-3063,Shrinkage Adjustment,-9,2025-10-03,REF-84927
MOV-1391,PRD-3229,Return Inbound,57,2025-08-11,REF-69995
MOV-1392,PRD-3222,Shrinkage Adjustment,-45,2025-07-24,REF-17519
MOV-1393,PRD-3355,Warehouse Transfer,-6,2025-03-03,REF-88825
MOV-1394,PRD-3098,Return Inbound,21,2025-07-14,REF-43176
MOV-1395,PRD-3065,Return Inbound,74,2025-04-18,REF-24840
MOV-1396,PRD-3230,Shrinkage Adjustment,-38,2025-09-12,REF-12031
MOV-1397,PRD-3272,Return Inbound,54,2025-08-18,REF-51754
MOV-1398,PRD-3295,PO Inbound,4,2025-07-11,REF-95537
MOV-1399,PRD-3224,Sales Outbound,-47,2025-08-01,REF-73561
MOV-1400,PRD-3024,Return Inbound,36,2025-08-17,REF-72582
MOV-1401,PRD-3495,Shrinkage Adjustment,-8,2025-05-20,REF-14462
MOV-1402,PRD-3182,Shrinkage Adjustment,-30,2025-01-29,REF-27664
MOV-1403,PRD-3497,Return Inbound,96,2025-01-10,REF-21213
MOV-1404,PRD-3185,Return Inbound,37,2025-05-12,REF-90963
MOV-1405,PRD-3145,PO Inbound,82,2025-10-03,REF-52035
MOV-1406,PRD-3235,Return Inbound,17,2025-07-09,REF-61045
MOV-1407,PRD-3323,Sales Outbound,-32,2025-05-13,REF-45011
MOV-1408,PRD-3479,Warehouse Transfer,-18,2025-07-02,REF-54123
MOV-1409,PRD-3376,Return Inbound,91,2025-08-31,REF-61167
MOV-1410,PRD-3483,Shrinkage Adjustment,-14,2025-05-04,REF-54336
MOV-1411,PRD-3354,Return Inbound,24,2025-01-02,REF-53773
MOV-1412,PRD-3014,Warehouse Transfer,-22,2025-04-21,REF-11292
MOV-1413,PRD-3352,Shrinkage Adjustment,-11,2025-08-29,REF-71623
MOV-1414,PRD-3067,Warehouse Transfer,-41,2025-03-15,REF-72233
MOV-1415,PRD-3200,Warehouse Transfer,-21,2025-09-17,REF-82916
MOV-1416,PRD-3255,PO Inbound,92,2025-10-12,REF-86161
MOV-1417,PRD-3140,Sales Outbound,-48,2025-08-07,REF-62832
MOV-1418,PRD-3012,Sales Outbound,-27,2025-08-05,REF-89970
MOV-1419,PRD-3277,PO Inbound,82,2025-04-06,REF-70907
MOV-1420,PRD-3223,Return Inbound,34,2025-10-04,REF-32607
MOV-1421,PRD-3329,Warehouse Transfer,-19,2025-04-11,REF-57232
MOV-1422,PRD-3024,PO Inbound,62,2025-07-23,REF-23449
MOV-1423,PRD-3222,Return Inbound,29,2025-09-02,REF-74976
MOV-1424,PRD-3446,Shrinkage Adjustment,-44,2025-09-27,REF-43560
MOV-1425,PRD-3072,Return Inbound,63,2025-02-24,REF-65060
MOV-1426,PRD-3148,Warehouse Transfer,-5,2025-10-28,REF-24640
MOV-1427,PRD-3200,Sales Outbound,-44,2025-08-08,REF-86276
MOV-1428,PRD-3171,PO Inbound,88,2025-08-30,REF-32754
MOV-1429,PRD-3176,Warehouse Transfer,-12,2025-06-26,REF-14728
MOV-1430,PRD-3051,Shrinkage Adjustment,-39,2025-02-07,REF-55702
MOV-1431,PRD-3219,Warehouse Transfer,-31,2025-09-29,REF-18123
MOV-1432,PRD-3246,Warehouse Transfer,-33,2025-03-14,REF-37283
MOV-1433,PRD-3028,Shrinkage Adjustment,-43,2025-01-24,REF-12770
MOV-1434,PRD-3269,PO Inbound,26,2025-04-21,REF-50353
MOV-1435,PRD-3423,Warehouse Transfer,-2,2025-03-14,REF-37328
MOV-1436,PRD-3485,Shrinkage Adjustment,-20,2025-04-29,REF-33311
MOV-1437,PRD-3426,Shrinkage Adjustment,-37,2025-03-31,REF-46530
MOV-1438,PRD-3320,Return Inbound,13,2025-10-10,REF-10495
MOV-1439,PRD-3047,Shrinkage Adjustment,-44,2025-10-23,REF-93716
MOV-1440,PRD-3181,Warehouse Transfer,-40,2025-03-02,REF-25464
MOV-1441,PRD-3331,Sales Outbound,-37,2025-06-03,REF-65119
MOV-1442,PRD-3462,Return Inbound,6,2025-05-07,REF-18935
MOV-1443,PRD-3055,Warehouse Transfer,-10,2025-10-11,REF-70574
MOV-1444,PRD-3307,PO Inbound,34,2025-08-11,REF-56822
MOV-1445,PRD-3303,Return Inbound,13,2025-02-12,REF-95658
MOV-1446,PRD-3075,PO Inbound,25,2025-04-29,REF-83778
MOV-1447,PRD-3417,PO Inbound,48,2025-07-17,REF-66652
MOV-1448,PRD-3349,Shrinkage Adjustment,-42,2025-10-24,REF-43267
MOV-1449,PRD-3079,Sales Outbound,-37,2025-05-29,REF-34757
MOV-1450,PRD-3286,Sales Outbound,-47,2025-09-04,REF-56825
MOV-1451,PRD-3451,Return Inbound,21,2025-09-29,REF-75655
MOV-1452,PRD-3154,Shrinkage Adjustment,-16,2025-08-31,REF-72828
MOV-1453,PRD-3124,Return Inbound,81,2025-10-09,REF-92564
MOV-1454,PRD-3399,Return Inbound,7,2025-05-05,REF-11275
MOV-1455,PRD-3418,Sales Outbound,-29,2025-09-01,REF-27909
MOV-1456,PRD-3351,PO Inbound,59,2025-10-22,REF-36784
MOV-1457,PRD-3417,PO Inbound,52,2025-03-23,REF-56891
MOV-1458,PRD-3024,Return Inbound,46,2025-04-12,REF-30701
MOV-1459,PRD-3218,Shrinkage Adjustment,-40,2025-03-16,REF-46427
MOV-1460,PRD-3442,Return Inbound,87,2025-09-19,REF-42254
MOV-1461,PRD-3354,Shrinkage Adjustment,-10,2025-07-22,REF-83184
MOV-1462,PRD-3368,Shrinkage Adjustment,-49,2025-09-07,REF-87225
MOV-1463,PRD-3454,Sales Outbound,-47,2025-09-19,REF-97295
MOV-1464,PRD-3270,Warehouse Transfer,-18,2025-02-10,REF-32474
MOV-1465,PRD-3438,Warehouse Transfer,-28,2025-08-15,REF-31724
MOV-1466,PRD-3260,Shrinkage Adjustment,-31,2025-05-12,REF-75255
MOV-1467,PRD-3404,Warehouse Transfer,-25,2025-02-12,REF-16816
MOV-1468,PRD-3151,PO Inbound,57,2025-07-14,REF-31678
MOV-1469,PRD-3306,Shrinkage Adjustment,-40,2025-07-15,REF-51090
MOV-1470,PRD-3094,Return Inbound,13,2025-06-12,REF-73711
MOV-1471,PRD-3113,PO Inbound,86,2025-09-21,REF-16579
MOV-1472,PRD-3073,PO Inbound,37,2025-01-11,REF-44586
MOV-1473,PRD-3040,PO Inbound,59,2025-02-22,REF-84288
MOV-1474,PRD-3036,Sales Outbound,-39,2025-05-24,REF-42683
MOV-1475,PRD-3403,Sales Outbound,-30,2025-01-29,REF-33597
MOV-1476,PRD-3217,Return Inbound,57,2025-09-28,REF-23066
MOV-1477,PRD-3150,Warehouse Transfer,-26,2025-04-24,REF-56871
MOV-1478,PRD-3163,PO Inbound,11,2025-10-26,REF-37461
MOV-1479,PRD-3190,Sales Outbound,-5,2025-02-10,REF-13978
MOV-1480,PRD-3452,PO Inbound,93,2025-06-15,REF-76998
MOV-1481,PRD-3155,Return Inbound,51,2025-08-15,REF-39523
MOV-1482,PRD-3489,PO Inbound,29,2025-09-02,REF-17541
MOV-1483,PRD-3356,PO Inbound,93,2025-02-03,REF-97042
MOV-1484,PRD-3355,Shrinkage Adjustment,-18,2025-10-18,REF-34976
MOV-1485,PRD-3048,Shrinkage Adjustment,-24,2025-08-01,REF-13639
MOV-1486,PRD-3411,Shrinkage Adjustment,-15,2025-01-04,REF-34233
MOV-1487,PRD-3484,PO Inbound,91,2025-08-16,REF-37932
MOV-1488,PRD-3233,Sales Outbound,-16,2025-09-04,REF-93049
MOV-1489,PRD-3338,PO Inbound,11,2025-01-03,REF-22806
MOV-1490,PRD-3339,Return Inbound,73,2025-03-29,REF-64228
MOV-1491,PRD-3081,PO Inbound,71,2025-03-22,REF-30878
MOV-1492,PRD-3487,Return Inbound,2,2025-01-01,REF-64516
MOV-1493,PRD-3040,Sales Outbound,-34,2025-07-15,REF-53861
MOV-1494,PRD-3139,Warehouse Transfer,-28,2025-07-26,REF-16947
MOV-1495,PRD-3088,Return Inbound,11,2025-05-19,REF-42709
MOV-1496,PRD-3175,Warehouse Transfer,-47,2025-01-22,REF-46273
MOV-1497,PRD-3425,Shrinkage Adjustment,-6,2025-02-02,REF-83021
MOV-1498,PRD-3365,PO Inbound,5,2025-06-05,REF-54428
MOV-1499,PRD-3027,PO Inbound,41,2025-05-05,REF-19181
MOV-1500,PRD-3363,PO Inbound,74,2025-06-17,REF-90117
MOV-1501,PRD-3496,Shrinkage Adjustment,-4,2025-03-19,REF-73166
MOV-1502,PRD-3208,Warehouse Transfer,-50,2025-04-08,REF-45917
MOV-1503,PRD-3408,Shrinkage Adjustment,-32,2025-08-12,REF-64675
MOV-1504,PRD-3026,Return Inbound,33,2025-09-15,REF-53553
MOV-1505,PRD-3193,Sales Outbound,-21,2025-08-30,REF-55867
MOV-1506,PRD-3005,Return Inbound,22,2025-04-02,REF-50581
MOV-1507,PRD-3206,Return Inbound,97,2025-01-30,REF-60697
MOV-1508,PRD-3303,Return Inbound,85,2025-09-14,REF-64398
MOV-1509,PRD-3388,PO Inbound,100,2025-09-09,REF-54238
MOV-1510,PRD-3437,Return Inbound,14,2025-09-23,REF-30887
MOV-1511,PRD-3256,Shrinkage Adjustment,-7,2025-03-01,REF-49335
MOV-1512,PRD-3288,Warehouse Transfer,-7,2025-07-15,REF-17276
MOV-1513,PRD-3189,Warehouse Transfer,-2,2025-02-08,REF-84386
MOV-1514,PRD-3256,Return Inbound,46,2025-09-08,REF-15510
MOV-1515,PRD-3286,Sales Outbound,-26,2025-09-09,REF-81880
MOV-1516,PRD-3196,Return Inbound,6,2025-05-15,REF-45498
MOV-1517,PRD-3376,Return Inbound,12,2025-06-03,REF-46568
MOV-1518,PRD-3383,Sales Outbound,-40,2025-05-14,REF-28998
MOV-1519,PRD-3384,Shrinkage Adjustment,-32,2025-01-10,REF-79472
MOV-1520,PRD-3276,PO Inbound,90,2025-06-27,REF-15718
MOV-1521,PRD-3034,Return Inbound,16,2025-04-27,REF-67442
MOV-1522,PRD-3343,Warehouse Transfer,-43,2025-08-01,REF-33170
MOV-1523,PRD-3211,Warehouse Transfer,-17,2025-08-16,REF-15636
MOV-1524,PRD-3151,Sales Outbound,-17,2025-02-02,REF-63868
MOV-1525,PRD-3372,Warehouse Transfer,-43,2025-09-16,REF-25256
MOV-1526,PRD-3151,Sales Outbound,-1,2025-08-16,REF-60089
MOV-1527,PRD-3338,Warehouse Transfer,-6,2025-08-13,REF-95639
MOV-1528,PRD-3006,PO Inbound,55,2025-10-01,REF-20198
MOV-1529,PRD-3462,Return Inbound,29,2025-08-07,REF-57179
MOV-1530,PRD-3296,Shrinkage Adjustment,-10,2025-04-26,REF-88114
MOV-1531,PRD-3384,Shrinkage Adjustment,-26,2025-07-30,REF-23732
MOV-1532,PRD-3350,PO Inbound,41,2025-05-09,REF-25925
MOV-1533,PRD-3444,Shrinkage Adjustment,-6,2025-06-15,REF-14949
MOV-1534,PRD-3015,Shrinkage Adjustment,-28,2025-01-08,REF-20528
MOV-1535,PRD-3353,Shrinkage Adjustment,-23,2025-02-26,REF-80370
MOV-1536,PRD-3451,PO Inbound,1,2025-08-18,REF-72030
MOV-1537,PRD-3284,Return Inbound,23,2025-09-17,REF-47217
MOV-1538,PRD-3499,Return Inbound,47,2025-08-22,REF-67252
MOV-1539,PRD-3053,Warehouse Transfer,-41,2025-08-08,REF-73333
MOV-1540,PRD-3247,PO Inbound,56,2025-08-08,REF-73976
MOV-1541,PRD-3068,PO Inbound,78,2025-03-23,REF-33183
MOV-1542,PRD-3284,Sales Outbound,-20,2025-10-28,REF-25377
MOV-1543,PRD-3133,Sales Outbound,-1,2025-03-19,REF-24515
MOV-1544,PRD-3186,Sales Outbound,-29,2025-04-01,REF-57650
MOV-1545,PRD-3319,Shrinkage Adjustment,-35,2025-04-24,REF-35726
MOV-1546,PRD-3217,Shrinkage Adjustment,-18,2025-01-28,REF-78665
MOV-1547,PRD-3348,Warehouse Transfer,-7,2025-03-29,REF-15890
MOV-1548,PRD-3177,Warehouse Transfer,-38,2025-05-18,REF-47561
MOV-1549,PRD-3353,Shrinkage Adjustment,-41,2025-07-20,REF-87450
MOV-1550,PRD-3377,Warehouse Transfer,-35,2025-01-15,REF-21875
MOV-1551,PRD-3091,Sales Outbound,-22,2025-07-27,REF-26915
MOV-1552,PRD-3032,Warehouse Transfer,-14,2025-08-01,REF-22587
MOV-1553,PRD-3381,PO Inbound,72,2025-10-04,REF-15020
MOV-1554,PRD-3077,Return Inbound,63,2025-01-20,REF-19157
MOV-1555,PRD-3436,Shrinkage Adjustment,-42,2025-03-28,REF-16195
MOV-1556,PRD-3377,Shrinkage Adjustment,-46,2025-05-04,REF-69988
MOV-1557,PRD-3032,Sales Outbound,-24,2025-06-22,REF-91140
MOV-1558,PRD-3181,Warehouse Transfer,-7,2025-06-12,REF-26154
MOV-1559,PRD-3201,Shrinkage Adjustment,-25,2025-02-09,REF-67094
MOV-1560,PRD-3362,Shrinkage Adjustment,-10,2025-10-21,REF-63198
MOV-1561,PRD-3449,Return Inbound,70,2025-07-23,REF-35278
MOV-1562,PRD-3198,PO Inbound,17,2025-07-04,REF-41912
MOV-1563,PRD-3442,Shrinkage Adjustment,-33,2025-09-07,REF-34642
MOV-1564,PRD-3475,Sales Outbound,-4,2025-03-17,REF-33303
MOV-1565,PRD-3168,Return Inbound,47,2025-01-24,REF-82034
MOV-1566,PRD-3484,PO Inbound,50,2025-05-18,REF-12404
MOV-1567,PRD-3314,Shrinkage Adjustment,-36,2025-08-26,REF-36778
MOV-1568,PRD-3422,Warehouse Transfer,-32,2025-02-19,REF-80230
MOV-1569,PRD-3469,Sales Outbound,-41,2025-05-28,REF-25369
MOV-1570,PRD-3387,PO Inbound,7,2025-01-03,REF-67280
MOV-1571,PRD-3200,Return Inbound,70,2025-05-30,REF-77538
MOV-1572,PRD-3148,Sales Outbound,-46,2025-10-16,REF-40335
MOV-1573,PRD-3489,PO Inbound,97,2025-01-03,REF-46261
MOV-1574,PRD-3221,PO Inbound,29,2025-06-10,REF-95210
MOV-1575,PRD-3366,Shrinkage Adjustment,-1,2025-10-01,REF-89851
MOV-1576,PRD-3357,Shrinkage Adjustment,-3,2025-07-16,REF-46165
MOV-1577,PRD-3290,Sales Outbound,-31,2025-07-10,REF-91765
MOV-1578,PRD-3408,PO Inbound,37,2025-05-25,REF-71273
MOV-1579,PRD-3453,Warehouse Transfer,-4,2025-06-11,REF-82672
MOV-1580,PRD-3421,Sales Outbound,-4,2025-05-15,REF-71589
MOV-1581,PRD-3008,Sales Outbound,-32,2025-09-29,REF-85621
MOV-1582,PRD-3013,Sales Outbound,-30,2025-08-06,REF-44456
MOV-1583,PRD-3189,PO Inbound,25,2025-01-03,REF-99866
MOV-1584,PRD-3484,PO Inbound,42,2025-01-26,REF-25501
MOV-1585,PRD-3459,Warehouse Transfer,-35,2025-06-17,REF-74348
MOV-1586,PRD-3169,Return Inbound,62,2025-04-18,REF-81056
MOV-1587,PRD-3261,PO Inbound,70,2025-05-25,REF-33586
MOV-1588,PRD-3249,Return Inbound,4,2025-07-15,REF-30960
MOV-1589,PRD-3262,Sales Outbound,-33,2025-06-16,REF-10349
MOV-1590,PRD-3228,Sales Outbound,-23,2025-06-11,REF-39320
MOV-1591,PRD-3095,PO Inbound,48,2025-03-13,REF-80286
MOV-1592,PRD-3185,PO Inbound,41,2025-07-09,REF-17351
MOV-1593,PRD-3060,Sales Outbound,-22,2025-03-22,REF-43147
MOV-1594,PRD-3240,PO Inbound,12,2025-08-13,REF-82464
MOV-1595,PRD-3262,Shrinkage Adjustment,-44,2025-06-26,REF-11764
MOV-1596,PRD-3369,Return Inbound,16,2025-04-17,REF-91574
MOV-1597,PRD-3383,PO Inbound,68,2025-05-17,REF-21507
MOV-1598,PRD-3263,PO Inbound,46,2025-02-17,REF-47944
MOV-1599,PRD-3053,Sales Outbound,-2,2025-01-02,REF-74567
MOV-1600,PRD-3133,PO Inbound,36,2025-07-11,REF-18879
MOV-1601,PRD-3170,Shrinkage Adjustment,-38,2025-04-19,REF-38346
MOV-1602,PRD-3411,Sales Outbound,-31,2025-07-28,REF-91915
MOV-1603,PRD-3075,Shrinkage Adjustment,-36,2025-10-20,REF-86534
MOV-1604,PRD-3136,Shrinkage Adjustment,-15,2025-09-19,REF-71009
MOV-1605,PRD-3429,Warehouse Transfer,-13,2025-01-22,REF-84363
MOV-1606,PRD-3480,Sales Outbound,-44,2025-07-09,REF-33352
MOV-1607,PRD-3436,Sales Outbound,-39,2025-01-25,REF-59214
MOV-1608,PRD-3027,Return Inbound,53,2025-04-12,REF-63931
MOV-1609,PRD-3416,PO Inbound,57,2025-02-11,REF-29491
MOV-1610,PRD-3155,PO Inbound,27,2025-09-02,REF-36893
MOV-1611,PRD-3313,Return Inbound,79,2025-02-14,REF-27944
MOV-1612,PRD-3331,Return Inbound,69,2025-02-05,REF-84382
MOV-1613,PRD-3114,Shrinkage Adjustment,-25,2025-10-24,REF-47639
MOV-1614,PRD-3446,Sales Outbound,-28,2025-06-02,REF-37205
MOV-1615,PRD-3496,Shrinkage Adjustment,-23,2025-04-10,REF-21015
MOV-1616,PRD-3337,Return Inbound,95,2025-06-11,REF-88142
MOV-1617,PRD-3500,Return Inbound,48,2025-08-04,REF-82341
MOV-1618,PRD-3390,PO Inbound,48,2025-01-17,REF-81178
MOV-1619,PRD-3299,Return Inbound,14,2025-05-31,REF-60000
MOV-1620,PRD-3360,Sales Outbound,-42,2025-02-25,REF-80006
MOV-1621,PRD-3230,Warehouse Transfer,-36,2025-10-24,REF-72773
MOV-1622,PRD-3450,Shrinkage Adjustment,-50,2025-04-27,REF-41438
MOV-1623,PRD-3500,PO Inbound,17,2025-04-12,REF-11026
MOV-1624,PRD-3144,Sales Outbound,-14,2025-05-04,REF-39100
MOV-1625,PRD-3355,Warehouse Transfer,-34,2025-05-03,REF-23584
MOV-1626,PRD-3339,Warehouse Transfer,-25,2025-01-03,REF-29028
MOV-1627,PRD-3167,PO Inbound,79,2025-03-20,REF-74967
MOV-1628,PRD-3009,Return Inbound,1,2025-01-13,REF-50676
MOV-1629,PRD-3126,Warehouse Transfer,-28,2025-07-14,REF-66195
MOV-1630,PRD-3264,Return Inbound,60,2025-01-21,REF-75489
MOV-1631,PRD-3334,Sales Outbound,-25,2025-01-22,REF-30996
MOV-1632,PRD-3238,Return Inbound,62,2025-09-17,REF-89426
MOV-1633,PRD-3215,Shrinkage Adjustment,-13,2025-07-31,REF-75990
MOV-1634,PRD-3015,Return Inbound,27,2025-09-06,REF-35366
MOV-1635,PRD-3272,PO Inbound,72,2025-09-27,REF-29298
MOV-1636,PRD-3104,Sales Outbound,-3,2025-10-16,REF-70344
MOV-1637,PRD-3016,PO Inbound,78,2025-10-25,REF-81042
MOV-1638,PRD-3087,Return Inbound,60,2025-09-13,REF-16602
MOV-1639,PRD-3324,Shrinkage Adjustment,-24,2025-02-20,REF-78634
MOV-1640,PRD-3355,Shrinkage Adjustment,-9,2025-02-23,REF-10416
MOV-1641,PRD-3289,Warehouse Transfer,-43,2025-07-31,REF-34657
MOV-1642,PRD-3207,Shrinkage Adjustment,-34,2025-03-31,REF-76255
MOV-1643,PRD-3333,PO Inbound,55,2025-10-06,REF-85232
MOV-1644,PRD-3199,PO Inbound,2,2025-07-13,REF-62290
MOV-1645,PRD-3438,Warehouse Transfer,-44,2025-09-26,REF-18296
MOV-1646,PRD-3449,Sales Outbound,-32,2025-01-25,REF-50839
MOV-1647,PRD-3373,Sales Outbound,-24,2025-03-29,REF-81342
MOV-1648,PRD-3345,Return Inbound,49,2025-06-15,REF-76005
MOV-1649,PRD-3476,PO Inbound,55,2025-10-07,REF-19840
MOV-1650,PRD-3347,Shrinkage Adjustment,-39,2025-03-10,REF-30549
MOV-1651,PRD-3324,Return Inbound,13,2025-08-22,REF-89233
MOV-1652,PRD-3227,PO Inbound,28,2025-03-05,REF-15411
MOV-1653,PRD-3286,PO Inbound,68,2025-04-19,REF-44655
MOV-1654,PRD-3287,PO Inbound,80,2025-10-07,REF-55317
MOV-1655,PRD-3454,Return Inbound,33,2025-09-29,REF-69775
MOV-1656,PRD-3283,Warehouse Transfer,-3,2025-05-20,REF-79990
MOV-1657,PRD-3127,Sales Outbound,-17,2025-08-02,REF-51722
MOV-1658,PRD-3277,Shrinkage Adjustment,-45,2025-08-23,REF-93152
MOV-1659,PRD-3070,Shrinkage Adjustment,-4,2025-04-04,REF-23101
MOV-1660,PRD-3111,PO Inbound,86,2025-09-16,REF-13873
MOV-1661,PRD-3217,Shrinkage Adjustment,-48,2025-08-01,REF-49012
MOV-1662,PRD-3029,Return Inbound,82,2025-10-23,REF-72460
MOV-1663,PRD-3326,Return Inbound,29,2025-01-13,REF-79626
MOV-1664,PRD-3256,Warehouse Transfer,-1,2025-04-19,REF-68344
MOV-1665,PRD-3269,Sales Outbound,-42,2025-06-21,REF-41615
MOV-1666,PRD-3225,PO Inbound,17,2025-08-03,REF-78928
MOV-1667,PRD-3271,Shrinkage Adjustment,-2,2025-05-28,REF-20524
MOV-1668,PRD-3171,Return Inbound,63,2025-10-04,REF-93440
MOV-1669,PRD-3051,Sales Outbound,-41,2025-08-14,REF-36251
MOV-1670,PRD-3366,PO Inbound,37,2025-03-27,REF-25655
MOV-1671,PRD-3431,Shrinkage Adjustment,-43,2025-06-23,REF-60816
MOV-1672,PRD-3071,Return Inbound,62,2025-05-22,REF-43034
MOV-1673,PRD-3127,Sales Outbound,-8,2025-09-12,REF-81384
MOV-1674,PRD-3082,Shrinkage Adjustment,-15,2025-01-20,REF-56118
MOV-1675,PRD-3333,Warehouse Transfer,-31,2025-07-29,REF-66977
MOV-1676,PRD-3070,PO Inbound,68,2025-06-08,REF-11839
MOV-1677,PRD-3472,Shrinkage Adjustment,-34,2025-05-21,REF-62556
MOV-1678,PRD-3130,PO Inbound,98,2025-02-28,REF-53522
MOV-1679,PRD-3227,Shrinkage Adjustment,-19,2025-07-28,REF-60619
MOV-1680,PRD-3072,PO Inbound,77,2025-09-06,REF-76977
MOV-1681,PRD-3340,Return Inbound,55,2025-06-25,REF-92723
MOV-1682,PRD-3065,Return Inbound,44,2025-06-03,REF-29620
MOV-1683,PRD-3135,Return Inbound,72,2025-08-05,REF-62677
MOV-1684,PRD-3233,Sales Outbound,-40,2025-04-02,REF-85045
MOV-1685,PRD-3311,PO Inbound,60,2025-03-24,REF-27730
MOV-1686,PRD-3368,Shrinkage Adjustment,-31,2025-05-19,REF-15724
MOV-1687,PRD-3222,PO Inbound,13,2025-06-10,REF-44050
MOV-1688,PRD-3054,Sales Outbound,-34,2025-03-25,REF-67447
MOV-1689,PRD-3368,Sales Outbound,-36,2025-07-28,REF-97938
MOV-1690,PRD-3276,Warehouse Transfer,-14,2025-05-02,REF-90759
MOV-1691,PRD-3070,Sales Outbound,-35,2025-09-26,REF-61154
MOV-1692,PRD-3071,Sales Outbound,-23,2025-05-10,REF-65470
MOV-1693,PRD-3333,Warehouse Transfer,-48,2025-08-04,REF-34473
MOV-1694,PRD-3289,Shrinkage Adjustment,-28,2025-02-14,REF-17916
MOV-1695,PRD-3117,Return Inbound,52,2025-07-10,REF-75173
MOV-1696,PRD-3138,Warehouse Transfer,-4,2025-10-14,REF-50914
MOV-1697,PRD-3103,Shrinkage Adjustment,-42,2025-02-10,REF-50030
MOV-1698,PRD-3427,Warehouse Transfer,-11,2025-07-30,REF-29091
MOV-1699,PRD-3247,Sales Outbound,-41,2025-07-07,REF-10533
MOV-1700,PRD-3332,Shrinkage Adjustment,-3,2025-01-27,REF-20112
MOV-1701,PRD-3077,Shrinkage Adjustment,-27,2025-05-27,REF-61165
MOV-1702,PRD-3326,PO Inbound,75,2025-08-11,REF-19891
MOV-1703,PRD-3146,Warehouse Transfer,-3,2025-10-18,REF-20955
MOV-1704,PRD-3004,PO Inbound,77,2025-02-24,REF-66320
MOV-1705,PRD-3201,Return Inbound,86,2025-06-15,REF-50488
MOV-1706,PRD-3174,Return Inbound,93,2025-05-08,REF-15078
MOV-1707,PRD-3028,PO Inbound,61,2025-09-23,REF-45227
MOV-1708,PRD-3438,Shrinkage Adjustment,-9,2025-09-09,REF-49074
MOV-1709,PRD-3442,Sales Outbound,-1,2025-06-11,REF-33710
MOV-1710,PRD-3421,Sales Outbound,-22,2025-10-09,REF-84791
MOV-1711,PRD-3260,Shrinkage Adjustment,-44,2025-04-12,REF-17405
MOV-1712,PRD-3256,Sales Outbound,-11,2025-02-25,REF-63957
MOV-1713,PRD-3204,Return Inbound,100,2025-07-24,REF-84652
MOV-1714,PRD-3454,PO Inbound,6,2025-08-18,REF-17748
MOV-1715,PRD-3322,Warehouse Transfer,-44,2025-07-26,REF-18614
MOV-1716,PRD-3443,PO Inbound,64,2025-02-17,REF-37970
MOV-1717,PRD-3343,Return Inbound,1,2025-03-17,REF-56871
MOV-1718,PRD-3018,PO Inbound,53,2025-05-19,REF-33087
MOV-1719,PRD-3076,Shrinkage Adjustment,-27,2025-05-12,REF-42138
MOV-1720,PRD-3159,Warehouse Transfer,-42,2025-06-06,REF-98011
MOV-1721,PRD-3212,Return Inbound,18,2025-08-09,REF-98303
MOV-1722,PRD-3352,Return Inbound,8,2025-06-13,REF-35226
MOV-1723,PRD-3146,Shrinkage Adjustment,-32,2025-05-15,REF-20424
MOV-1724,PRD-3042,Shrinkage Adjustment,-1,2025-03-22,REF-76629
MOV-1725,PRD-3192,Warehouse Transfer,-23,2025-04-09,REF-82015
MOV-1726,PRD-3276,Shrinkage Adjustment,-22,2025-07-03,REF-88578
MOV-1727,PRD-3328,Warehouse Transfer,-32,2025-06-12,REF-83895
MOV-1728,PRD-3478,Sales Outbound,-4,2025-05-14,REF-19142
MOV-1729,PRD-3345,Return Inbound,42,2025-03-25,REF-79391
MOV-1730,PRD-3378,Sales Outbound,-49,2025-04-27,REF-16518
MOV-1731,PRD-3413,PO Inbound,52,2025-05-21,REF-40276
MOV-1732,PRD-3011,Sales Outbound,-41,2025-03-10,REF-89048
MOV-1733,PRD-3492,Shrinkage Adjustment,-30,2025-05-23,REF-48654
MOV-1734,PRD-3330,Return Inbound,30,2025-04-27,REF-29068
MOV-1735,PRD-3304,Return Inbound,45,2025-08-22,REF-78852
MOV-1736,PRD-3220,Shrinkage Adjustment,-45,2025-05-25,REF-17050
MOV-1737,PRD-3152,Shrinkage Adjustment,-30,2025-03-08,REF-44318
MOV-1738,PRD-3326,Shrinkage Adjustment,-47,2025-05-21,REF-91311
MOV-1739,PRD-3247,Sales Outbound,-48,2025-09-19,REF-37667
MOV-1740,PRD-3339,Return Inbound,14,2025-10-16,REF-11333
MOV-1741,PRD-3210,Shrinkage Adjustment,-41,2025-02-08,REF-12855
MOV-1742,PRD-3017,Warehouse Transfer,-37,2025-08-15,REF-83274
MOV-1743,PRD-3150,Return Inbound,23,2025-09-18,REF-31632
MOV-1744,PRD-3297,Warehouse Transfer,-16,2025-02-03,REF-59711
MOV-1745,PRD-3326,Return Inbound,17,2025-03-04,REF-26865
MOV-1746,PRD-3258,Sales Outbound,-28,2025-07-02,REF-76312
MOV-1747,PRD-3179,Warehouse Transfer,-31,2025-01-26,REF-33584
MOV-1748,PRD-3146,Warehouse Transfer,-38,2025-02-06,REF-10231
MOV-1749,PRD-3176,Return Inbound,61,2025-10-16,REF-85101
MOV-1750,PRD-3291,PO Inbound,47,2025-09-28,REF-44215
MOV-1751,PRD-3118,Return Inbound,87,2025-06-29,REF-59663
MOV-1752,PRD-3180,PO Inbound,84,2025-03-17,REF-39223
MOV-1753,PRD-3147,Sales Outbound,-17,2025-05-21,REF-17323
MOV-1754,PRD-3367,Shrinkage Adjustment,-45,2025-01-14,REF-77385
MOV-1755,PRD-3396,PO Inbound,54,2025-04-21,REF-19321
MOV-1756,PRD-3482,Sales Outbound,-38,2025-06-18,REF-89999
MOV-1757,PRD-3333,Return Inbound,31,2025-06-15,REF-68956
MOV-1758,PRD-3277,Return Inbound,42,2025-01-11,REF-71942
MOV-1759,PRD-3108,PO Inbound,20,2025-09-25,REF-31435
MOV-1760,PRD-3038,PO Inbound,10,2025-04-04,REF-61570
MOV-1761,PRD-3158,Sales Outbound,-7,2025-09-19,REF-20319
MOV-1762,PRD-3164,Return Inbound,34,2025-09-11,REF-82564
MOV-1763,PRD-3259,Warehouse Transfer,-14,2025-08-26,REF-93315
MOV-1764,PRD-3498,Shrinkage Adjustment,-4,2025-09-07,REF-17633
MOV-1765,PRD-3190,PO Inbound,57,2025-01-13,REF-91489
MOV-1766,PRD-3190,PO Inbound,82,2025-07-25,REF-27058
MOV-1767,PRD-3198,Sales Outbound,-12,2025-08-16,REF-63040
MOV-1768,PRD-3092,Return Inbound,92,2025-04-14,REF-27039
MOV-1769,PRD-3219,Return Inbound,58,2025-03-20,REF-10434
MOV-1770,PRD-3491,Shrinkage Adjustment,-39,2025-09-26,REF-16891
MOV-1771,PRD-3131,Shrinkage Adjustment,-3,2025-09-04,REF-77295
MOV-1772,PRD-3319,Sales Outbound,-29,2025-09-22,REF-75373
MOV-1773,PRD-3254,Return Inbound,21,2025-04-08,REF-91306
MOV-1774,PRD-3302,Warehouse Transfer,-28,2025-04-10,REF-60961
MOV-1775,PRD-3290,PO Inbound,67,2025-06-03,REF-57441
MOV-1776,PRD-3142,Return Inbound,14,2025-10-28,REF-81479
MOV-1777,PRD-3345,Sales Outbound,-33,2025-07-05,REF-69293
MOV-1778,PRD-3499,Warehouse Transfer,-10,2025-09-27,REF-31702
MOV-1779,PRD-3205,Sales Outbound,-48,2025-01-10,REF-23186
MOV-1780,PRD-3215,Return Inbound,14,2025-06-11,REF-89072
MOV-1781,PRD-3371,Warehouse Transfer,-21,2025-03-26,REF-73133
MOV-1782,PRD-3476,Return Inbound,58,2025-10-06,REF-74766
MOV-1783,PRD-3491,PO Inbound,47,2025-06-19,REF-39344
MOV-1784,PRD-3099,Sales Outbound,-5,2025-08-17,REF-85252
MOV-1785,PRD-3482,Sales Outbound,-5,2025-04-20,REF-94036
MOV-1786,PRD-3153,Shrinkage Adjustment,-22,2025-07-16,REF-18332
MOV-1787,PRD-3316,Shrinkage Adjustment,-48,2025-02-18,REF-70921
MOV-1788,PRD-3195,Return Inbound,81,2025-01-26,REF-28677
MOV-1789,PRD-3058,PO Inbound,3,2025-01-23,REF-32482
MOV-1790,PRD-3256,Warehouse Transfer,-28,2025-06-07,REF-96889
MOV-1791,PRD-3313,Warehouse Transfer,-23,2025-09-25,REF-97860
MOV-1792,PRD-3469,Shrinkage Adjustment,-4,2025-01-03,REF-56010
MOV-1793,PRD-3062,Sales Outbound,-21,2025-04-27,REF-77205
MOV-1794,PRD-3460,PO Inbound,84,2025-08-04,REF-35333
MOV-1795,PRD-3049,Warehouse Transfer,-45,2025-01-02,REF-53372
MOV-1796,PRD-3461,Sales Outbound,-32,2025-07-16,REF-88391
MOV-1797,PRD-3107,Sales Outbound,-47,2025-10-12,REF-71297
MOV-1798,PRD-3325,Warehouse Transfer,-44,2025-03-27,REF-75265
MOV-1799,PRD-3147,Shrinkage Adjustment,-50,2025-04-06,REF-33460
MOV-1800,PRD-3203,Warehouse Transfer,-44,2025-09-01,REF-51583
