logistics_id,order_id,carrier_name,dispatch_date,estimated_days,actual_days,shipping_cost_inr,delivery_status
LOG-7001,ORD-6770,XpressBees,2025-08-30,5,4,292.04,Yes
LOG-7002,ORD-6682,XpressBees,2025-03-31,3,2,632.75,Yes
LOG-7003,ORD-6089,XpressBees,2025-01-28,5,7,713.16,Delayed
LOG-7004,ORD-5988,Ecom Express,2025-02-27,4,4,308.36,Yes
LOG-7005,ORD-6900,Shadowfax B2B,2025-03-05,2,1,135.75,Yes
LOG-7006,ORD-6365,Ecom Express,2025-08-25,5,5,588.88,Yes
LOG-7007,ORD-6077,Delhivery Surface,2025-12-06,2,3,539.02,Yes
LOG-7008,ORD-6982,Delhivery Surface,2025-03-30,4,5,383.13,Yes
LOG-7009,ORD-7050,Ecom Express,2025-07-25,4,3,214.04,Yes
LOG-7010,ORD-6108,Shadowfax B2B,2025-06-08,2,4,428.44,Delayed
LOG-7011,ORD-6533,Shadowfax B2B,2025-04-20,6,7,164.64,Yes
LOG-7012,ORD-5593,XpressBees,2025-07-07,4,5,441.35,Yes
LOG-7013,ORD-7385,Ecom Express,2025-09-06,6,7,634.68,Yes
LOG-7014,ORD-6484,XpressBees,2025-02-20,5,7,90.57,Delayed
LOG-7015,ORD-7175,Ecom Express,2025-11-18,2,2,343.28,Yes
LOG-7016,ORD-5977,Delhivery Surface,2025-12-02,4,6,61.3,Delayed
LOG-7017,ORD-5075,Shadowfax B2B,2025-02-22,4,6,616.74,Delayed
LOG-7018,ORD-6822,BlueDart Express,2025-05-11,5,8,397.51,Delayed
LOG-7019,ORD-6006,Ecom Express,2025-03-05,6,7,552.41,Yes
LOG-7020,ORD-7343,Ecom Express,2025-01-22,6,6,404.53,Yes
LOG-7021,ORD-6161,Ecom Express,2025-07-26,2,1,378.42,Yes
LOG-7022,ORD-5783,XpressBees,2025-07-18,2,1,113.7,Yes
LOG-7023,ORD-6426,XpressBees,2025-12-14,2,1,583.01,Yes
LOG-7024,ORD-6796,BlueDart Express,2025-07-16,5,8,605.5,Delayed
LOG-7025,ORD-6105,XpressBees,2025-01-18,5,8,358.41,Delayed
LOG-7026,ORD-7447,Delhivery Surface,2025-09-28,4,5,529.13,Yes
LOG-7027,ORD-6630,Delhivery Surface,2025-02-26,4,7,619.19,Delayed
LOG-7028,ORD-5969,XpressBees,2025-10-27,5,7,337.24,Delayed
LOG-7029,ORD-6024,Ecom Express,2025-04-12,5,7,749.9,Delayed
LOG-7030,ORD-6508,Ecom Express,2025-09-27,6,8,91.38,Delayed
LOG-7031,ORD-5237,Shadowfax B2B,2025-03-07,3,6,431.45,Delayed
LOG-7032,ORD-6107,BlueDart Express,2025-04-20,3,4,625.99,Yes
LOG-7033,ORD-5795,XpressBees,2025-01-04,2,3,190.8,Yes
LOG-7034,ORD-7473,Shadowfax B2B,2025-06-08,3,5,498.32,Delayed
LOG-7035,ORD-5929,Shadowfax B2B,2025-07-27,3,4,391.05,Yes
LOG-7036,ORD-7326,Shadowfax B2B,2025-08-15,2,3,418.91,Yes
LOG-7037,ORD-5092,Delhivery Surface,2025-12-08,2,1,690.78,Yes
LOG-7038,ORD-5936,Ecom Express,2025-11-18,5,6,446.9,Yes
LOG-7039,ORD-5629,Shadowfax B2B,2025-01-13,6,6,732.27,Yes
LOG-7040,ORD-6404,Delhivery Surface,2025-12-09,5,5,678.88,Yes
LOG-7041,ORD-6929,XpressBees,2025-05-16,2,2,671.59,Yes
LOG-7042,ORD-7143,Shadowfax B2B,2025-08-08,6,5,121.04,Yes
LOG-7043,ORD-5518,Delhivery Surface,2025-04-11,3,2,242.06,Yes
LOG-7044,ORD-5682,Ecom Express,2025-03-23,5,4,697.06,Yes
LOG-7045,ORD-7399,Shadowfax B2B,2025-11-25,6,9,616.16,Delayed
LOG-7046,ORD-5602,Ecom Express,2025-11-13,4,6,733.95,Delayed
LOG-7047,ORD-6305,Shadowfax B2B,2025-05-16,4,6,691.15,Delayed
LOG-7048,ORD-5880,Delhivery Surface,2025-07-11,4,5,257.62,Yes
LOG-7049,ORD-5313,BlueDart Express,2025-09-24,2,5,519.36,Delayed
LOG-7050,ORD-6404,BlueDart Express,2025-04-20,5,7,189.43,Delayed
LOG-7051,ORD-5075,Ecom Express,2025-03-15,2,2,441.31,Yes
LOG-7052,ORD-7212,BlueDart Express,2025-10-31,3,5,637.88,Delayed
LOG-7053,ORD-6757,XpressBees,2025-06-04,2,5,597.23,Delayed
LOG-7054,ORD-6145,Shadowfax B2B,2025-02-11,4,6,522.82,Delayed
LOG-7055,ORD-5680,BlueDart Express,2025-02-08,4,7,228.24,Delayed
LOG-7056,ORD-5996,Ecom Express,2025-05-17,2,1,136.79,Yes
LOG-7057,ORD-6815,Delhivery Surface,2025-10-05,3,5,67.88,Delayed
LOG-7058,ORD-5007,XpressBees,2025-09-04,5,6,383.41,Yes
LOG-7059,ORD-6978,BlueDart Express,2025-10-21,2,4,516.37,Delayed
LOG-7060,ORD-6980,Shadowfax B2B,2025-02-25,6,6,595.08,Yes
LOG-7061,ORD-6546,Delhivery Surface,2025-11-06,4,3,393.4,Yes
LOG-7062,ORD-6978,BlueDart Express,2025-11-22,5,5,721.34,Yes
LOG-7063,ORD-7044,Delhivery Surface,2025-01-22,4,7,421.25,Delayed
LOG-7064,ORD-7115,Shadowfax B2B,2025-10-15,2,3,131.05,Yes
LOG-7065,ORD-6598,XpressBees,2025-04-24,2,2,671.37,Yes
LOG-7066,ORD-5663,Shadowfax B2B,2025-06-02,4,6,237.12,Delayed
LOG-7067,ORD-6759,Shadowfax B2B,2025-06-02,2,5,482.88,Delayed
LOG-7068,ORD-6644,BlueDart Express,2025-06-15,3,6,530.39,Delayed
LOG-7069,ORD-6585,Ecom Express,2025-10-19,2,5,556.33,Delayed
LOG-7070,ORD-6993,BlueDart Express,2025-04-28,4,4,292.04,Yes
LOG-7071,ORD-5469,XpressBees,2025-08-19,2,1,441.09,Yes
LOG-7072,ORD-6531,XpressBees,2025-10-21,2,2,334.0,Yes
LOG-7073,ORD-7232,Delhivery Surface,2025-10-24,5,7,718.59,Delayed
LOG-7074,ORD-6894,Ecom Express,2025-03-31,2,3,696.37,Yes
LOG-7075,ORD-5275,XpressBees,2025-05-08,5,5,598.86,Yes
LOG-7076,ORD-6397,Delhivery Surface,2025-07-25,2,2,180.22,Yes
LOG-7077,ORD-6735,XpressBees,2025-01-13,6,9,374.29,Delayed
LOG-7078,ORD-6132,XpressBees,2025-01-06,3,6,220.01,Delayed
LOG-7079,ORD-6508,XpressBees,2025-04-29,6,7,192.57,Yes
LOG-7080,ORD-5339,BlueDart Express,2025-07-29,4,6,225.13,Delayed
LOG-7081,ORD-6337,BlueDart Express,2025-09-03,4,5,693.61,Yes
LOG-7082,ORD-6546,XpressBees,2025-04-22,4,3,77.94,Yes
LOG-7083,ORD-5668,BlueDart Express,2025-06-05,2,1,163.87,Yes
LOG-7084,ORD-7225,Delhivery Surface,2025-04-07,2,5,287.99,Delayed
LOG-7085,ORD-7103,XpressBees,2025-09-04,6,9,68.23,Delayed
LOG-7086,ORD-5904,Ecom Express,2025-11-05,5,4,400.02,Yes
LOG-7087,ORD-7020,BlueDart Express,2025-09-06,2,2,82.53,Yes
LOG-7088,ORD-6683,XpressBees,2025-08-20,2,5,269.39,Delayed
LOG-7089,ORD-5531,Ecom Express,2025-07-15,2,3,124.32,Yes
LOG-7090,ORD-6607,Ecom Express,2025-10-04,3,6,467.51,Delayed
LOG-7091,ORD-5856,Delhivery Surface,2025-08-18,5,8,238.62,Delayed
LOG-7092,ORD-7283,Shadowfax B2B,2025-07-26,5,7,657.31,Delayed
LOG-7093,ORD-6785,BlueDart Express,2025-01-05,5,6,214.86,Yes
LOG-7094,ORD-6330,XpressBees,2025-08-21,3,2,500.95,Yes
LOG-7095,ORD-6936,Delhivery Surface,2025-01-23,3,3,182.16,Yes
LOG-7096,ORD-7377,Shadowfax B2B,2025-08-20,4,6,678.33,Delayed
LOG-7097,ORD-6082,Ecom Express,2025-03-01,2,3,434.56,Yes
LOG-7098,ORD-7185,BlueDart Express,2025-10-28,4,6,560.5,Delayed
LOG-7099,ORD-5890,BlueDart Express,2025-10-05,2,3,327.04,Yes
LOG-7100,ORD-6397,Ecom Express,2025-03-25,5,4,373.96,Yes
LOG-7101,ORD-7391,Ecom Express,2025-10-24,4,6,345.35,Delayed
LOG-7102,ORD-5481,BlueDart Express,2025-02-25,2,4,717.82,Delayed
LOG-7103,ORD-7360,Shadowfax B2B,2025-07-20,4,6,309.82,Delayed
LOG-7104,ORD-6439,Shadowfax B2B,2025-06-24,5,5,413.1,Yes
LOG-7105,ORD-6868,Delhivery Surface,2025-03-27,5,8,204.96,Delayed
LOG-7106,ORD-7077,Ecom Express,2025-05-18,2,2,460.18,Yes
LOG-7107,ORD-7494,XpressBees,2025-05-13,5,8,652.21,Delayed
LOG-7108,ORD-6708,BlueDart Express,2025-08-11,5,8,562.95,Delayed
LOG-7109,ORD-5746,Shadowfax B2B,2025-02-04,3,6,151.23,Delayed
LOG-7110,ORD-6679,XpressBees,2025-09-01,2,5,589.6,Delayed
LOG-7111,ORD-6814,Shadowfax B2B,2025-08-22,5,8,318.46,Delayed
LOG-7112,ORD-5168,Delhivery Surface,2025-10-19,6,8,159.58,Delayed
LOG-7113,ORD-5913,Shadowfax B2B,2025-08-28,6,6,666.75,Yes
LOG-7114,ORD-6819,BlueDart Express,2025-12-10,2,1,712.98,Yes
LOG-7115,ORD-5977,Ecom Express,2025-03-05,3,6,471.98,Delayed
LOG-7116,ORD-5707,Delhivery Surface,2025-12-05,2,4,432.35,Delayed
LOG-7117,ORD-5688,Ecom Express,2025-04-14,3,3,192.89,Yes
LOG-7118,ORD-5991,BlueDart Express,2025-03-15,3,6,466.68,Delayed
LOG-7119,ORD-5942,Ecom Express,2025-05-24,5,4,603.37,Yes
LOG-7120,ORD-5113,Shadowfax B2B,2025-10-17,4,4,529.24,Yes
LOG-7121,ORD-5010,Shadowfax B2B,2025-11-10,4,4,191.6,Yes
LOG-7122,ORD-6793,XpressBees,2025-07-20,4,4,473.16,Yes
LOG-7123,ORD-5371,Delhivery Surface,2025-09-16,4,4,392.85,Yes
LOG-7124,ORD-5199,BlueDart Express,2025-07-15,4,5,426.43,Yes
LOG-7125,ORD-7277,Ecom Express,2025-05-28,6,8,598.11,Delayed
LOG-7126,ORD-6396,Delhivery Surface,2025-02-24,2,5,495.91,Delayed
LOG-7127,ORD-7132,BlueDart Express,2025-05-12,3,4,301.54,Yes
LOG-7128,ORD-6274,Delhivery Surface,2025-09-29,2,3,230.83,Yes
LOG-7129,ORD-6819,Shadowfax B2B,2025-06-04,3,4,289.78,Yes
LOG-7130,ORD-5123,Shadowfax B2B,2025-10-13,5,8,425.72,Delayed
LOG-7131,ORD-6830,XpressBees,2025-07-23,2,2,89.01,Yes
LOG-7132,ORD-7418,Delhivery Surface,2025-03-28,2,2,672.52,Yes
LOG-7133,ORD-6969,BlueDart Express,2025-02-17,6,7,446.53,Yes
LOG-7134,ORD-6699,Delhivery Surface,2025-10-31,6,6,432.56,Yes
LOG-7135,ORD-6934,XpressBees,2025-09-26,5,5,694.58,Yes
LOG-7136,ORD-7128,Shadowfax B2B,2025-04-14,2,3,612.99,Yes
LOG-7137,ORD-6269,XpressBees,2025-07-05,5,5,457.63,Yes
LOG-7138,ORD-5464,Shadowfax B2B,2025-12-08,6,8,273.7,Delayed
LOG-7139,ORD-5471,Shadowfax B2B,2025-01-05,3,3,584.57,Yes
LOG-7140,ORD-7220,XpressBees,2025-09-17,2,4,63.1,Delayed
LOG-7141,ORD-6328,BlueDart Express,2025-01-22,3,6,396.49,Delayed
LOG-7142,ORD-6387,BlueDart Express,2025-03-18,2,2,529.96,Yes
LOG-7143,ORD-5015,BlueDart Express,2025-09-08,4,5,312.94,Yes
LOG-7144,ORD-6113,BlueDart Express,2025-07-23,4,7,403.82,Delayed
LOG-7145,ORD-5564,BlueDart Express,2025-01-29,4,6,346.39,Delayed
LOG-7146,ORD-6911,Ecom Express,2025-11-29,2,1,305.3,Yes
LOG-7147,ORD-6662,XpressBees,2025-08-18,4,5,177.86,Yes
LOG-7148,ORD-5209,Delhivery Surface,2025-07-23,2,4,428.84,Delayed
LOG-7149,ORD-6400,Ecom Express,2025-10-05,3,3,69.24,Yes
LOG-7150,ORD-6526,XpressBees,2025-09-10,3,3,535.27,Yes
LOG-7151,ORD-5886,Shadowfax B2B,2025-10-01,2,4,93.79,Delayed
LOG-7152,ORD-5361,Ecom Express,2025-06-21,5,8,165.94,Delayed
LOG-7153,ORD-5552,Shadowfax B2B,2025-09-06,2,3,571.65,Yes
LOG-7154,ORD-7178,Ecom Express,2025-09-14,2,5,497.64,Delayed
LOG-7155,ORD-5029,BlueDart Express,2025-07-06,2,1,450.19,Yes
LOG-7156,ORD-7034,XpressBees,2025-09-05,3,2,486.02,Yes
LOG-7157,ORD-6436,BlueDart Express,2025-10-20,3,2,142.22,Yes
LOG-7158,ORD-7304,Delhivery Surface,2025-10-09,4,4,224.41,Yes
LOG-7159,ORD-5612,XpressBees,2025-08-19,2,3,456.99,Yes
LOG-7160,ORD-5810,Shadowfax B2B,2025-10-27,4,7,171.45,Delayed
LOG-7161,ORD-5423,Ecom Express,2025-10-02,4,5,619.28,Yes
LOG-7162,ORD-5317,Shadowfax B2B,2025-04-19,6,8,117.46,Delayed
LOG-7163,ORD-7464,Delhivery Surface,2025-01-10,5,6,633.04,Yes
LOG-7164,ORD-6883,Ecom Express,2025-02-26,4,4,266.33,Yes
LOG-7165,ORD-6916,Delhivery Surface,2025-10-26,5,5,325.98,Yes
LOG-7166,ORD-6417,XpressBees,2025-02-10,6,9,224.04,Delayed
LOG-7167,ORD-5288,Delhivery Surface,2025-06-03,6,8,562.06,Delayed
LOG-7168,ORD-5966,Shadowfax B2B,2025-08-25,5,5,668.49,Yes
LOG-7169,ORD-6057,Ecom Express,2025-04-08,4,4,494.47,Yes
LOG-7170,ORD-6404,Ecom Express,2025-11-15,5,8,401.83,Delayed
LOG-7171,ORD-7473,Shadowfax B2B,2025-07-05,5,4,292.92,Yes
LOG-7172,ORD-6664,Ecom Express,2025-04-25,6,5,636.09,Yes
LOG-7173,ORD-7341,BlueDart Express,2025-04-26,4,7,506.62,Delayed
LOG-7174,ORD-6216,Delhivery Surface,2025-05-31,5,8,656.26,Delayed
LOG-7175,ORD-5208,BlueDart Express,2025-01-26,6,7,66.54,Yes
LOG-7176,ORD-5270,Shadowfax B2B,2025-07-01,5,5,389.74,Yes
LOG-7177,ORD-5523,Ecom Express,2025-03-27,5,7,539.22,Delayed
LOG-7178,ORD-5567,Delhivery Surface,2025-07-07,4,7,166.11,Delayed
LOG-7179,ORD-5136,Delhivery Surface,2025-07-31,6,6,96.61,Yes
LOG-7180,ORD-5347,Ecom Express,2025-11-19,2,1,528.35,Yes
LOG-7181,ORD-5608,Shadowfax B2B,2025-05-04,2,1,578.98,Yes
LOG-7182,ORD-5756,Delhivery Surface,2025-07-22,4,3,238.45,Yes
LOG-7183,ORD-6345,Shadowfax B2B,2025-10-20,2,1,497.55,Yes
LOG-7184,ORD-7137,Ecom Express,2025-03-06,6,6,210.03,Yes
LOG-7185,ORD-6352,XpressBees,2025-09-28,4,6,612.78,Delayed
LOG-7186,ORD-5671,Delhivery Surface,2025-10-22,6,6,635.5,Yes
LOG-7187,ORD-6324,XpressBees,2025-08-02,5,7,603.39,Delayed
LOG-7188,ORD-5338,Ecom Express,2025-05-08,6,5,604.85,Yes
LOG-7189,ORD-5681,Shadowfax B2B,2025-03-25,4,6,562.73,Delayed
LOG-7190,ORD-5968,Shadowfax B2B,2025-06-16,2,1,556.6,Yes
LOG-7191,ORD-5587,XpressBees,2025-10-16,2,5,86.18,Delayed
LOG-7192,ORD-5228,Shadowfax B2B,2025-06-03,5,7,106.61,Delayed
LOG-7193,ORD-6277,Ecom Express,2025-03-16,5,8,397.33,Delayed
LOG-7194,ORD-6331,Ecom Express,2025-05-14,2,3,181.46,Yes
LOG-7195,ORD-6019,BlueDart Express,2025-07-25,6,8,473.1,Delayed
LOG-7196,ORD-5251,Shadowfax B2B,2025-08-15,4,5,712.8,Yes
LOG-7197,ORD-5921,XpressBees,2025-04-11,4,4,531.9,Yes
LOG-7198,ORD-6640,XpressBees,2025-01-10,4,5,649.03,Yes
LOG-7199,ORD-7417,Delhivery Surface,2025-06-27,3,6,383.48,Delayed
LOG-7200,ORD-5912,Ecom Express,2025-08-22,3,3,630.79,Yes
LOG-7201,ORD-7093,BlueDart Express,2025-04-24,3,2,704.64,Yes
LOG-7202,ORD-5953,Ecom Express,2025-06-24,3,3,94.83,Yes
LOG-7203,ORD-5943,Shadowfax B2B,2025-06-08,2,2,165.24,Yes
LOG-7204,ORD-6949,Ecom Express,2025-01-12,6,9,318.27,Delayed
LOG-7205,ORD-6879,Delhivery Surface,2025-01-29,3,3,299.32,Yes
LOG-7206,ORD-6328,BlueDart Express,2025-07-24,2,2,231.49,Yes
LOG-7207,ORD-5541,Ecom Express,2025-02-19,2,4,549.0,Delayed
LOG-7208,ORD-6498,Ecom Express,2025-06-16,6,8,97.36,Delayed
LOG-7209,ORD-7408,Ecom Express,2025-11-21,2,3,164.8,Yes
LOG-7210,ORD-6226,Ecom Express,2025-07-21,4,3,114.3,Yes
LOG-7211,ORD-5641,Ecom Express,2025-07-10,2,2,281.31,Yes
LOG-7212,ORD-7092,BlueDart Express,2025-09-06,6,5,464.6,Yes
LOG-7213,ORD-6022,Ecom Express,2025-01-11,4,4,563.17,Yes
LOG-7214,ORD-6271,XpressBees,2025-05-11,2,5,551.94,Delayed
LOG-7215,ORD-6927,BlueDart Express,2025-06-20,5,6,306.98,Yes
LOG-7216,ORD-5497,Shadowfax B2B,2025-08-10,3,3,721.57,Yes
LOG-7217,ORD-5539,Ecom Express,2025-07-29,3,2,639.53,Yes
LOG-7218,ORD-6764,BlueDart Express,2025-07-30,3,2,523.23,Yes
LOG-7219,ORD-7198,Ecom Express,2025-08-10,3,4,150.68,Yes
LOG-7220,ORD-5004,Shadowfax B2B,2025-08-12,2,3,88.66,Yes
LOG-7221,ORD-5631,BlueDart Express,2025-06-10,6,9,515.08,Delayed
LOG-7222,ORD-7052,Ecom Express,2025-12-08,5,8,367.32,Delayed
LOG-7223,ORD-5317,Ecom Express,2025-04-08,3,5,76.55,Delayed
LOG-7224,ORD-7070,BlueDart Express,2025-10-31,2,1,90.45,Yes
LOG-7225,ORD-6166,Shadowfax B2B,2025-02-19,2,2,473.93,Yes
LOG-7226,ORD-6989,XpressBees,2025-09-26,6,9,127.73,Delayed
LOG-7227,ORD-7433,Delhivery Surface,2025-01-20,4,6,512.95,Delayed
LOG-7228,ORD-6581,Delhivery Surface,2025-10-12,6,5,341.27,Yes
LOG-7229,ORD-7082,Shadowfax B2B,2025-10-02,4,3,423.94,Yes
LOG-7230,ORD-6447,Shadowfax B2B,2025-11-02,2,3,493.12,Yes
LOG-7231,ORD-7422,Shadowfax B2B,2025-06-21,5,8,430.05,Delayed
LOG-7232,ORD-5657,Shadowfax B2B,2025-09-03,3,6,83.65,Delayed
LOG-7233,ORD-6963,Delhivery Surface,2025-09-07,3,2,559.56,Yes
LOG-7234,ORD-7270,BlueDart Express,2025-12-11,4,6,166.49,Delayed
LOG-7235,ORD-5792,Shadowfax B2B,2025-04-18,4,6,255.08,Delayed
LOG-7236,ORD-6910,XpressBees,2025-04-25,2,5,213.14,Delayed
LOG-7237,ORD-6640,XpressBees,2025-08-16,6,9,462.95,Delayed
LOG-7238,ORD-7334,Ecom Express,2025-02-22,4,5,734.09,Yes
LOG-7239,ORD-7489,XpressBees,2025-04-15,5,7,675.27,Delayed
LOG-7240,ORD-6066,Shadowfax B2B,2025-09-04,4,7,84.37,Delayed
LOG-7241,ORD-6781,Shadowfax B2B,2025-09-27,6,8,370.11,Delayed
LOG-7242,ORD-5281,XpressBees,2025-06-22,5,4,117.96,Yes
LOG-7243,ORD-6247,Ecom Express,2025-08-09,2,3,521.5,Yes
LOG-7244,ORD-6497,Shadowfax B2B,2025-04-17,4,4,699.03,Yes
LOG-7245,ORD-5367,XpressBees,2025-01-25,5,5,466.11,Yes
LOG-7246,ORD-5601,BlueDart Express,2025-01-17,3,4,425.19,Yes
LOG-7247,ORD-6418,Shadowfax B2B,2025-06-19,3,3,591.67,Yes
LOG-7248,ORD-6954,Shadowfax B2B,2025-05-04,2,2,128.6,Yes
LOG-7249,ORD-7029,XpressBees,2025-09-04,2,5,600.11,Delayed
LOG-7250,ORD-6703,BlueDart Express,2025-07-10,4,7,391.54,Delayed
LOG-7251,ORD-5630,BlueDart Express,2025-02-22,3,4,518.7,Yes
LOG-7252,ORD-5568,Ecom Express,2025-05-29,4,5,76.4,Yes
LOG-7253,ORD-5237,Ecom Express,2025-06-01,6,5,410.02,Yes
LOG-7254,ORD-5150,XpressBees,2025-10-28,6,6,451.94,Yes
LOG-7255,ORD-7032,Shadowfax B2B,2025-11-20,5,5,419.1,Yes
LOG-7256,ORD-6960,Delhivery Surface,2025-06-08,5,4,330.29,Yes
LOG-7257,ORD-5055,Delhivery Surface,2025-05-25,3,6,211.63,Delayed
LOG-7258,ORD-5244,BlueDart Express,2025-01-16,6,5,260.82,Yes
LOG-7259,ORD-6282,Delhivery Surface,2025-11-11,4,7,706.42,Delayed
LOG-7260,ORD-5073,Shadowfax B2B,2025-05-23,2,4,744.2,Delayed
LOG-7261,ORD-7320,Shadowfax B2B,2025-06-10,4,6,580.67,Delayed
LOG-7262,ORD-5626,XpressBees,2025-11-14,5,5,307.87,Yes
LOG-7263,ORD-7138,XpressBees,2025-07-13,3,3,292.41,Yes
LOG-7264,ORD-6853,Ecom Express,2025-11-20,5,4,62.88,Yes
LOG-7265,ORD-5522,Delhivery Surface,2025-01-20,3,3,678.68,Yes
LOG-7266,ORD-6176,BlueDart Express,2025-07-10,5,7,371.61,Delayed
LOG-7267,ORD-5419,Delhivery Surface,2025-07-04,2,3,417.87,Yes
LOG-7268,ORD-5179,Ecom Express,2025-02-22,6,6,592.82,Yes
LOG-7269,ORD-7077,BlueDart Express,2025-06-22,2,4,337.76,Delayed
LOG-7270,ORD-5178,XpressBees,2025-02-28,3,3,459.59,Yes
LOG-7271,ORD-6999,XpressBees,2025-10-11,4,5,395.28,Yes
LOG-7272,ORD-5138,XpressBees,2025-10-13,5,5,347.24,Yes
LOG-7273,ORD-6337,Delhivery Surface,2025-08-31,5,8,282.84,Delayed
LOG-7274,ORD-7260,Ecom Express,2025-06-05,4,4,70.22,Yes
LOG-7275,ORD-5656,Ecom Express,2025-10-12,3,4,430.32,Yes
LOG-7276,ORD-6610,Delhivery Surface,2025-02-06,3,5,221.95,Delayed
LOG-7277,ORD-5315,Ecom Express,2025-07-07,2,2,710.69,Yes
LOG-7278,ORD-5451,XpressBees,2025-01-17,3,5,528.54,Delayed
LOG-7279,ORD-7406,BlueDart Express,2025-05-15,2,5,585.94,Delayed
LOG-7280,ORD-7351,Shadowfax B2B,2025-01-04,5,4,76.91,Yes
LOG-7281,ORD-6861,BlueDart Express,2025-09-14,6,5,633.27,Yes
LOG-7282,ORD-7377,XpressBees,2025-03-06,4,6,719.93,Delayed
LOG-7283,ORD-7455,Delhivery Surface,2025-06-05,5,7,446.54,Delayed
LOG-7284,ORD-5866,Ecom Express,2025-02-02,2,2,240.67,Yes
LOG-7285,ORD-6151,BlueDart Express,2025-04-12,2,5,131.51,Delayed
LOG-7286,ORD-7304,BlueDart Express,2025-06-09,2,3,695.92,Yes
LOG-7287,ORD-5949,Delhivery Surface,2025-06-11,2,4,662.97,Delayed
LOG-7288,ORD-5010,Ecom Express,2025-06-09,5,4,406.61,Yes
LOG-7289,ORD-6697,BlueDart Express,2025-10-21,4,3,616.6,Yes
LOG-7290,ORD-6583,Shadowfax B2B,2025-02-21,4,7,376.55,Delayed
LOG-7291,ORD-5872,BlueDart Express,2025-01-12,3,2,241.25,Yes
LOG-7292,ORD-6449,Shadowfax B2B,2025-05-20,4,6,146.35,Delayed
LOG-7293,ORD-5625,Shadowfax B2B,2025-06-17,5,8,245.47,Delayed
LOG-7294,ORD-5224,Shadowfax B2B,2025-05-18,2,2,208.21,Yes
LOG-7295,ORD-6843,Ecom Express,2025-05-13,6,9,483.27,Delayed
LOG-7296,ORD-7152,Shadowfax B2B,2025-01-02,6,6,230.38,Yes
LOG-7297,ORD-5437,Delhivery Surface,2025-07-21,6,7,121.38,Yes
LOG-7298,ORD-6657,Ecom Express,2025-02-06,2,4,71.68,Delayed
LOG-7299,ORD-5688,Shadowfax B2B,2025-08-19,4,4,708.81,Yes
LOG-7300,ORD-7280,BlueDart Express,2025-06-28,5,7,226.59,Delayed
LOG-7301,ORD-5149,BlueDart Express,2025-01-14,6,9,340.17,Delayed
LOG-7302,ORD-6362,Ecom Express,2025-07-28,2,2,282.26,Yes
LOG-7303,ORD-6623,BlueDart Express,2025-07-18,4,3,102.39,Yes
LOG-7304,ORD-6806,Ecom Express,2025-09-24,5,7,473.62,Delayed
LOG-7305,ORD-7300,Shadowfax B2B,2025-11-22,6,9,467.75,Delayed
LOG-7306,ORD-7084,Ecom Express,2025-09-22,2,4,68.36,Delayed
LOG-7307,ORD-6010,Shadowfax B2B,2025-02-24,2,1,695.73,Yes
LOG-7308,ORD-6868,Shadowfax B2B,2025-01-03,2,4,395.54,Delayed
LOG-7309,ORD-5909,Shadowfax B2B,2025-06-10,6,7,470.91,Yes
LOG-7310,ORD-5828,BlueDart Express,2025-08-16,6,5,136.35,Yes
LOG-7311,ORD-5303,Shadowfax B2B,2025-02-24,6,8,634.18,Delayed
LOG-7312,ORD-5150,Ecom Express,2025-11-12,2,2,696.12,Yes
LOG-7313,ORD-6098,Ecom Express,2025-05-31,2,3,290.59,Yes
LOG-7314,ORD-7425,Shadowfax B2B,2025-08-18,4,4,220.33,Yes
LOG-7315,ORD-7126,Ecom Express,2025-12-06,6,8,739.6,Delayed
LOG-7316,ORD-6403,Ecom Express,2025-03-24,3,6,740.09,Delayed
LOG-7317,ORD-6967,BlueDart Express,2025-04-19,3,4,228.22,Yes
LOG-7318,ORD-5006,BlueDart Express,2025-06-09,6,9,462.69,Delayed
LOG-7319,ORD-6576,Shadowfax B2B,2025-06-28,3,5,555.17,Delayed
LOG-7320,ORD-6957,Shadowfax B2B,2025-05-01,2,4,209.35,Delayed
LOG-7321,ORD-7327,Ecom Express,2025-08-07,3,4,409.53,Yes
LOG-7322,ORD-5624,Delhivery Surface,2025-10-14,4,7,319.52,Delayed
LOG-7323,ORD-6350,Delhivery Surface,2025-11-15,3,5,514.61,Delayed
LOG-7324,ORD-6590,XpressBees,2025-08-21,2,3,543.89,Yes
LOG-7325,ORD-5989,Ecom Express,2025-10-23,3,2,677.24,Yes
LOG-7326,ORD-6973,XpressBees,2025-07-19,5,4,356.99,Yes
LOG-7327,ORD-6497,Ecom Express,2025-10-14,2,4,662.17,Delayed
LOG-7328,ORD-6309,Shadowfax B2B,2025-11-08,3,2,667.78,Yes
LOG-7329,ORD-5498,Shadowfax B2B,2025-03-11,4,3,331.31,Yes
LOG-7330,ORD-7407,XpressBees,2025-11-10,3,4,577.58,Yes
LOG-7331,ORD-6611,Ecom Express,2025-07-25,3,6,429.23,Delayed
LOG-7332,ORD-7442,Shadowfax B2B,2025-01-08,2,3,517.21,Yes
LOG-7333,ORD-6343,Ecom Express,2025-09-06,2,2,473.52,Yes
LOG-7334,ORD-5973,Ecom Express,2025-12-05,3,5,539.97,Delayed
LOG-7335,ORD-5406,XpressBees,2025-07-22,5,8,725.77,Delayed
LOG-7336,ORD-6484,Ecom Express,2025-03-06,6,5,287.19,Yes
LOG-7337,ORD-5712,Shadowfax B2B,2025-01-28,2,1,520.1,Yes
LOG-7338,ORD-5456,BlueDart Express,2025-02-12,4,6,110.92,Delayed
LOG-7339,ORD-5289,XpressBees,2025-08-24,3,6,237.97,Delayed
LOG-7340,ORD-6034,XpressBees,2025-11-17,6,5,156.13,Yes
LOG-7341,ORD-5360,Delhivery Surface,2025-01-01,2,5,413.28,Delayed
LOG-7342,ORD-5792,XpressBees,2025-06-05,5,8,490.9,Delayed
LOG-7343,ORD-7297,Shadowfax B2B,2025-09-02,3,3,524.96,Yes
LOG-7344,ORD-5894,BlueDart Express,2025-02-01,4,5,425.17,Yes
LOG-7345,ORD-7023,Shadowfax B2B,2025-11-18,3,5,650.69,Delayed
LOG-7346,ORD-6487,Ecom Express,2025-08-03,2,5,155.57,Delayed
LOG-7347,ORD-5295,XpressBees,2025-10-08,3,3,74.48,Yes
LOG-7348,ORD-5874,BlueDart Express,2025-09-27,5,6,143.88,Yes
LOG-7349,ORD-6575,BlueDart Express,2025-11-23,3,2,167.32,Yes
LOG-7350,ORD-6694,Ecom Express,2025-03-01,5,8,224.73,Delayed
LOG-7351,ORD-7076,Delhivery Surface,2025-06-12,6,9,105.62,Delayed
LOG-7352,ORD-6895,Shadowfax B2B,2025-05-21,2,2,161.67,Yes
LOG-7353,ORD-7366,BlueDart Express,2025-10-20,3,3,734.48,Yes
LOG-7354,ORD-5574,XpressBees,2025-03-18,5,7,688.94,Delayed
LOG-7355,ORD-5717,Shadowfax B2B,2025-11-05,3,5,462.39,Delayed
LOG-7356,ORD-7479,XpressBees,2025-10-18,4,4,706.03,Yes
LOG-7357,ORD-6283,Delhivery Surface,2025-11-11,5,6,238.12,Yes
LOG-7358,ORD-7131,Ecom Express,2025-05-08,5,8,360.15,Delayed
LOG-7359,ORD-5463,BlueDart Express,2025-02-08,4,4,212.34,Yes
LOG-7360,ORD-6746,Ecom Express,2025-01-13,6,9,76.92,Delayed
LOG-7361,ORD-7302,Shadowfax B2B,2025-09-03,2,3,278.91,Yes
LOG-7362,ORD-6425,XpressBees,2025-12-12,2,4,542.03,Delayed
LOG-7363,ORD-5684,Shadowfax B2B,2025-09-29,5,8,95.97,Delayed
LOG-7364,ORD-6460,XpressBees,2025-02-20,3,2,552.14,Yes
LOG-7365,ORD-6092,Shadowfax B2B,2025-05-01,5,5,140.2,Yes
LOG-7366,ORD-5732,Shadowfax B2B,2025-07-22,2,2,160.57,Yes
LOG-7367,ORD-6328,XpressBees,2025-06-02,2,5,609.45,Delayed
LOG-7368,ORD-5718,XpressBees,2025-06-13,4,7,466.71,Delayed
LOG-7369,ORD-7006,Shadowfax B2B,2025-04-27,5,8,194.94,Delayed
LOG-7370,ORD-6471,Shadowfax B2B,2025-10-24,4,5,106.54,Yes
LOG-7371,ORD-5599,Ecom Express,2025-08-20,4,3,110.71,Yes
LOG-7372,ORD-6964,Delhivery Surface,2025-07-20,5,4,210.71,Yes
LOG-7373,ORD-7162,Shadowfax B2B,2025-03-17,4,6,720.91,Delayed
LOG-7374,ORD-6897,Shadowfax B2B,2025-02-23,2,2,311.69,Yes
LOG-7375,ORD-7276,Ecom Express,2025-03-24,3,3,81.13,Yes
LOG-7376,ORD-5060,XpressBees,2025-01-22,4,6,719.81,Delayed
LOG-7377,ORD-5132,XpressBees,2025-03-16,6,6,493.51,Yes
LOG-7378,ORD-7289,Delhivery Surface,2025-09-19,5,5,723.47,Yes
LOG-7379,ORD-5702,BlueDart Express,2025-01-21,5,8,422.09,Delayed
LOG-7380,ORD-5341,Delhivery Surface,2025-11-22,5,5,554.23,Yes
LOG-7381,ORD-6447,Ecom Express,2025-10-06,4,4,186.89,Yes
LOG-7382,ORD-6934,Delhivery Surface,2025-01-04,2,5,369.94,Delayed
LOG-7383,ORD-5093,XpressBees,2025-06-01,3,6,384.27,Delayed
LOG-7384,ORD-5285,Shadowfax B2B,2025-12-16,3,5,483.02,Delayed
LOG-7385,ORD-6761,Delhivery Surface,2025-11-19,5,6,105.69,Yes
LOG-7386,ORD-6341,Ecom Express,2025-06-19,2,1,72.64,Yes
LOG-7387,ORD-6489,BlueDart Express,2025-01-17,6,5,486.73,Yes
LOG-7388,ORD-7203,Ecom Express,2025-03-07,3,5,665.21,Delayed
LOG-7389,ORD-5852,BlueDart Express,2025-01-07,3,5,67.41,Delayed
LOG-7390,ORD-6851,Delhivery Surface,2025-03-08,3,4,86.42,Yes
LOG-7391,ORD-7167,Delhivery Surface,2025-01-02,3,4,531.13,Yes
LOG-7392,ORD-6125,Delhivery Surface,2025-08-22,4,4,456.28,Yes
LOG-7393,ORD-6781,XpressBees,2025-03-14,6,5,656.48,Yes
LOG-7394,ORD-5459,Shadowfax B2B,2025-07-22,3,2,351.2,Yes
LOG-7395,ORD-6747,XpressBees,2025-07-17,6,8,561.55,Delayed
LOG-7396,ORD-6252,BlueDart Express,2025-05-08,3,2,235.43,Yes
LOG-7397,ORD-6141,Ecom Express,2025-02-02,2,4,128.72,Delayed
LOG-7398,ORD-6602,Ecom Express,2025-10-25,5,4,81.13,Yes
LOG-7399,ORD-7239,Ecom Express,2025-05-29,4,7,78.95,Delayed
LOG-7400,ORD-6349,BlueDart Express,2025-09-08,5,6,158.46,Yes
LOG-7401,ORD-6692,Delhivery Surface,2025-09-22,2,5,149.42,Delayed
LOG-7402,ORD-5393,BlueDart Express,2025-07-03,2,3,624.5,Yes
LOG-7403,ORD-7498,Shadowfax B2B,2025-11-12,6,8,128.11,Delayed
LOG-7404,ORD-5800,BlueDart Express,2025-06-18,3,4,317.01,Yes
LOG-7405,ORD-6002,Delhivery Surface,2025-03-10,6,5,283.82,Yes
LOG-7406,ORD-7246,Delhivery Surface,2025-08-22,5,6,222.16,Yes
LOG-7407,ORD-6111,BlueDart Express,2025-06-06,5,7,180.31,Delayed
LOG-7408,ORD-6393,Delhivery Surface,2025-11-02,4,3,592.4,Yes
LOG-7409,ORD-5357,BlueDart Express,2025-06-18,3,4,280.35,Yes
LOG-7410,ORD-6784,Delhivery Surface,2025-08-26,5,8,440.99,Delayed
LOG-7411,ORD-5726,Shadowfax B2B,2025-01-21,3,2,738.39,Yes
LOG-7412,ORD-6132,XpressBees,2025-10-28,2,2,73.71,Yes
LOG-7413,ORD-6470,XpressBees,2025-09-17,2,5,384.91,Delayed
LOG-7414,ORD-7227,Shadowfax B2B,2025-02-04,4,4,182.88,Yes
LOG-7415,ORD-5902,Ecom Express,2025-06-18,4,5,471.42,Yes
LOG-7416,ORD-5742,BlueDart Express,2025-06-16,4,7,340.67,Delayed
LOG-7417,ORD-6316,Shadowfax B2B,2025-09-11,6,9,737.96,Delayed
LOG-7418,ORD-5362,BlueDart Express,2025-12-15,3,5,742.71,Delayed
LOG-7419,ORD-7246,Delhivery Surface,2025-01-10,4,5,382.74,Yes
LOG-7420,ORD-5585,Shadowfax B2B,2025-05-09,4,3,120.56,Yes
LOG-7421,ORD-6594,BlueDart Express,2025-10-09,6,7,727.91,Yes
LOG-7422,ORD-7337,Shadowfax B2B,2025-01-20,2,3,514.92,Yes
LOG-7423,ORD-5688,Delhivery Surface,2025-03-01,3,3,321.45,Yes
LOG-7424,ORD-7137,XpressBees,2025-07-12,2,1,691.64,Yes
LOG-7425,ORD-5802,Ecom Express,2025-08-23,5,4,149.63,Yes
LOG-7426,ORD-7080,XpressBees,2025-09-22,6,9,557.85,Delayed
LOG-7427,ORD-5029,Shadowfax B2B,2025-05-24,5,4,570.93,Yes
LOG-7428,ORD-6010,XpressBees,2025-11-06,5,8,669.86,Delayed
LOG-7429,ORD-7435,Delhivery Surface,2025-08-27,2,3,540.19,Yes
LOG-7430,ORD-5200,Delhivery Surface,2025-04-19,6,8,576.24,Delayed
LOG-7431,ORD-7127,Ecom Express,2025-03-16,6,7,566.38,Yes
LOG-7432,ORD-7298,XpressBees,2025-09-20,5,8,509.85,Delayed
LOG-7433,ORD-7237,Ecom Express,2025-05-01,6,8,333.19,Delayed
LOG-7434,ORD-5995,BlueDart Express,2025-10-19,2,1,384.48,Yes
LOG-7435,ORD-7034,XpressBees,2025-05-26,6,9,736.35,Delayed
LOG-7436,ORD-6218,Ecom Express,2025-06-10,5,6,659.99,Yes
LOG-7437,ORD-6269,Ecom Express,2025-02-26,2,4,338.06,Delayed
LOG-7438,ORD-5698,Shadowfax B2B,2025-03-11,5,6,256.52,Yes
LOG-7439,ORD-5952,Ecom Express,2025-08-20,4,7,135.3,Delayed
LOG-7440,ORD-6602,BlueDart Express,2025-05-13,3,4,460.02,Yes
LOG-7441,ORD-7112,Delhivery Surface,2025-11-09,6,7,718.82,Yes
LOG-7442,ORD-7326,BlueDart Express,2025-08-25,6,9,726.63,Delayed
LOG-7443,ORD-6491,XpressBees,2025-06-10,5,8,581.87,Delayed
LOG-7444,ORD-7036,Ecom Express,2025-08-02,6,5,321.11,Yes
LOG-7445,ORD-7156,Ecom Express,2025-04-22,4,3,397.28,Yes
LOG-7446,ORD-5863,BlueDart Express,2025-08-15,2,4,381.33,Delayed
LOG-7447,ORD-6589,BlueDart Express,2025-11-23,3,4,513.74,Yes
LOG-7448,ORD-5011,Shadowfax B2B,2025-09-18,6,6,327.65,Yes
LOG-7449,ORD-5642,Delhivery Surface,2025-04-08,3,6,281.87,Delayed
LOG-7450,ORD-5056,Delhivery Surface,2025-04-07,5,8,465.63,Delayed
LOG-7451,ORD-6393,Delhivery Surface,2025-10-11,4,3,562.35,Yes
LOG-7452,ORD-5919,BlueDart Express,2025-03-12,5,6,194.94,Yes
LOG-7453,ORD-6879,Delhivery Surface,2025-06-10,4,3,256.47,Yes
LOG-7454,ORD-6846,Delhivery Surface,2025-05-15,6,5,189.98,Yes
LOG-7455,ORD-5525,Delhivery Surface,2025-05-18,5,7,111.64,Delayed
LOG-7456,ORD-6737,XpressBees,2025-06-18,2,5,227.69,Delayed
LOG-7457,ORD-6463,Ecom Express,2025-07-08,4,6,740.82,Delayed
LOG-7458,ORD-5172,Delhivery Surface,2025-01-19,2,4,138.35,Delayed
LOG-7459,ORD-6031,BlueDart Express,2025-04-10,5,6,243.17,Yes
LOG-7460,ORD-6477,XpressBees,2025-05-21,5,7,136.7,Delayed
LOG-7461,ORD-5656,BlueDart Express,2025-10-10,6,6,699.75,Yes
LOG-7462,ORD-7446,BlueDart Express,2025-11-22,3,5,527.13,Delayed
LOG-7463,ORD-5059,Shadowfax B2B,2025-06-16,2,4,567.11,Delayed
LOG-7464,ORD-5424,Delhivery Surface,2025-03-28,3,6,507.88,Delayed
LOG-7465,ORD-5109,Ecom Express,2025-07-17,4,5,349.28,Yes
LOG-7466,ORD-6445,Delhivery Surface,2025-12-10,2,3,315.98,Yes
LOG-7467,ORD-6327,Ecom Express,2025-10-25,4,3,146.99,Yes
LOG-7468,ORD-6671,Delhivery Surface,2025-06-20,5,4,404.81,Yes
LOG-7469,ORD-6996,XpressBees,2025-11-07,4,4,220.14,Yes
LOG-7470,ORD-5561,Shadowfax B2B,2025-07-29,3,6,558.99,Delayed
LOG-7471,ORD-5253,Ecom Express,2025-12-14,5,4,80.17,Yes
LOG-7472,ORD-5729,Delhivery Surface,2025-07-24,6,8,557.4,Delayed
LOG-7473,ORD-5583,Shadowfax B2B,2025-10-16,2,2,713.39,Yes
LOG-7474,ORD-5753,Delhivery Surface,2025-02-01,6,8,318.42,Delayed
LOG-7475,ORD-6382,BlueDart Express,2025-07-25,2,4,593.55,Delayed
LOG-7476,ORD-5153,Shadowfax B2B,2025-11-26,5,4,693.2,Yes
LOG-7477,ORD-5275,Ecom Express,2025-12-14,2,2,86.68,Yes
LOG-7478,ORD-5849,XpressBees,2025-04-17,4,5,482.0,Yes
LOG-7479,ORD-6873,Shadowfax B2B,2025-11-03,5,5,689.53,Yes
LOG-7480,ORD-6567,Delhivery Surface,2025-02-07,6,6,533.25,Yes
LOG-7481,ORD-5948,XpressBees,2025-11-22,2,5,168.71,Delayed
LOG-7482,ORD-6548,XpressBees,2025-03-17,2,1,646.57,Yes
LOG-7483,ORD-5919,BlueDart Express,2025-09-03,2,2,179.6,Yes
LOG-7484,ORD-6712,BlueDart Express,2025-01-29,6,6,670.28,Yes
LOG-7485,ORD-7093,Delhivery Surface,2025-12-01,5,7,576.53,Delayed
LOG-7486,ORD-5745,Shadowfax B2B,2025-01-28,4,5,488.11,Yes
LOG-7487,ORD-6328,Shadowfax B2B,2025-10-05,6,8,604.61,Delayed
LOG-7488,ORD-7243,Delhivery Surface,2025-02-01,5,5,164.0,Yes
LOG-7489,ORD-7124,BlueDart Express,2025-02-10,3,5,733.47,Delayed
LOG-7490,ORD-7267,BlueDart Express,2025-05-30,4,6,545.55,Delayed
LOG-7491,ORD-6498,XpressBees,2025-10-24,4,4,571.05,Yes
LOG-7492,ORD-6109,Shadowfax B2B,2025-07-29,2,5,347.7,Delayed
LOG-7493,ORD-5080,Shadowfax B2B,2025-05-16,5,5,539.39,Yes
LOG-7494,ORD-6053,Ecom Express,2025-04-01,4,6,210.09,Delayed
LOG-7495,ORD-7254,Shadowfax B2B,2025-05-09,5,7,437.74,Delayed
LOG-7496,ORD-7197,Ecom Express,2025-01-08,5,4,619.22,Yes
LOG-7497,ORD-7483,Ecom Express,2025-08-02,4,6,382.99,Delayed
LOG-7498,ORD-5217,Shadowfax B2B,2025-02-14,3,6,414.62,Delayed
LOG-7499,ORD-7485,Shadowfax B2B,2025-03-20,6,7,166.99,Yes
LOG-7500,ORD-7140,BlueDart Express,2025-11-03,3,6,609.69,Delayed
LOG-7501,ORD-5601,Shadowfax B2B,2025-02-06,5,6,142.47,Yes
LOG-7502,ORD-5110,BlueDart Express,2025-06-24,3,5,111.43,Delayed
LOG-7503,ORD-7114,Shadowfax B2B,2025-01-18,4,6,562.76,Delayed
LOG-7504,ORD-6630,XpressBees,2025-09-21,2,2,111.25,Yes
LOG-7505,ORD-6645,Shadowfax B2B,2025-06-06,5,8,638.3,Delayed
LOG-7506,ORD-5263,Delhivery Surface,2025-08-27,6,9,191.73,Delayed
LOG-7507,ORD-5505,Delhivery Surface,2025-05-15,3,6,532.45,Delayed
LOG-7508,ORD-5976,Ecom Express,2025-12-11,4,3,638.53,Yes
LOG-7509,ORD-5074,BlueDart Express,2025-10-23,6,5,734.2,Yes
LOG-7510,ORD-7279,Ecom Express,2025-10-12,2,5,363.59,Delayed
LOG-7511,ORD-5486,Shadowfax B2B,2025-01-01,6,8,395.27,Delayed
LOG-7512,ORD-5421,Ecom Express,2025-03-29,2,4,382.46,Delayed
LOG-7513,ORD-5424,BlueDart Express,2025-08-30,4,3,256.64,Yes
LOG-7514,ORD-5922,Shadowfax B2B,2025-10-08,6,7,565.09,Yes
LOG-7515,ORD-7446,Shadowfax B2B,2025-08-20,3,4,344.48,Yes
LOG-7516,ORD-5220,Ecom Express,2025-02-04,2,1,699.2,Yes
LOG-7517,ORD-7338,BlueDart Express,2025-01-27,5,4,622.52,Yes
LOG-7518,ORD-7034,XpressBees,2025-07-05,2,2,68.16,Yes
LOG-7519,ORD-5197,Delhivery Surface,2025-06-28,4,7,386.75,Delayed
LOG-7520,ORD-5941,XpressBees,2025-03-31,2,1,68.25,Yes
LOG-7521,ORD-5706,XpressBees,2025-08-29,4,7,605.48,Delayed
LOG-7522,ORD-6939,Ecom Express,2025-11-28,5,6,501.6,Yes
LOG-7523,ORD-7455,Shadowfax B2B,2025-06-14,6,8,576.23,Delayed
LOG-7524,ORD-6043,Delhivery Surface,2025-06-27,3,5,517.54,Delayed
LOG-7525,ORD-6057,Delhivery Surface,2025-01-29,4,3,339.08,Yes
LOG-7526,ORD-5463,Ecom Express,2025-04-19,5,6,87.15,Yes
LOG-7527,ORD-6501,BlueDart Express,2025-04-07,3,5,706.83,Delayed
LOG-7528,ORD-5942,Shadowfax B2B,2025-08-05,5,8,592.3,Delayed
LOG-7529,ORD-7491,Shadowfax B2B,2025-07-14,6,5,573.04,Yes
LOG-7530,ORD-6544,BlueDart Express,2025-09-29,4,5,402.52,Yes
LOG-7531,ORD-5363,Shadowfax B2B,2025-06-04,6,5,611.96,Yes
LOG-7532,ORD-7134,Ecom Express,2025-11-12,5,8,411.31,Delayed
LOG-7533,ORD-6127,Ecom Express,2025-10-29,6,5,415.7,Yes
LOG-7534,ORD-5867,Ecom Express,2025-09-15,5,5,255.44,Yes
LOG-7535,ORD-5185,Ecom Express,2025-08-16,4,5,288.18,Yes
LOG-7536,ORD-7314,XpressBees,2025-10-23,6,8,204.28,Delayed
LOG-7537,ORD-6059,Ecom Express,2025-05-05,4,4,732.07,Yes
LOG-7538,ORD-7422,BlueDart Express,2025-02-19,2,1,537.12,Yes
LOG-7539,ORD-5233,XpressBees,2025-07-10,2,5,232.7,Delayed
LOG-7540,ORD-6738,XpressBees,2025-11-09,6,7,471.55,Yes
LOG-7541,ORD-5680,BlueDart Express,2025-05-05,4,7,344.31,Delayed
LOG-7542,ORD-7049,Delhivery Surface,2025-01-27,5,5,509.08,Yes
LOG-7543,ORD-7179,BlueDart Express,2025-01-21,3,3,513.08,Yes
LOG-7544,ORD-6715,Ecom Express,2025-03-21,4,7,727.79,Delayed
LOG-7545,ORD-7029,Delhivery Surface,2025-01-05,4,5,264.59,Yes
LOG-7546,ORD-5672,XpressBees,2025-09-22,5,8,656.48,Delayed
LOG-7547,ORD-7498,Delhivery Surface,2025-02-02,4,6,730.5,Delayed
LOG-7548,ORD-6047,XpressBees,2025-10-04,4,6,270.48,Delayed
LOG-7549,ORD-5021,Ecom Express,2025-03-31,6,6,705.48,Yes
LOG-7550,ORD-5425,Shadowfax B2B,2025-10-08,4,6,740.8,Delayed
LOG-7551,ORD-5739,BlueDart Express,2025-05-15,5,4,376.03,Yes
LOG-7552,ORD-7045,Ecom Express,2025-10-02,2,3,297.45,Yes
LOG-7553,ORD-5591,XpressBees,2025-04-03,5,7,656.35,Delayed
LOG-7554,ORD-6753,XpressBees,2025-09-15,6,9,373.95,Delayed
LOG-7555,ORD-7220,XpressBees,2025-08-25,5,6,262.3,Yes
LOG-7556,ORD-6350,XpressBees,2025-05-13,5,6,726.87,Yes
LOG-7557,ORD-5966,Ecom Express,2025-01-03,2,5,699.08,Delayed
LOG-7558,ORD-5558,XpressBees,2025-04-20,5,4,536.97,Yes
LOG-7559,ORD-7467,Shadowfax B2B,2025-04-04,5,6,517.81,Yes
LOG-7560,ORD-5263,XpressBees,2025-04-17,4,6,678.11,Delayed
LOG-7561,ORD-7114,XpressBees,2025-01-14,2,2,639.8,Yes
LOG-7562,ORD-7163,Ecom Express,2025-05-31,5,8,227.26,Delayed
LOG-7563,ORD-6432,Shadowfax B2B,2025-03-02,2,3,342.62,Yes
LOG-7564,ORD-6647,Delhivery Surface,2025-03-09,3,2,726.6,Yes
LOG-7565,ORD-6907,BlueDart Express,2025-12-03,5,6,483.17,Yes
LOG-7566,ORD-7124,BlueDart Express,2025-06-11,3,2,321.35,Yes
LOG-7567,ORD-5538,Delhivery Surface,2025-08-19,4,4,231.17,Yes
LOG-7568,ORD-5874,Shadowfax B2B,2025-12-12,3,5,106.51,Delayed
LOG-7569,ORD-6696,Delhivery Surface,2025-05-26,4,6,661.82,Delayed
LOG-7570,ORD-6443,Shadowfax B2B,2025-04-07,2,1,149.74,Yes
LOG-7571,ORD-5314,Delhivery Surface,2025-10-06,2,4,435.73,Delayed
LOG-7572,ORD-5762,XpressBees,2025-09-07,6,5,685.26,Yes
LOG-7573,ORD-6705,BlueDart Express,2025-06-13,4,5,489.58,Yes
LOG-7574,ORD-7092,Ecom Express,2025-09-20,5,7,219.84,Delayed
LOG-7575,ORD-6774,Ecom Express,2025-06-01,2,5,701.76,Delayed
LOG-7576,ORD-5677,XpressBees,2025-12-15,6,6,293.63,Yes
LOG-7577,ORD-5312,Delhivery Surface,2025-12-06,6,9,323.05,Delayed
LOG-7578,ORD-7393,BlueDart Express,2025-06-11,6,7,329.18,Yes
LOG-7579,ORD-7482,XpressBees,2025-06-08,3,6,406.04,Delayed
LOG-7580,ORD-5641,XpressBees,2025-05-27,5,4,286.55,Yes
LOG-7581,ORD-5183,Delhivery Surface,2025-02-10,3,3,622.0,Yes
LOG-7582,ORD-7214,XpressBees,2025-08-24,2,2,204.63,Yes
LOG-7583,ORD-5653,BlueDart Express,2025-04-17,5,7,420.84,Delayed
LOG-7584,ORD-6201,Delhivery Surface,2025-08-15,5,8,328.55,Delayed
LOG-7585,ORD-6751,XpressBees,2025-12-06,4,4,385.13,Yes
LOG-7586,ORD-7168,Shadowfax B2B,2025-07-13,2,2,163.18,Yes
LOG-7587,ORD-7072,Shadowfax B2B,2025-08-18,6,6,633.5,Yes
LOG-7588,ORD-6793,BlueDart Express,2025-01-04,5,5,519.43,Yes
LOG-7589,ORD-5933,Delhivery Surface,2025-05-17,4,5,391.43,Yes
LOG-7590,ORD-6402,Shadowfax B2B,2025-03-30,3,3,652.56,Yes
LOG-7591,ORD-6856,Shadowfax B2B,2025-11-26,2,1,235.74,Yes
LOG-7592,ORD-5873,Ecom Express,2025-09-29,4,7,384.17,Delayed
LOG-7593,ORD-5250,Delhivery Surface,2025-08-25,3,3,177.45,Yes
LOG-7594,ORD-6411,Shadowfax B2B,2025-01-12,4,4,604.17,Yes
LOG-7595,ORD-5172,Delhivery Surface,2025-06-19,4,5,260.34,Yes
LOG-7596,ORD-6682,XpressBees,2025-11-06,3,6,609.08,Delayed
LOG-7597,ORD-6877,BlueDart Express,2025-05-31,2,1,346.74,Yes
LOG-7598,ORD-7286,XpressBees,2025-02-05,4,7,350.71,Delayed
LOG-7599,ORD-6170,Shadowfax B2B,2025-11-27,5,5,424.07,Yes
LOG-7600,ORD-6407,Shadowfax B2B,2025-11-08,2,3,725.1,Yes
LOG-7601,ORD-6141,XpressBees,2025-12-10,4,6,404.63,Delayed
LOG-7602,ORD-5935,Delhivery Surface,2025-04-06,3,6,645.22,Delayed
LOG-7603,ORD-5668,Ecom Express,2025-10-06,6,7,303.05,Yes
LOG-7604,ORD-6906,Shadowfax B2B,2025-01-15,2,4,674.91,Delayed
LOG-7605,ORD-5980,XpressBees,2025-05-15,4,7,639.81,Delayed
LOG-7606,ORD-6143,Delhivery Surface,2025-08-04,4,3,396.85,Yes
LOG-7607,ORD-5099,XpressBees,2025-11-01,4,4,100.82,Yes
LOG-7608,ORD-5528,BlueDart Express,2025-04-26,3,6,413.04,Delayed
LOG-7609,ORD-5481,Delhivery Surface,2025-09-16,5,4,658.33,Yes
LOG-7610,ORD-6540,Delhivery Surface,2025-10-06,3,3,305.54,Yes
LOG-7611,ORD-7252,XpressBees,2025-01-28,4,7,594.79,Delayed
LOG-7612,ORD-5311,BlueDart Express,2025-10-04,2,1,312.52,Yes
LOG-7613,ORD-5895,Delhivery Surface,2025-08-23,4,4,284.99,Yes
LOG-7614,ORD-6878,BlueDart Express,2025-03-08,5,7,174.33,Delayed
LOG-7615,ORD-6888,BlueDart Express,2025-06-13,5,6,479.63,Yes
LOG-7616,ORD-6508,Shadowfax B2B,2025-10-25,4,5,722.89,Yes
LOG-7617,ORD-6396,XpressBees,2025-06-25,6,9,315.89,Delayed
LOG-7618,ORD-6507,BlueDart Express,2025-06-25,4,4,534.95,Yes
LOG-7619,ORD-6585,Delhivery Surface,2025-10-16,2,4,139.17,Delayed
LOG-7620,ORD-7106,Ecom Express,2025-05-27,2,5,214.74,Delayed
LOG-7621,ORD-6414,Delhivery Surface,2025-06-10,3,4,158.95,Yes
LOG-7622,ORD-5253,Shadowfax B2B,2025-12-09,6,9,173.18,Delayed
LOG-7623,ORD-5305,Shadowfax B2B,2025-11-29,4,3,662.83,Yes
LOG-7624,ORD-7500,Delhivery Surface,2025-02-17,4,5,399.08,Yes
LOG-7625,ORD-6212,Ecom Express,2025-03-18,2,2,87.85,Yes
LOG-7626,ORD-5556,Shadowfax B2B,2025-11-19,5,8,668.38,Delayed
LOG-7627,ORD-6898,Delhivery Surface,2025-01-14,6,9,157.63,Delayed
LOG-7628,ORD-5233,Delhivery Surface,2025-07-05,3,3,559.21,Yes
LOG-7629,ORD-5376,Delhivery Surface,2025-05-26,4,3,568.38,Yes
LOG-7630,ORD-5709,XpressBees,2025-04-13,5,5,259.8,Yes
LOG-7631,ORD-5091,XpressBees,2025-05-09,2,2,610.08,Yes
LOG-7632,ORD-5363,XpressBees,2025-01-20,4,4,303.97,Yes
LOG-7633,ORD-7342,Ecom Express,2025-10-26,6,5,548.11,Yes
LOG-7634,ORD-6157,Shadowfax B2B,2025-11-08,4,3,154.04,Yes
LOG-7635,ORD-5970,Delhivery Surface,2025-06-16,4,6,65.63,Delayed
LOG-7636,ORD-7268,XpressBees,2025-02-14,2,2,611.94,Yes
LOG-7637,ORD-5956,Ecom Express,2025-09-15,4,6,107.37,Delayed
LOG-7638,ORD-5878,XpressBees,2025-11-16,5,5,675.82,Yes
LOG-7639,ORD-6752,XpressBees,2025-08-01,2,2,400.56,Yes
LOG-7640,ORD-6190,Delhivery Surface,2025-03-01,2,2,77.88,Yes
LOG-7641,ORD-5678,XpressBees,2025-02-14,3,6,117.67,Delayed
LOG-7642,ORD-5917,BlueDart Express,2025-02-17,4,7,652.92,Delayed
LOG-7643,ORD-7296,BlueDart Express,2025-03-25,6,9,716.04,Delayed
LOG-7644,ORD-5208,XpressBees,2025-10-07,6,5,459.09,Yes
LOG-7645,ORD-6689,Ecom Express,2025-07-04,3,3,140.74,Yes
LOG-7646,ORD-7345,BlueDart Express,2025-12-13,6,9,84.91,Delayed
LOG-7647,ORD-5632,BlueDart Express,2025-12-10,3,3,281.44,Yes
LOG-7648,ORD-7301,Delhivery Surface,2025-02-18,5,5,221.12,Yes
LOG-7649,ORD-6766,Shadowfax B2B,2025-09-08,2,3,731.92,Yes
LOG-7650,ORD-5284,Shadowfax B2B,2025-02-13,2,2,536.64,Yes
LOG-7651,ORD-7307,BlueDart Express,2025-11-13,2,5,607.3,Delayed
LOG-7652,ORD-6963,Ecom Express,2025-01-19,4,3,137.29,Yes
LOG-7653,ORD-5844,Delhivery Surface,2025-01-12,3,4,717.35,Yes
LOG-7654,ORD-6080,XpressBees,2025-07-08,5,4,721.12,Yes
LOG-7655,ORD-5314,Ecom Express,2025-09-23,5,7,298.01,Delayed
LOG-7656,ORD-7032,Shadowfax B2B,2025-06-27,3,4,548.17,Yes
LOG-7657,ORD-6882,Delhivery Surface,2025-04-26,2,4,581.57,Delayed
LOG-7658,ORD-5856,BlueDart Express,2025-07-21,2,2,516.87,Yes
LOG-7659,ORD-7064,BlueDart Express,2025-02-17,2,3,591.67,Yes
LOG-7660,ORD-6801,BlueDart Express,2025-04-07,6,9,321.59,Delayed
LOG-7661,ORD-5843,BlueDart Express,2025-08-06,5,7,75.67,Delayed
LOG-7662,ORD-6415,XpressBees,2025-11-08,4,6,690.66,Delayed
LOG-7663,ORD-6626,Shadowfax B2B,2025-11-06,3,3,740.9,Yes
LOG-7664,ORD-6016,Delhivery Surface,2025-08-25,2,1,400.28,Yes
LOG-7665,ORD-6304,XpressBees,2025-01-05,2,5,401.88,Delayed
LOG-7666,ORD-5270,Ecom Express,2025-12-02,2,5,350.39,Delayed
LOG-7667,ORD-6023,Delhivery Surface,2025-04-21,4,4,642.62,Yes
LOG-7668,ORD-6664,Ecom Express,2025-10-01,5,6,256.87,Yes
LOG-7669,ORD-7219,XpressBees,2025-10-10,3,6,663.94,Delayed
LOG-7670,ORD-5701,Delhivery Surface,2025-08-28,4,7,565.22,Delayed
LOG-7671,ORD-7367,Shadowfax B2B,2025-04-06,3,6,647.13,Delayed
LOG-7672,ORD-6332,XpressBees,2025-03-14,4,7,712.43,Delayed
LOG-7673,ORD-6124,Ecom Express,2025-06-11,2,2,487.94,Yes
LOG-7674,ORD-5469,XpressBees,2025-08-04,2,2,694.34,Yes
LOG-7675,ORD-7128,Delhivery Surface,2025-05-01,5,7,434.44,Delayed
LOG-7676,ORD-5845,XpressBees,2025-09-08,3,5,665.84,Delayed
LOG-7677,ORD-5789,Delhivery Surface,2025-05-04,6,5,82.45,Yes
LOG-7678,ORD-5965,Shadowfax B2B,2025-05-11,5,6,418.03,Yes
LOG-7679,ORD-6693,Shadowfax B2B,2025-05-21,6,8,569.26,Delayed
LOG-7680,ORD-6089,BlueDart Express,2025-07-21,3,5,589.04,Delayed
LOG-7681,ORD-5534,BlueDart Express,2025-07-24,3,2,375.58,Yes
LOG-7682,ORD-6414,Delhivery Surface,2025-10-22,5,7,335.75,Delayed
LOG-7683,ORD-5500,Ecom Express,2025-07-03,6,7,63.36,Yes
LOG-7684,ORD-5424,BlueDart Express,2025-05-18,4,3,315.21,Yes
LOG-7685,ORD-5731,XpressBees,2025-02-27,4,4,545.1,Yes
LOG-7686,ORD-5281,BlueDart Express,2025-08-01,6,8,141.6,Delayed
LOG-7687,ORD-6258,Shadowfax B2B,2025-01-16,3,5,112.53,Delayed
LOG-7688,ORD-7116,XpressBees,2025-03-27,5,4,600.06,Yes
LOG-7689,ORD-6400,Ecom Express,2025-11-19,4,6,730.23,Delayed
LOG-7690,ORD-6058,Delhivery Surface,2025-07-23,6,6,322.04,Yes
LOG-7691,ORD-6047,Delhivery Surface,2025-09-13,5,4,742.16,Yes
LOG-7692,ORD-5112,Delhivery Surface,2025-05-29,4,5,253.76,Yes
LOG-7693,ORD-6385,XpressBees,2025-07-01,5,7,79.78,Delayed
LOG-7694,ORD-5946,BlueDart Express,2025-02-14,2,5,719.14,Delayed
LOG-7695,ORD-5564,Delhivery Surface,2025-09-12,3,3,728.39,Yes
LOG-7696,ORD-6542,XpressBees,2025-08-30,4,4,536.42,Yes
LOG-7697,ORD-6823,Delhivery Surface,2025-07-19,6,6,429.2,Yes
LOG-7698,ORD-5227,XpressBees,2025-06-16,5,4,736.09,Yes
LOG-7699,ORD-7399,Delhivery Surface,2025-05-13,2,5,455.77,Delayed
LOG-7700,ORD-6665,Ecom Express,2025-01-17,6,5,108.05,Yes
LOG-7701,ORD-6687,Ecom Express,2025-01-10,3,4,623.21,Yes
LOG-7702,ORD-6032,XpressBees,2025-05-20,3,5,620.94,Delayed
LOG-7703,ORD-5139,BlueDart Express,2025-08-04,3,5,700.29,Delayed
LOG-7704,ORD-6355,XpressBees,2025-06-21,2,3,619.8,Yes
LOG-7705,ORD-7433,Ecom Express,2025-05-11,4,7,576.7,Delayed
LOG-7706,ORD-6753,XpressBees,2025-06-18,4,4,636.36,Yes
LOG-7707,ORD-6950,Ecom Express,2025-08-11,3,5,296.53,Delayed
LOG-7708,ORD-7051,BlueDart Express,2025-01-07,2,4,727.12,Delayed
LOG-7709,ORD-5274,Shadowfax B2B,2025-04-15,4,5,378.06,Yes
LOG-7710,ORD-6166,Ecom Express,2025-10-27,3,3,276.0,Yes
LOG-7711,ORD-5482,Shadowfax B2B,2025-04-19,6,6,628.09,Yes
LOG-7712,ORD-6731,Ecom Express,2025-09-21,6,8,555.72,Delayed
LOG-7713,ORD-5190,BlueDart Express,2025-02-16,5,4,380.94,Yes
LOG-7714,ORD-5424,Delhivery Surface,2025-12-16,6,7,499.02,Yes
LOG-7715,ORD-6384,Shadowfax B2B,2025-07-27,2,2,88.26,Yes
LOG-7716,ORD-6109,XpressBees,2025-06-04,6,7,122.0,Yes
LOG-7717,ORD-6182,Delhivery Surface,2025-11-17,3,4,552.41,Yes
LOG-7718,ORD-5614,XpressBees,2025-04-14,3,5,176.6,Delayed
LOG-7719,ORD-7191,Shadowfax B2B,2025-07-03,5,7,455.91,Delayed
LOG-7720,ORD-7273,BlueDart Express,2025-12-04,3,2,693.63,Yes
LOG-7721,ORD-6699,Ecom Express,2025-07-13,4,6,715.9,Delayed
LOG-7722,ORD-6935,BlueDart Express,2025-02-12,4,7,446.65,Delayed
LOG-7723,ORD-5266,XpressBees,2025-08-28,2,5,605.37,Delayed
LOG-7724,ORD-6138,BlueDart Express,2025-01-02,5,8,143.37,Delayed
LOG-7725,ORD-6707,BlueDart Express,2025-02-08,4,6,237.88,Delayed
LOG-7726,ORD-6564,BlueDart Express,2025-02-22,6,9,226.37,Delayed
LOG-7727,ORD-7362,Shadowfax B2B,2025-07-05,4,4,564.7,Yes
LOG-7728,ORD-6237,Shadowfax B2B,2025-04-19,6,9,652.01,Delayed
LOG-7729,ORD-6379,Delhivery Surface,2025-05-04,5,7,729.64,Delayed
LOG-7730,ORD-7292,Shadowfax B2B,2025-08-23,2,1,383.44,Yes
LOG-7731,ORD-7296,BlueDart Express,2025-11-20,3,4,227.15,Yes
LOG-7732,ORD-6370,BlueDart Express,2025-03-22,2,5,631.54,Delayed
LOG-7733,ORD-7256,Delhivery Surface,2025-03-26,5,7,454.51,Delayed
LOG-7734,ORD-7399,BlueDart Express,2025-11-11,5,7,344.23,Delayed
LOG-7735,ORD-5080,Delhivery Surface,2025-10-05,5,6,688.29,Yes
LOG-7736,ORD-5833,XpressBees,2025-04-21,6,7,376.97,Yes
LOG-7737,ORD-6679,Ecom Express,2025-07-26,6,6,732.81,Yes
LOG-7738,ORD-5005,BlueDart Express,2025-04-07,5,4,634.06,Yes
LOG-7739,ORD-7432,BlueDart Express,2025-08-17,2,2,396.32,Yes
LOG-7740,ORD-5249,XpressBees,2025-11-20,6,8,694.14,Delayed
LOG-7741,ORD-6781,XpressBees,2025-04-26,3,2,404.11,Yes
LOG-7742,ORD-5144,XpressBees,2025-09-21,3,4,408.18,Yes
LOG-7743,ORD-7433,Delhivery Surface,2025-12-11,5,7,558.55,Delayed
LOG-7744,ORD-7216,Shadowfax B2B,2025-07-29,3,6,342.79,Delayed
LOG-7745,ORD-5243,Shadowfax B2B,2025-05-27,4,5,332.53,Yes
LOG-7746,ORD-6809,Delhivery Surface,2025-08-07,5,7,308.71,Delayed
LOG-7747,ORD-6132,BlueDart Express,2025-11-03,6,6,406.48,Yes
LOG-7748,ORD-6830,XpressBees,2025-05-19,5,7,458.4,Delayed
LOG-7749,ORD-5015,BlueDart Express,2025-04-10,4,5,587.65,Yes
LOG-7750,ORD-5611,BlueDart Express,2025-04-06,5,5,334.07,Yes
LOG-7751,ORD-5925,BlueDart Express,2025-04-21,3,5,517.68,Delayed
LOG-7752,ORD-6048,Ecom Express,2025-03-29,4,6,213.65,Delayed
LOG-7753,ORD-5042,XpressBees,2025-01-17,5,6,595.14,Yes
LOG-7754,ORD-5161,Shadowfax B2B,2025-04-27,4,3,358.55,Yes
LOG-7755,ORD-6405,Delhivery Surface,2025-11-28,3,4,380.84,Yes
LOG-7756,ORD-6961,Ecom Express,2025-03-04,3,4,548.58,Yes
LOG-7757,ORD-5820,Shadowfax B2B,2025-11-21,6,9,738.58,Delayed
LOG-7758,ORD-5254,Ecom Express,2025-04-18,5,7,474.33,Delayed
LOG-7759,ORD-5856,Delhivery Surface,2025-03-11,5,7,219.08,Delayed
LOG-7760,ORD-6057,Delhivery Surface,2025-03-18,6,7,541.03,Yes
LOG-7761,ORD-5653,XpressBees,2025-04-29,5,5,677.69,Yes
LOG-7762,ORD-5898,Shadowfax B2B,2025-12-12,3,3,292.54,Yes
LOG-7763,ORD-7375,Delhivery Surface,2025-02-22,2,2,618.84,Yes
LOG-7764,ORD-6932,BlueDart Express,2025-01-04,6,9,275.41,Delayed
LOG-7765,ORD-5851,Ecom Express,2025-01-18,3,5,67.69,Delayed
LOG-7766,ORD-5810,Delhivery Surface,2025-04-30,3,2,496.26,Yes
LOG-7767,ORD-7202,XpressBees,2025-04-18,6,7,313.32,Yes
LOG-7768,ORD-5338,Delhivery Surface,2025-07-04,5,8,491.9,Delayed
LOG-7769,ORD-5052,Ecom Express,2025-08-26,3,5,129.71,Delayed
LOG-7770,ORD-7146,Ecom Express,2025-12-13,2,4,715.14,Delayed
LOG-7771,ORD-7341,Shadowfax B2B,2025-10-04,2,4,264.1,Delayed
LOG-7772,ORD-6461,Ecom Express,2025-06-04,3,2,313.68,Yes
LOG-7773,ORD-7210,Delhivery Surface,2025-08-26,6,6,360.2,Yes
LOG-7774,ORD-5124,Ecom Express,2025-04-16,3,5,196.77,Delayed
LOG-7775,ORD-7468,Shadowfax B2B,2025-09-25,6,7,485.55,Yes
LOG-7776,ORD-6078,Delhivery Surface,2025-09-27,6,6,498.6,Yes
LOG-7777,ORD-7344,BlueDart Express,2025-04-24,6,8,483.39,Delayed
LOG-7778,ORD-7488,Shadowfax B2B,2025-12-13,6,6,527.63,Yes
LOG-7779,ORD-5329,Ecom Express,2025-01-12,3,3,125.28,Yes
LOG-7780,ORD-7089,Ecom Express,2025-10-25,5,6,610.53,Yes
LOG-7781,ORD-5331,BlueDart Express,2025-03-07,4,3,333.32,Yes
LOG-7782,ORD-6780,XpressBees,2025-07-27,2,4,505.9,Delayed
LOG-7783,ORD-5915,Ecom Express,2025-09-11,5,7,124.6,Delayed
LOG-7784,ORD-6220,XpressBees,2025-10-23,6,8,230.16,Delayed
LOG-7785,ORD-7292,XpressBees,2025-07-03,6,5,674.5,Yes
LOG-7786,ORD-5004,Delhivery Surface,2025-09-28,4,4,274.19,Yes
LOG-7787,ORD-6924,Shadowfax B2B,2025-03-28,3,2,284.43,Yes
LOG-7788,ORD-7319,Shadowfax B2B,2025-05-04,5,6,202.07,Yes
LOG-7789,ORD-6699,Delhivery Surface,2025-11-02,6,7,484.41,Yes
LOG-7790,ORD-7444,Ecom Express,2025-01-04,3,6,448.39,Delayed
LOG-7791,ORD-6313,Ecom Express,2025-08-01,4,6,597.3,Delayed
LOG-7792,ORD-6508,Delhivery Surface,2025-02-08,5,4,414.35,Yes
LOG-7793,ORD-5890,BlueDart Express,2025-01-28,3,2,70.83,Yes
LOG-7794,ORD-5600,Shadowfax B2B,2025-04-15,5,7,212.8,Delayed
LOG-7795,ORD-5688,Ecom Express,2025-07-19,5,5,556.67,Yes
LOG-7796,ORD-5762,Delhivery Surface,2025-04-15,4,7,371.89,Delayed
LOG-7797,ORD-7312,Delhivery Surface,2025-11-03,2,4,520.6,Delayed
LOG-7798,ORD-5021,BlueDart Express,2025-10-25,2,1,476.21,Yes
LOG-7799,ORD-6239,XpressBees,2025-09-23,5,7,556.8,Delayed
LOG-7800,ORD-5094,Shadowfax B2B,2025-04-17,3,5,273.58,Delayed
LOG-7801,ORD-6833,XpressBees,2025-10-20,3,5,414.73,Delayed
LOG-7802,ORD-6488,Ecom Express,2025-02-16,5,7,608.52,Delayed
LOG-7803,ORD-5096,XpressBees,2025-04-12,5,4,693.74,Yes
LOG-7804,ORD-6199,Ecom Express,2025-11-23,6,5,69.99,Yes
LOG-7805,ORD-6434,Shadowfax B2B,2025-05-07,4,6,360.38,Delayed
LOG-7806,ORD-7354,Ecom Express,2025-05-11,5,5,535.18,Yes
LOG-7807,ORD-5958,XpressBees,2025-08-14,6,5,573.5,Yes
LOG-7808,ORD-6334,Delhivery Surface,2025-09-14,6,5,514.83,Yes
LOG-7809,ORD-6594,Shadowfax B2B,2025-06-26,2,5,192.05,Delayed
LOG-7810,ORD-7222,Ecom Express,2025-08-19,5,4,469.46,Yes
LOG-7811,ORD-7211,XpressBees,2025-05-02,5,6,229.4,Yes
LOG-7812,ORD-6082,Ecom Express,2025-01-23,6,8,410.6,Delayed
LOG-7813,ORD-5878,XpressBees,2025-01-21,5,5,575.37,Yes
LOG-7814,ORD-5237,Delhivery Surface,2025-05-03,2,5,653.8,Delayed
LOG-7815,ORD-7424,Shadowfax B2B,2025-05-24,5,8,717.09,Delayed
LOG-7816,ORD-5678,Ecom Express,2025-04-24,4,4,307.25,Yes
LOG-7817,ORD-7165,Shadowfax B2B,2025-11-01,4,4,747.75,Yes
LOG-7818,ORD-5765,BlueDart Express,2025-07-02,5,4,627.56,Yes
LOG-7819,ORD-7067,Shadowfax B2B,2025-02-02,2,5,436.67,Delayed
LOG-7820,ORD-5859,Ecom Express,2025-06-08,5,8,260.61,Delayed
LOG-7821,ORD-6750,BlueDart Express,2025-06-03,6,5,206.24,Yes
LOG-7822,ORD-6649,Ecom Express,2025-08-14,4,6,356.92,Delayed
LOG-7823,ORD-7388,BlueDart Express,2025-12-03,2,4,115.93,Delayed
LOG-7824,ORD-5727,BlueDart Express,2025-06-23,2,2,561.65,Yes
LOG-7825,ORD-6660,Ecom Express,2025-06-29,6,8,550.01,Delayed
LOG-7826,ORD-5288,XpressBees,2025-11-24,2,1,603.6,Yes
LOG-7827,ORD-6240,BlueDart Express,2025-06-10,6,9,212.91,Delayed
LOG-7828,ORD-5888,Ecom Express,2025-03-09,6,8,553.11,Delayed
LOG-7829,ORD-6643,BlueDart Express,2025-02-21,3,6,276.52,Delayed
LOG-7830,ORD-5002,BlueDart Express,2025-03-27,6,7,601.93,Yes
LOG-7831,ORD-6974,Delhivery Surface,2025-09-23,2,1,744.15,Yes
LOG-7832,ORD-5128,BlueDart Express,2025-04-05,4,5,650.74,Yes
LOG-7833,ORD-5388,XpressBees,2025-02-17,4,7,97.81,Delayed
LOG-7834,ORD-5372,XpressBees,2025-06-01,6,9,591.8,Delayed
LOG-7835,ORD-5475,Delhivery Surface,2025-07-25,4,3,665.19,Yes
LOG-7836,ORD-6377,BlueDart Express,2025-10-22,2,5,213.6,Delayed
LOG-7837,ORD-7361,Shadowfax B2B,2025-09-30,5,4,406.15,Yes
LOG-7838,ORD-7018,BlueDart Express,2025-09-05,2,5,67.91,Delayed
LOG-7839,ORD-6275,XpressBees,2025-03-17,6,6,547.92,Yes
LOG-7840,ORD-7288,Ecom Express,2025-01-09,5,4,474.11,Yes
LOG-7841,ORD-5343,Delhivery Surface,2025-10-30,3,3,620.82,Yes
LOG-7842,ORD-5305,Delhivery Surface,2025-05-24,6,7,172.6,Yes
LOG-7843,ORD-5553,BlueDart Express,2025-10-16,4,3,519.35,Yes
LOG-7844,ORD-5874,Shadowfax B2B,2025-12-13,2,4,402.26,Delayed
LOG-7845,ORD-7139,XpressBees,2025-06-28,5,5,554.28,Yes
LOG-7846,ORD-6045,XpressBees,2025-01-04,5,7,133.29,Delayed
LOG-7847,ORD-5743,Shadowfax B2B,2025-03-09,2,2,692.63,Yes
LOG-7848,ORD-6591,XpressBees,2025-07-09,2,4,279.42,Delayed
LOG-7849,ORD-5383,Delhivery Surface,2025-02-26,2,5,357.82,Delayed
LOG-7850,ORD-5260,XpressBees,2025-02-11,2,2,655.8,Yes
LOG-7851,ORD-5943,XpressBees,2025-11-08,3,3,100.91,Yes
LOG-7852,ORD-6330,Ecom Express,2025-10-26,6,8,460.76,Delayed
LOG-7853,ORD-5556,BlueDart Express,2025-08-08,3,3,139.37,Yes
LOG-7854,ORD-6166,Ecom Express,2025-11-04,5,8,514.09,Delayed
LOG-7855,ORD-7069,XpressBees,2025-02-23,2,5,545.69,Delayed
LOG-7856,ORD-5442,XpressBees,2025-07-27,6,5,727.15,Yes
LOG-7857,ORD-6472,BlueDart Express,2025-06-26,3,2,104.92,Yes
LOG-7858,ORD-5201,Delhivery Surface,2025-08-05,2,5,144.49,Delayed
LOG-7859,ORD-6123,BlueDart Express,2025-10-13,2,3,236.03,Yes
LOG-7860,ORD-6668,BlueDart Express,2025-10-05,2,5,404.7,Delayed
LOG-7861,ORD-5419,Ecom Express,2025-01-20,6,6,248.49,Yes
LOG-7862,ORD-7310,Ecom Express,2025-05-15,4,7,663.94,Delayed
LOG-7863,ORD-5123,Shadowfax B2B,2025-01-06,6,7,631.76,Yes
LOG-7864,ORD-7055,BlueDart Express,2025-07-31,3,5,240.97,Delayed
LOG-7865,ORD-6632,Shadowfax B2B,2025-11-01,6,6,532.14,Yes
LOG-7866,ORD-7238,Ecom Express,2025-10-20,2,4,237.95,Delayed
LOG-7867,ORD-7492,Ecom Express,2025-02-10,4,4,518.96,Yes
LOG-7868,ORD-5066,Ecom Express,2025-11-14,4,6,701.64,Delayed
LOG-7869,ORD-6815,Shadowfax B2B,2025-04-02,4,4,525.39,Yes
LOG-7870,ORD-7186,Ecom Express,2025-08-21,5,7,477.33,Delayed
LOG-7871,ORD-7460,Ecom Express,2025-04-10,2,1,329.61,Yes
LOG-7872,ORD-6171,Shadowfax B2B,2025-03-13,6,8,145.19,Delayed
LOG-7873,ORD-6203,Shadowfax B2B,2025-09-23,4,7,685.58,Delayed
LOG-7874,ORD-5552,Shadowfax B2B,2025-03-08,6,8,720.55,Delayed
LOG-7875,ORD-5348,BlueDart Express,2025-07-19,5,5,590.42,Yes
LOG-7876,ORD-7213,Shadowfax B2B,2025-08-11,2,2,272.82,Yes
LOG-7877,ORD-7139,Delhivery Surface,2025-05-19,5,8,470.2,Delayed
LOG-7878,ORD-6692,Shadowfax B2B,2025-11-30,2,1,333.13,Yes
LOG-7879,ORD-6551,Delhivery Surface,2025-09-12,5,6,90.92,Yes
LOG-7880,ORD-5258,Ecom Express,2025-09-12,3,3,119.85,Yes
LOG-7881,ORD-5605,Ecom Express,2025-03-17,4,4,723.11,Yes
LOG-7882,ORD-6394,Delhivery Surface,2025-06-24,5,4,60.47,Yes
LOG-7883,ORD-6315,XpressBees,2025-11-14,4,7,329.43,Delayed
LOG-7884,ORD-5257,Shadowfax B2B,2025-04-03,2,3,719.5,Yes
LOG-7885,ORD-5232,Ecom Express,2025-03-18,2,3,686.65,Yes
LOG-7886,ORD-5933,Ecom Express,2025-04-12,2,2,556.1,Yes
LOG-7887,ORD-7110,Ecom Express,2025-07-10,5,4,287.28,Yes
LOG-7888,ORD-5942,Ecom Express,2025-12-06,3,3,163.1,Yes
LOG-7889,ORD-5507,BlueDart Express,2025-11-06,2,2,695.74,Yes
LOG-7890,ORD-7371,Ecom Express,2025-05-13,3,2,607.05,Yes
LOG-7891,ORD-6136,BlueDart Express,2025-05-24,2,5,699.1,Delayed
LOG-7892,ORD-6989,XpressBees,2025-04-24,4,4,529.83,Yes
LOG-7893,ORD-6908,Shadowfax B2B,2025-10-30,6,6,535.53,Yes
LOG-7894,ORD-6245,BlueDart Express,2025-03-18,2,1,354.69,Yes
LOG-7895,ORD-7175,Delhivery Surface,2025-04-27,2,2,399.54,Yes
LOG-7896,ORD-7318,XpressBees,2025-02-11,6,5,510.67,Yes
LOG-7897,ORD-5175,XpressBees,2025-07-16,3,4,172.21,Yes
LOG-7898,ORD-6673,Ecom Express,2025-08-26,6,9,580.83,Delayed
LOG-7899,ORD-6783,Delhivery Surface,2025-12-14,4,5,407.72,Yes
LOG-7900,ORD-6850,Ecom Express,2025-06-27,3,5,207.11,Delayed
LOG-7901,ORD-6231,XpressBees,2025-09-25,6,6,194.84,Yes
LOG-7902,ORD-7024,Delhivery Surface,2025-06-11,4,5,576.02,Yes
LOG-7903,ORD-5526,Ecom Express,2025-04-14,4,3,106.65,Yes
LOG-7904,ORD-6909,XpressBees,2025-12-14,6,6,441.94,Yes
LOG-7905,ORD-6357,BlueDart Express,2025-05-08,4,5,312.21,Yes
LOG-7906,ORD-7270,XpressBees,2025-04-06,6,8,169.6,Delayed
LOG-7907,ORD-6074,Shadowfax B2B,2025-07-23,5,7,321.99,Delayed
LOG-7908,ORD-6552,BlueDart Express,2025-09-30,3,6,436.73,Delayed
LOG-7909,ORD-7029,Ecom Express,2025-06-14,6,8,114.53,Delayed
LOG-7910,ORD-5530,BlueDart Express,2025-11-17,5,6,203.25,Yes
LOG-7911,ORD-5882,Shadowfax B2B,2025-10-12,4,7,190.81,Delayed
LOG-7912,ORD-6522,Delhivery Surface,2025-07-22,3,2,513.1,Yes
LOG-7913,ORD-5142,Shadowfax B2B,2025-06-01,2,3,605.34,Yes
LOG-7914,ORD-6079,Delhivery Surface,2025-01-02,2,1,615.64,Yes
LOG-7915,ORD-5335,Ecom Express,2025-05-27,4,4,467.71,Yes
LOG-7916,ORD-7448,Shadowfax B2B,2025-06-06,4,6,275.2,Delayed
LOG-7917,ORD-5839,Delhivery Surface,2025-02-05,6,9,646.64,Delayed
LOG-7918,ORD-5397,BlueDart Express,2025-12-16,4,4,216.69,Yes
LOG-7919,ORD-5996,Ecom Express,2025-10-25,5,5,489.33,Yes
LOG-7920,ORD-6915,BlueDart Express,2025-02-17,2,1,574.96,Yes
LOG-7921,ORD-6240,Delhivery Surface,2025-05-31,4,7,473.76,Delayed
LOG-7922,ORD-6493,XpressBees,2025-07-02,6,8,492.56,Delayed
LOG-7923,ORD-7174,XpressBees,2025-09-17,2,4,413.1,Delayed
LOG-7924,ORD-5220,Delhivery Surface,2025-03-01,4,7,467.63,Delayed
LOG-7925,ORD-7045,XpressBees,2025-05-11,3,5,361.6,Delayed
LOG-7926,ORD-5900,XpressBees,2025-03-07,5,6,462.53,Yes
LOG-7927,ORD-5185,Delhivery Surface,2025-04-20,2,2,175.49,Yes
LOG-7928,ORD-5939,XpressBees,2025-06-14,4,7,88.26,Delayed
LOG-7929,ORD-6799,BlueDart Express,2025-05-29,5,5,533.18,Yes
LOG-7930,ORD-6279,XpressBees,2025-04-22,5,8,379.69,Delayed
LOG-7931,ORD-6884,Shadowfax B2B,2025-09-12,4,3,376.74,Yes
LOG-7932,ORD-5906,Shadowfax B2B,2025-07-17,5,6,337.53,Yes
LOG-7933,ORD-5016,Shadowfax B2B,2025-07-13,3,3,649.82,Yes
LOG-7934,ORD-7252,Delhivery Surface,2025-03-03,3,6,147.67,Delayed
LOG-7935,ORD-7380,Delhivery Surface,2025-09-15,5,8,173.87,Delayed
LOG-7936,ORD-7276,Ecom Express,2025-08-14,3,5,240.39,Delayed
LOG-7937,ORD-5883,XpressBees,2025-04-16,3,2,685.35,Yes
LOG-7938,ORD-6476,XpressBees,2025-08-09,6,6,516.96,Yes
LOG-7939,ORD-5151,Shadowfax B2B,2025-07-25,5,4,672.34,Yes
LOG-7940,ORD-7225,Ecom Express,2025-04-29,2,2,199.65,Yes
LOG-7941,ORD-6084,Delhivery Surface,2025-06-24,6,7,459.01,Yes
LOG-7942,ORD-7304,BlueDart Express,2025-02-27,6,7,737.2,Yes
LOG-7943,ORD-6774,Ecom Express,2025-02-20,3,4,185.11,Yes
LOG-7944,ORD-5120,Shadowfax B2B,2025-05-01,5,8,530.72,Delayed
LOG-7945,ORD-6941,BlueDart Express,2025-06-07,6,6,604.61,Yes
LOG-7946,ORD-6034,XpressBees,2025-02-18,2,4,561.36,Delayed
LOG-7947,ORD-7374,Ecom Express,2025-07-05,6,7,455.17,Yes
LOG-7948,ORD-6057,Delhivery Surface,2025-02-07,6,6,404.75,Yes
LOG-7949,ORD-5809,BlueDart Express,2025-04-17,5,5,687.62,Yes
LOG-7950,ORD-6614,Ecom Express,2025-10-23,5,5,397.31,Yes
LOG-7951,ORD-6890,Shadowfax B2B,2025-09-24,5,7,396.8,Delayed
LOG-7952,ORD-7327,Delhivery Surface,2025-07-04,6,8,109.61,Delayed
LOG-7953,ORD-6265,BlueDart Express,2025-09-06,4,7,110.35,Delayed
LOG-7954,ORD-6418,Delhivery Surface,2025-10-12,2,5,510.13,Delayed
LOG-7955,ORD-6220,Delhivery Surface,2025-08-10,5,5,192.47,Yes
LOG-7956,ORD-7490,XpressBees,2025-01-07,5,7,139.34,Delayed
LOG-7957,ORD-5113,BlueDart Express,2025-02-18,2,1,214.52,Yes
LOG-7958,ORD-5436,Ecom Express,2025-06-07,6,5,272.39,Yes
LOG-7959,ORD-5752,Delhivery Surface,2025-07-31,4,6,486.75,Delayed
LOG-7960,ORD-5306,Ecom Express,2025-10-27,6,5,120.05,Yes
LOG-7961,ORD-7149,Shadowfax B2B,2025-02-19,5,6,629.61,Yes
LOG-7962,ORD-7481,BlueDart Express,2025-06-09,6,9,719.45,Delayed
LOG-7963,ORD-6404,Shadowfax B2B,2025-04-25,6,5,323.18,Yes
LOG-7964,ORD-7345,Shadowfax B2B,2025-08-25,3,5,371.94,Delayed
LOG-7965,ORD-5150,XpressBees,2025-12-12,5,4,91.09,Yes
LOG-7966,ORD-5743,Delhivery Surface,2025-08-23,3,5,270.83,Delayed
LOG-7967,ORD-5711,BlueDart Express,2025-07-06,6,8,451.65,Delayed
LOG-7968,ORD-6798,Delhivery Surface,2025-05-17,4,7,739.08,Delayed
LOG-7969,ORD-5425,Ecom Express,2025-07-05,5,8,194.87,Delayed
LOG-7970,ORD-7003,Shadowfax B2B,2025-01-04,2,1,530.09,Yes
LOG-7971,ORD-6263,XpressBees,2025-02-19,5,7,201.87,Delayed
LOG-7972,ORD-5750,Shadowfax B2B,2025-01-03,6,8,410.5,Delayed
LOG-7973,ORD-6665,XpressBees,2025-10-10,6,9,349.87,Delayed
LOG-7974,ORD-5258,BlueDart Express,2025-09-26,4,7,387.26,Delayed
LOG-7975,ORD-6421,XpressBees,2025-07-13,5,8,262.41,Delayed
LOG-7976,ORD-5871,Delhivery Surface,2025-07-30,4,5,669.76,Yes
LOG-7977,ORD-5210,Delhivery Surface,2025-07-15,3,3,398.1,Yes
LOG-7978,ORD-7019,Shadowfax B2B,2025-06-29,6,8,617.85,Delayed
LOG-7979,ORD-6081,Ecom Express,2025-09-23,5,7,325.66,Delayed
LOG-7980,ORD-6063,XpressBees,2025-11-21,4,6,573.76,Delayed
LOG-7981,ORD-6429,Ecom Express,2025-11-18,3,4,649.03,Yes
LOG-7982,ORD-6036,Ecom Express,2025-11-28,2,2,234.7,Yes
LOG-7983,ORD-6494,Delhivery Surface,2025-08-15,5,5,474.36,Yes
LOG-7984,ORD-5023,XpressBees,2025-05-20,6,9,334.87,Delayed
LOG-7985,ORD-5930,XpressBees,2025-05-13,4,3,223.55,Yes
LOG-7986,ORD-6432,Ecom Express,2025-10-11,2,4,422.23,Delayed
LOG-7987,ORD-6535,Delhivery Surface,2025-09-30,3,3,563.28,Yes
LOG-7988,ORD-6524,Shadowfax B2B,2025-10-25,3,3,557.91,Yes
LOG-7989,ORD-5496,Delhivery Surface,2025-07-28,6,8,269.03,Delayed
LOG-7990,ORD-7150,BlueDart Express,2025-05-22,2,4,212.77,Delayed
LOG-7991,ORD-5857,BlueDart Express,2025-05-21,2,3,60.9,Yes
LOG-7992,ORD-6583,Delhivery Surface,2025-04-01,4,3,276.82,Yes
LOG-7993,ORD-5188,Delhivery Surface,2025-07-28,4,7,219.02,Delayed
LOG-7994,ORD-7184,Shadowfax B2B,2025-11-20,6,8,202.12,Delayed
LOG-7995,ORD-6194,Shadowfax B2B,2025-08-28,4,6,243.87,Delayed
LOG-7996,ORD-6615,Shadowfax B2B,2025-01-20,3,3,647.03,Yes
LOG-7997,ORD-5560,Shadowfax B2B,2025-04-11,6,9,387.43,Delayed
LOG-7998,ORD-5457,Ecom Express,2025-11-01,3,2,549.01,Yes
LOG-7999,ORD-7358,Ecom Express,2025-02-05,2,1,74.59,Yes
LOG-8000,ORD-7004,Shadowfax B2B,2025-01-23,5,8,136.02,Delayed
LOG-8001,ORD-7443,Ecom Express,2025-02-28,5,6,733.96,Yes
LOG-8002,ORD-6075,XpressBees,2025-08-25,5,8,497.35,Delayed
LOG-8003,ORD-5829,XpressBees,2025-04-11,3,2,354.71,Yes
LOG-8004,ORD-6080,Ecom Express,2025-04-21,4,6,654.93,Delayed
LOG-8005,ORD-6521,Ecom Express,2025-08-31,6,9,205.16,Delayed
LOG-8006,ORD-6399,BlueDart Express,2025-06-26,3,5,81.88,Delayed
LOG-8007,ORD-6915,BlueDart Express,2025-07-26,6,8,290.54,Delayed
LOG-8008,ORD-6927,BlueDart Express,2025-09-04,2,5,529.34,Delayed
LOG-8009,ORD-5491,Delhivery Surface,2025-11-04,3,3,669.3,Yes
LOG-8010,ORD-6635,BlueDart Express,2025-04-22,6,5,147.89,Yes
LOG-8011,ORD-7016,Shadowfax B2B,2025-05-10,4,7,504.78,Delayed
LOG-8012,ORD-7134,Ecom Express,2025-12-11,2,2,687.37,Yes
LOG-8013,ORD-6018,Shadowfax B2B,2025-07-30,6,8,66.2,Delayed
LOG-8014,ORD-7069,BlueDart Express,2025-09-08,6,5,583.36,Yes
LOG-8015,ORD-6657,Ecom Express,2025-03-02,2,4,244.46,Delayed
LOG-8016,ORD-7032,BlueDart Express,2025-08-21,6,6,585.33,Yes
LOG-8017,ORD-6235,Shadowfax B2B,2025-09-29,4,7,728.6,Delayed
LOG-8018,ORD-5044,Delhivery Surface,2025-05-11,6,7,379.08,Yes
LOG-8019,ORD-6773,Ecom Express,2025-12-04,4,3,658.9,Yes
LOG-8020,ORD-6075,XpressBees,2025-03-08,5,5,414.71,Yes
LOG-8021,ORD-5041,Delhivery Surface,2025-03-02,5,8,659.7,Delayed
LOG-8022,ORD-7073,Delhivery Surface,2025-12-06,5,6,229.54,Yes
LOG-8023,ORD-5339,Shadowfax B2B,2025-09-10,6,7,574.82,Yes
LOG-8024,ORD-7059,Ecom Express,2025-05-14,4,3,440.07,Yes
LOG-8025,ORD-7346,Ecom Express,2025-10-28,3,2,197.93,Yes
LOG-8026,ORD-5763,BlueDart Express,2025-08-25,4,6,63.5,Delayed
LOG-8027,ORD-6402,Delhivery Surface,2025-08-05,6,9,599.05,Delayed
LOG-8028,ORD-5509,Ecom Express,2025-03-23,3,2,680.26,Yes
LOG-8029,ORD-7487,XpressBees,2025-12-04,6,8,322.96,Delayed
LOG-8030,ORD-5897,BlueDart Express,2025-11-04,3,3,307.17,Yes
LOG-8031,ORD-6637,Ecom Express,2025-05-16,2,2,80.25,Yes
LOG-8032,ORD-7447,XpressBees,2025-03-02,4,5,615.52,Yes
LOG-8033,ORD-5247,Delhivery Surface,2025-12-16,5,5,697.83,Yes
LOG-8034,ORD-5106,BlueDart Express,2025-03-16,6,7,208.35,Yes
LOG-8035,ORD-7288,Ecom Express,2025-01-03,2,3,148.34,Yes
LOG-8036,ORD-5322,XpressBees,2025-03-13,2,4,703.96,Delayed
LOG-8037,ORD-5518,BlueDart Express,2025-06-04,6,5,599.42,Yes
LOG-8038,ORD-5134,XpressBees,2025-05-02,2,3,265.15,Yes
LOG-8039,ORD-6180,Shadowfax B2B,2025-04-22,6,7,365.99,Yes
LOG-8040,ORD-6989,XpressBees,2025-08-17,3,6,619.83,Delayed
LOG-8041,ORD-5616,Ecom Express,2025-06-18,4,4,423.12,Yes
LOG-8042,ORD-5430,Ecom Express,2025-02-13,6,6,395.35,Yes
LOG-8043,ORD-5770,XpressBees,2025-03-12,5,6,647.85,Yes
LOG-8044,ORD-7404,Ecom Express,2025-02-20,6,7,187.42,Yes
LOG-8045,ORD-6485,Ecom Express,2025-11-28,5,7,594.06,Delayed
LOG-8046,ORD-7155,BlueDart Express,2025-06-22,4,7,88.3,Delayed
LOG-8047,ORD-5220,XpressBees,2025-03-05,6,8,562.27,Delayed
LOG-8048,ORD-6345,Ecom Express,2025-05-15,6,8,327.5,Delayed
LOG-8049,ORD-6387,BlueDart Express,2025-05-31,6,9,254.39,Delayed
LOG-8050,ORD-5472,Ecom Express,2025-01-16,6,9,154.0,Delayed
LOG-8051,ORD-6046,Ecom Express,2025-07-28,4,3,223.76,Yes
LOG-8052,ORD-6362,BlueDart Express,2025-08-16,5,8,701.89,Delayed
LOG-8053,ORD-6420,Ecom Express,2025-11-04,3,4,654.05,Yes
LOG-8054,ORD-7083,XpressBees,2025-02-09,2,5,582.08,Delayed
LOG-8055,ORD-5550,Delhivery Surface,2025-08-17,5,6,267.02,Yes
LOG-8056,ORD-6852,Shadowfax B2B,2025-09-10,4,5,456.35,Yes
LOG-8057,ORD-5737,Ecom Express,2025-05-26,2,2,209.61,Yes
LOG-8058,ORD-6833,Delhivery Surface,2025-05-28,6,6,392.94,Yes
LOG-8059,ORD-6925,XpressBees,2025-01-20,2,4,102.87,Delayed
LOG-8060,ORD-6168,Ecom Express,2025-07-06,6,7,437.72,Yes
LOG-8061,ORD-6272,XpressBees,2025-08-02,5,6,696.2,Yes
LOG-8062,ORD-5433,Shadowfax B2B,2025-08-07,3,3,527.64,Yes
LOG-8063,ORD-6397,Shadowfax B2B,2025-12-04,5,4,166.29,Yes
LOG-8064,ORD-6492,XpressBees,2025-04-24,4,3,701.79,Yes
LOG-8065,ORD-6845,Shadowfax B2B,2025-08-17,4,7,566.62,Delayed
LOG-8066,ORD-5086,Shadowfax B2B,2025-06-04,2,2,688.77,Yes
LOG-8067,ORD-5627,Shadowfax B2B,2025-03-17,5,7,308.71,Delayed
LOG-8068,ORD-5258,Ecom Express,2025-07-08,2,2,250.65,Yes
LOG-8069,ORD-7034,BlueDart Express,2025-01-29,4,5,722.66,Yes
LOG-8070,ORD-6378,XpressBees,2025-05-04,4,5,305.4,Yes
LOG-8071,ORD-6378,Ecom Express,2025-08-11,3,2,352.53,Yes
LOG-8072,ORD-7287,Delhivery Surface,2025-04-15,4,6,542.56,Delayed
LOG-8073,ORD-6699,Shadowfax B2B,2025-09-18,2,5,626.06,Delayed
LOG-8074,ORD-6459,BlueDart Express,2025-06-04,6,5,80.68,Yes
LOG-8075,ORD-6710,BlueDart Express,2025-05-31,3,2,386.82,Yes
LOG-8076,ORD-6518,Ecom Express,2025-12-15,5,8,281.53,Delayed
LOG-8077,ORD-5650,BlueDart Express,2025-11-17,6,8,462.32,Delayed
LOG-8078,ORD-5914,Shadowfax B2B,2025-10-12,5,4,597.12,Yes
LOG-8079,ORD-5994,BlueDart Express,2025-12-09,5,4,421.22,Yes
LOG-8080,ORD-7121,XpressBees,2025-10-07,4,3,735.87,Yes
LOG-8081,ORD-5137,Ecom Express,2025-07-10,6,6,472.08,Yes
LOG-8082,ORD-5381,BlueDart Express,2025-07-09,3,3,90.16,Yes
LOG-8083,ORD-6663,Ecom Express,2025-01-25,2,5,548.63,Delayed
LOG-8084,ORD-5973,Delhivery Surface,2025-10-20,5,5,404.84,Yes
LOG-8085,ORD-5175,Delhivery Surface,2025-01-02,3,6,446.76,Delayed
LOG-8086,ORD-6834,XpressBees,2025-03-28,2,5,427.28,Delayed
LOG-8087,ORD-5866,XpressBees,2025-06-02,4,6,418.62,Delayed
LOG-8088,ORD-6689,Shadowfax B2B,2025-08-10,5,5,575.93,Yes
LOG-8089,ORD-6119,Delhivery Surface,2025-01-05,6,6,266.29,Yes
LOG-8090,ORD-5380,Delhivery Surface,2025-05-31,3,5,360.13,Delayed
LOG-8091,ORD-6970,Ecom Express,2025-03-18,5,6,249.62,Yes
LOG-8092,ORD-5123,Ecom Express,2025-08-26,6,6,588.88,Yes
LOG-8093,ORD-5682,Shadowfax B2B,2025-11-03,5,7,225.34,Delayed
LOG-8094,ORD-7433,Ecom Express,2025-09-23,2,5,387.32,Delayed
LOG-8095,ORD-6239,Ecom Express,2025-11-09,6,6,274.66,Yes
LOG-8096,ORD-7157,Shadowfax B2B,2025-12-06,2,3,703.26,Yes
LOG-8097,ORD-6054,Shadowfax B2B,2025-11-09,3,6,485.46,Delayed
LOG-8098,ORD-6372,Delhivery Surface,2025-02-17,4,5,617.58,Yes
LOG-8099,ORD-6653,Ecom Express,2025-12-01,3,3,484.38,Yes
LOG-8100,ORD-5042,Delhivery Surface,2025-11-17,5,8,583.71,Delayed
LOG-8101,ORD-7276,XpressBees,2025-07-12,4,7,328.13,Delayed
LOG-8102,ORD-6714,XpressBees,2025-02-02,2,5,185.62,Delayed
LOG-8103,ORD-5570,XpressBees,2025-03-16,3,3,243.74,Yes
LOG-8104,ORD-7295,Shadowfax B2B,2025-03-12,3,2,216.32,Yes
LOG-8105,ORD-5852,Delhivery Surface,2025-09-06,6,7,96.73,Yes
LOG-8106,ORD-6585,BlueDart Express,2025-04-15,6,8,399.44,Delayed
LOG-8107,ORD-6233,XpressBees,2025-06-17,5,8,228.78,Delayed
LOG-8108,ORD-6088,Ecom Express,2025-06-17,6,8,533.68,Delayed
LOG-8109,ORD-6334,Shadowfax B2B,2025-12-06,5,6,629.72,Yes
LOG-8110,ORD-6886,XpressBees,2025-07-17,6,5,97.34,Yes
LOG-8111,ORD-6445,Ecom Express,2025-02-04,3,5,499.67,Delayed
LOG-8112,ORD-6962,Shadowfax B2B,2025-05-14,4,7,242.14,Delayed
LOG-8113,ORD-6697,Delhivery Surface,2025-03-26,5,4,313.68,Yes
LOG-8114,ORD-5440,Ecom Express,2025-08-11,4,4,669.14,Yes
LOG-8115,ORD-6038,Delhivery Surface,2025-01-22,2,3,164.14,Yes
LOG-8116,ORD-7090,Shadowfax B2B,2025-08-15,4,6,553.6,Delayed
LOG-8117,ORD-6511,Delhivery Surface,2025-01-26,3,4,117.15,Yes
LOG-8118,ORD-7353,BlueDart Express,2025-10-20,6,7,522.76,Yes
LOG-8119,ORD-5089,Ecom Express,2025-07-29,4,3,222.45,Yes
LOG-8120,ORD-6297,XpressBees,2025-06-13,2,5,120.44,Delayed
LOG-8121,ORD-6078,Delhivery Surface,2025-04-06,3,6,405.49,Delayed
LOG-8122,ORD-6949,Shadowfax B2B,2025-07-30,3,3,649.4,Yes
LOG-8123,ORD-7421,BlueDart Express,2025-05-23,3,3,201.07,Yes
LOG-8124,ORD-5393,BlueDart Express,2025-07-25,2,5,484.77,Delayed
LOG-8125,ORD-5318,Shadowfax B2B,2025-01-23,2,3,164.26,Yes
LOG-8126,ORD-7471,BlueDart Express,2025-09-28,4,5,376.8,Yes
LOG-8127,ORD-6211,XpressBees,2025-07-28,4,7,473.03,Delayed
LOG-8128,ORD-6368,Delhivery Surface,2025-08-31,2,2,302.43,Yes
LOG-8129,ORD-6759,BlueDart Express,2025-02-27,4,4,278.41,Yes
LOG-8130,ORD-7064,Delhivery Surface,2025-01-23,4,3,492.98,Yes
LOG-8131,ORD-6963,Ecom Express,2025-03-05,3,2,355.39,Yes
LOG-8132,ORD-5045,XpressBees,2025-03-20,3,2,337.0,Yes
LOG-8133,ORD-7408,Shadowfax B2B,2025-05-28,4,4,627.94,Yes
LOG-8134,ORD-5452,Ecom Express,2025-08-17,3,3,90.17,Yes
LOG-8135,ORD-6007,BlueDart Express,2025-11-09,3,5,254.58,Delayed
LOG-8136,ORD-5357,Delhivery Surface,2025-07-31,5,7,302.46,Delayed
LOG-8137,ORD-5178,Delhivery Surface,2025-04-24,3,5,119.65,Delayed
LOG-8138,ORD-6696,Ecom Express,2025-06-23,6,5,348.78,Yes
LOG-8139,ORD-5597,Ecom Express,2025-08-21,4,5,293.48,Yes
LOG-8140,ORD-6725,Shadowfax B2B,2025-03-13,2,2,339.58,Yes
LOG-8141,ORD-6938,BlueDart Express,2025-03-15,5,6,137.79,Yes
LOG-8142,ORD-5032,Ecom Express,2025-12-17,5,8,396.33,Delayed
LOG-8143,ORD-6746,XpressBees,2025-01-02,4,6,720.28,Delayed
LOG-8144,ORD-5291,Delhivery Surface,2025-02-12,6,5,646.08,Yes
LOG-8145,ORD-6859,XpressBees,2025-04-14,3,3,311.83,Yes
LOG-8146,ORD-5769,XpressBees,2025-04-28,3,2,494.45,Yes
LOG-8147,ORD-6518,Ecom Express,2025-09-29,4,7,543.6,Delayed
LOG-8148,ORD-5336,Shadowfax B2B,2025-06-19,5,4,678.51,Yes
LOG-8149,ORD-7383,Ecom Express,2025-04-07,3,2,547.32,Yes
LOG-8150,ORD-5931,BlueDart Express,2025-03-17,4,4,333.2,Yes
LOG-8151,ORD-6086,Shadowfax B2B,2025-09-28,4,5,570.06,Yes
LOG-8152,ORD-7350,BlueDart Express,2025-03-15,2,3,107.49,Yes
LOG-8153,ORD-5266,Ecom Express,2025-06-06,6,9,82.62,Delayed
LOG-8154,ORD-6295,BlueDart Express,2025-01-26,6,6,191.35,Yes
LOG-8155,ORD-6603,Ecom Express,2025-05-07,3,5,200.13,Delayed
LOG-8156,ORD-5976,BlueDart Express,2025-06-11,5,6,542.93,Yes
LOG-8157,ORD-5793,Shadowfax B2B,2025-01-28,2,5,625.55,Delayed
LOG-8158,ORD-6155,BlueDart Express,2025-07-27,4,4,371.08,Yes
LOG-8159,ORD-6839,BlueDart Express,2025-11-24,3,2,602.54,Yes
LOG-8160,ORD-5044,Ecom Express,2025-08-14,2,1,625.05,Yes
LOG-8161,ORD-6397,XpressBees,2025-03-28,6,6,655.2,Yes
LOG-8162,ORD-7316,Shadowfax B2B,2025-02-17,5,8,318.14,Delayed
LOG-8163,ORD-7168,BlueDart Express,2025-08-21,5,8,366.67,Delayed
LOG-8164,ORD-5151,Ecom Express,2025-11-06,2,4,716.77,Delayed
LOG-8165,ORD-5970,XpressBees,2025-05-03,2,1,736.91,Yes
LOG-8166,ORD-6422,Ecom Express,2025-10-29,2,4,478.54,Delayed
LOG-8167,ORD-7246,Delhivery Surface,2025-05-07,2,4,466.31,Delayed
LOG-8168,ORD-6540,Ecom Express,2025-11-26,5,4,418.2,Yes
LOG-8169,ORD-6056,Ecom Express,2025-01-23,5,6,545.9,Yes
LOG-8170,ORD-6213,Ecom Express,2025-03-18,4,7,199.82,Delayed
LOG-8171,ORD-6510,Shadowfax B2B,2025-01-11,5,7,656.85,Delayed
LOG-8172,ORD-5028,XpressBees,2025-05-14,5,5,659.85,Yes
LOG-8173,ORD-6921,XpressBees,2025-11-28,4,6,161.57,Delayed
LOG-8174,ORD-5747,Shadowfax B2B,2025-02-26,6,6,343.36,Yes
LOG-8175,ORD-5528,Shadowfax B2B,2025-02-03,2,5,360.92,Delayed
LOG-8176,ORD-5082,BlueDart Express,2025-01-14,6,6,360.84,Yes
LOG-8177,ORD-5014,XpressBees,2025-11-29,2,5,252.05,Delayed
LOG-8178,ORD-7342,BlueDart Express,2025-10-12,2,4,93.78,Delayed
LOG-8179,ORD-5805,Delhivery Surface,2025-09-13,5,5,423.89,Yes
LOG-8180,ORD-6412,XpressBees,2025-08-25,5,7,647.28,Delayed
LOG-8181,ORD-5204,BlueDart Express,2025-05-23,6,8,152.55,Delayed
LOG-8182,ORD-6580,XpressBees,2025-03-08,2,1,448.59,Yes
LOG-8183,ORD-6749,XpressBees,2025-07-25,4,6,79.44,Delayed
LOG-8184,ORD-7011,Shadowfax B2B,2025-04-14,4,7,309.79,Delayed
LOG-8185,ORD-7306,BlueDart Express,2025-10-31,3,3,85.47,Yes
LOG-8186,ORD-5493,Delhivery Surface,2025-07-08,5,5,650.28,Yes
LOG-8187,ORD-7331,Shadowfax B2B,2025-05-25,6,9,180.55,Delayed
LOG-8188,ORD-5184,BlueDart Express,2025-09-11,4,3,352.85,Yes
LOG-8189,ORD-6089,XpressBees,2025-08-02,5,5,310.54,Yes
LOG-8190,ORD-5495,XpressBees,2025-03-08,2,4,561.59,Delayed
LOG-8191,ORD-6074,XpressBees,2025-08-19,4,6,371.28,Delayed
LOG-8192,ORD-5978,Ecom Express,2025-11-11,6,7,511.68,Yes
LOG-8193,ORD-6258,Delhivery Surface,2025-10-02,3,4,326.77,Yes
LOG-8194,ORD-7371,XpressBees,2025-08-29,2,2,301.96,Yes
LOG-8195,ORD-5148,BlueDart Express,2025-11-10,3,2,540.95,Yes
LOG-8196,ORD-6042,Shadowfax B2B,2025-11-24,6,5,162.61,Yes
LOG-8197,ORD-7011,BlueDart Express,2025-10-23,2,5,349.96,Delayed
LOG-8198,ORD-7398,XpressBees,2025-04-07,3,4,224.89,Yes
LOG-8199,ORD-5154,Delhivery Surface,2025-11-18,2,2,587.61,Yes
LOG-8200,ORD-6960,XpressBees,2025-04-21,2,3,502.56,Yes
