store_id,store_name,owner_name,city,tier,monthly_revenue_inr,health_score,estimated_valuation_inr,created_at
STR-2001,Vyapaar Store 1,Merchant_1,Chennai,Bronze,842247,94,2579988.49,2025-06-09
STR-2002,Vyapaar Store 2,Merchant_2,Pune,Gold,1802640,66,2961215.99,2025-04-20
STR-2003,Vyapaar Store 3,Merchant_3,Bengaluru,Bronze,912226,68,1771785.3,2025-03-25
STR-2004,Vyapaar Store 4,Merchant_4,Ahmedabad,Bronze,1520890,86,4249504.31,2025-04-08
STR-2005,Vyapaar Store 5,Merchant_5,Surat,Bronze,1208103,70,2778058.97,2025-07-11
STR-2006,Vyapaar Store 6,Merchant_6,Pune,Gold,1617840,79,4214869.5,2025-07-19
STR-2007,Vyapaar Store 7,Merchant_7,Mumbai,Gold,1187181,77,3474509.62,2025-06-09
STR-2008,Vyapaar Store 8,Merchant_8,Bengaluru,Platinum,679409,95,1792335.32,2025-05-25
STR-2009,Vyapaar Store 9,Merchant_9,Ahmedabad,Bronze,1224763,88,2186497.79,2025-06-05
STR-2010,Vyapaar Store 10,Merchant_10,Delhi,Platinum,1454591,71,3612860.83,2025-03-21
STR-2011,Vyapaar Store 11,Merchant_11,Jaipur,Bronze,1813689,77,2954851.26,2025-06-26
STR-2012,Vyapaar Store 12,Merchant_12,Ahmedabad,Gold,1414929,72,4037621.96,2025-05-25
STR-2013,Vyapaar Store 13,Merchant_13,Mumbai,Silver,2384495,92,6258312.86,2025-01-18
STR-2014,Vyapaar Store 14,Merchant_14,Pune,Silver,203066,91,588477.67,2025-01-28
STR-2015,Vyapaar Store 15,Merchant_15,Hyderabad,Silver,2078286,74,4656042.62,2025-07-07
STR-2016,Vyapaar Store 16,Merchant_16,Pune,Silver,2407260,95,5513312.46,2025-07-07
STR-2017,Vyapaar Store 17,Merchant_17,Jaipur,Silver,1501843,80,4373731.36,2025-01-23
STR-2018,Vyapaar Store 18,Merchant_18,Surat,Bronze,1172837,94,2895434.77,2025-06-21
STR-2019,Vyapaar Store 19,Merchant_19,Hyderabad,Silver,270376,96,796695.28,2025-02-16
STR-2020,Vyapaar Store 20,Merchant_20,Kolkata,Platinum,1638243,81,3405212.64,2025-06-02
STR-2021,Vyapaar Store 21,Merchant_21,Surat,Gold,2316891,77,3812541.53,2025-07-04
STR-2022,Vyapaar Store 22,Merchant_22,Hyderabad,Bronze,2478577,80,6627803.82,2025-06-15
STR-2023,Vyapaar Store 23,Merchant_23,Kolkata,Bronze,222323,70,444690.57,2025-04-14
STR-2024,Vyapaar Store 24,Merchant_24,Ahmedabad,Silver,1697783,95,4144125.36,2025-03-30
STR-2025,Vyapaar Store 25,Merchant_25,Hyderabad,Silver,1625600,94,3187082.96,2025-03-06
STR-2026,Vyapaar Store 26,Merchant_26,Ahmedabad,Gold,957757,85,1631292.96,2025-05-18
STR-2027,Vyapaar Store 27,Merchant_27,Bengaluru,Platinum,1057582,95,2083488.75,2025-05-31
STR-2028,Vyapaar Store 28,Merchant_28,Pune,Silver,571637,77,1145342.75,2025-04-03
STR-2029,Vyapaar Store 29,Merchant_29,Bengaluru,Silver,209342,73,411635.3,2025-01-14
STR-2030,Vyapaar Store 30,Merchant_30,Pune,Silver,679654,96,1138011.98,2025-01-04
STR-2031,Vyapaar Store 31,Merchant_31,Jaipur,Silver,2118793,95,4764735.25,2025-02-17
STR-2032,Vyapaar Store 32,Merchant_32,Mumbai,Silver,2153741,72,6240672.59,2025-04-13
STR-2033,Vyapaar Store 33,Merchant_33,Kolkata,Gold,374852,74,657353.92,2025-05-25
STR-2034,Vyapaar Store 34,Merchant_34,Surat,Gold,1190988,72,2916401.09,2025-04-17
STR-2035,Vyapaar Store 35,Merchant_35,Jaipur,Platinum,2341828,89,5306288.56,2025-04-24
STR-2036,Vyapaar Store 36,Merchant_36,Surat,Bronze,1430857,68,3629186.42,2025-07-09
STR-2037,Vyapaar Store 37,Merchant_37,Delhi,Platinum,1035103,81,2714793.45,2025-02-10
STR-2038,Vyapaar Store 38,Merchant_38,Ahmedabad,Platinum,2465223,69,4353843.77,2025-04-15
STR-2039,Vyapaar Store 39,Merchant_39,Kolkata,Bronze,1371630,67,2597194.57,2025-06-30
STR-2040,Vyapaar Store 40,Merchant_40,Surat,Bronze,448549,79,1377336.44,2025-06-10
STR-2041,Vyapaar Store 41,Merchant_41,Jaipur,Platinum,1933162,72,4689379.41,2025-06-15
STR-2042,Vyapaar Store 42,Merchant_42,Bengaluru,Silver,746582,69,1195564.97,2025-03-20
STR-2043,Vyapaar Store 43,Merchant_43,Jaipur,Silver,1991943,72,4575067.89,2025-03-19
STR-2044,Vyapaar Store 44,Merchant_44,Hyderabad,Silver,2249132,96,5047479.7,2025-06-03
STR-2045,Vyapaar Store 45,Merchant_45,Mumbai,Bronze,1501914,81,2318910.63,2025-02-28
STR-2046,Vyapaar Store 46,Merchant_46,Jaipur,Gold,1280411,67,3581674.88,2025-02-14
STR-2047,Vyapaar Store 47,Merchant_47,Kolkata,Bronze,1316673,76,4206516.52,2025-04-22
STR-2048,Vyapaar Store 48,Merchant_48,Kolkata,Gold,2121366,87,4654683.79,2025-03-24
STR-2049,Vyapaar Store 49,Merchant_49,Delhi,Platinum,1533296,91,4108076.02,2025-03-15
STR-2050,Vyapaar Store 50,Merchant_50,Hyderabad,Gold,2057678,70,4186714.56,2025-03-24
STR-2051,Vyapaar Store 51,Merchant_51,Delhi,Bronze,2308373,65,6043372.81,2025-05-19
STR-2052,Vyapaar Store 52,Merchant_52,Kolkata,Bronze,377348,77,898596.52,2025-06-09
STR-2053,Vyapaar Store 53,Merchant_53,Kolkata,Bronze,366475,78,716090.54,2025-02-03
STR-2054,Vyapaar Store 54,Merchant_54,Surat,Bronze,2183028,72,3381680.76,2025-06-11
STR-2055,Vyapaar Store 55,Merchant_55,Jaipur,Platinum,814286,84,1983947.84,2025-05-22
STR-2056,Vyapaar Store 56,Merchant_56,Hyderabad,Gold,1092462,72,2495687.29,2025-01-31
STR-2057,Vyapaar Store 57,Merchant_57,Bengaluru,Bronze,1374156,97,3709121.56,2025-04-17
STR-2058,Vyapaar Store 58,Merchant_58,Kolkata,Bronze,1172281,94,2857025.38,2025-04-09
STR-2059,Vyapaar Store 59,Merchant_59,Ahmedabad,Platinum,442804,82,1245850.19,2025-04-17
STR-2060,Vyapaar Store 60,Merchant_60,Chennai,Silver,160759,83,439561.19,2025-05-31
STR-2061,Vyapaar Store 61,Merchant_61,Jaipur,Bronze,773254,93,1867862.3,2025-03-30
STR-2062,Vyapaar Store 62,Merchant_62,Chennai,Bronze,2059853,85,6134907.28,2025-06-28
STR-2063,Vyapaar Store 63,Merchant_63,Ahmedabad,Bronze,1129631,91,1778265.58,2025-07-10
STR-2064,Vyapaar Store 64,Merchant_64,Kolkata,Bronze,1769331,74,4143877.07,2025-01-10
STR-2065,Vyapaar Store 65,Merchant_65,Bengaluru,Silver,570959,93,953221.7,2025-04-27
STR-2066,Vyapaar Store 66,Merchant_66,Mumbai,Platinum,1869574,74,3042185.81,2025-07-20
STR-2067,Vyapaar Store 67,Merchant_67,Surat,Silver,1817165,70,5357004.23,2025-06-22
STR-2068,Vyapaar Store 68,Merchant_68,Pune,Bronze,1478173,96,4409465.64,2025-01-10
STR-2069,Vyapaar Store 69,Merchant_69,Jaipur,Gold,1134697,83,3626065.04,2025-07-11
STR-2070,Vyapaar Store 70,Merchant_70,Delhi,Bronze,562900,71,1268919.32,2025-06-27
STR-2071,Vyapaar Store 71,Merchant_71,Surat,Gold,342900,85,978445.91,2025-03-17
STR-2072,Vyapaar Store 72,Merchant_72,Chennai,Silver,1956431,74,3746830.72,2025-04-16
STR-2073,Vyapaar Store 73,Merchant_73,Jaipur,Platinum,862963,76,1410294.0,2025-04-08
STR-2074,Vyapaar Store 74,Merchant_74,Jaipur,Platinum,2237367,74,4239184.8,2025-06-13
STR-2075,Vyapaar Store 75,Merchant_75,Surat,Bronze,1220917,65,3697113.1,2025-04-30
STR-2076,Vyapaar Store 76,Merchant_76,Surat,Platinum,459799,93,1428549.78,2025-05-31
STR-2077,Vyapaar Store 77,Merchant_77,Surat,Bronze,1198987,94,3521444.81,2025-02-20
STR-2078,Vyapaar Store 78,Merchant_78,Hyderabad,Bronze,597336,80,1283268.46,2025-04-02
STR-2079,Vyapaar Store 79,Merchant_79,Jaipur,Silver,1388287,66,4390465.44,2025-06-18
STR-2080,Vyapaar Store 80,Merchant_80,Hyderabad,Silver,183965,68,560734.3,2025-07-10
STR-2081,Vyapaar Store 81,Merchant_81,Kolkata,Silver,1115186,87,2087971.35,2025-02-18
STR-2082,Vyapaar Store 82,Merchant_82,Jaipur,Silver,723693,71,2196977.29,2025-06-15
STR-2083,Vyapaar Store 83,Merchant_83,Mumbai,Silver,1998946,67,4967931.46,2025-07-07
STR-2084,Vyapaar Store 84,Merchant_84,Bengaluru,Gold,1387782,85,3845151.83,2025-02-14
STR-2085,Vyapaar Store 85,Merchant_85,Ahmedabad,Platinum,2412440,88,5795764.15,2025-03-11
STR-2086,Vyapaar Store 86,Merchant_86,Bengaluru,Silver,2171016,83,6011870.9,2025-03-28
STR-2087,Vyapaar Store 87,Merchant_87,Delhi,Bronze,465828,74,1295960.3,2025-02-27
STR-2088,Vyapaar Store 88,Merchant_88,Hyderabad,Silver,528757,90,805646.8,2025-05-18
STR-2089,Vyapaar Store 89,Merchant_89,Delhi,Bronze,1695960,81,4229303.91,2025-06-13
STR-2090,Vyapaar Store 90,Merchant_90,Chennai,Gold,1130720,95,1744182.98,2025-05-24
STR-2091,Vyapaar Store 91,Merchant_91,Chennai,Platinum,415151,94,1264532.92,2025-03-19
STR-2092,Vyapaar Store 92,Merchant_92,Hyderabad,Gold,736267,67,2288792.44,2025-03-19
STR-2093,Vyapaar Store 93,Merchant_93,Kolkata,Gold,557652,80,1677607.28,2025-02-04
STR-2094,Vyapaar Store 94,Merchant_94,Hyderabad,Bronze,1706135,91,4262741.76,2025-07-06
STR-2095,Vyapaar Store 95,Merchant_95,Bengaluru,Bronze,565326,96,1439664.15,2025-03-13
STR-2096,Vyapaar Store 96,Merchant_96,Mumbai,Silver,1061295,93,2394263.44,2025-03-02
STR-2097,Vyapaar Store 97,Merchant_97,Chennai,Gold,1690714,87,2710104.9,2025-03-12
STR-2098,Vyapaar Store 98,Merchant_98,Ahmedabad,Gold,2057222,70,5403719.13,2025-06-14
STR-2099,Vyapaar Store 99,Merchant_99,Jaipur,Gold,362141,86,693162.18,2025-02-02
STR-2100,Vyapaar Store 100,Merchant_100,Jaipur,Platinum,437771,78,1093049.07,2025-03-01
